{
  "CAGR": 6159.143952006714,
  "Sharpe": 12.481595955921922,
  "maxDD": -0.9293600250009684,
  "turnover": 9.849639546858908,
  "win_rate": 0.7280949393559181,
  "avg_hold_days": 10.0
}