fee_label,total_bps,sharpe,cagr,max_dd
realistic,26.1,20.422835712705364,33113.3892742234,-0.8926848452788311
sweep_10bps,10.0,21.68969435809933,70853.29205273782,-0.6706920016244775
sweep_25bps,25.0,20.510487854063925,34879.87061092959,-0.8831990655307763
sweep_50bps,50.0,18.479315691289084,10704.680921893296,-0.9849092822566146
sweep_75bps,75.0,16.36851691147524,3284.680810106249,-0.9982068739394798
