metric,in_sample,out_of_sample,gap,gap_pct
return_ic,0.39305733945538246,0.39305733945538246,0.0,0.0
rank_ic,0.6740401338529466,0.6740401338529466,0.0,0.0
decile_ic,1.2468652301719876,1.2468652301719876,0.0,0.0
