factor,feature_count,ic,rank_ic,max_correlation
risk_factor,13,0.020245329602521265,0.02333491442194871,0.26658941997999624
liquidity_factor,5,0.0027834356709436877,0.003597559547767249,0.26658941997999624
momentum_factor,25,-0.0039324059894555365,0.0011427258917793232,0.24450998085147677
