{
  "CAGR": -0.4487124562914492,
  "Sharpe": -1.851013312738473,
  "maxDD": -0.9979616198357408,
  "turnover": 9.374083129584353,
  "win_rate": 0.4731351069379238,
  "avg_hold_days": 10.0
}