date,yield
2010-01-01,7.91
2010-01-02,7.91
2010-01-03,7.91
2010-01-04,7.91
2010-01-05,7.91
2010-01-06,7.91
2010-01-07,7.91
2010-01-08,7.91
2010-01-09,7.91
2010-01-10,7.91
2010-01-11,7.91
2010-01-12,7.91
2010-01-13,7.91
2010-01-14,7.91
2010-01-15,7.91
2010-01-16,7.91
2010-01-17,7.91
2010-01-18,7.91
2010-01-19,7.91
2010-01-20,7.91
2010-01-21,7.91
2010-01-22,7.91
2010-01-23,7.91
2010-01-24,7.91
2010-01-25,7.91
2010-01-26,7.91
2010-01-27,7.91
2010-01-28,7.91
2010-01-29,7.91
2010-01-30,7.91
2010-01-31,7.91
2010-02-01,7.91
2010-02-02,7.91
2010-02-03,7.91
2010-02-04,7.91
2010-02-05,7.91
2010-02-06,7.91
2010-02-07,7.91
2010-02-08,7.91
2010-02-09,7.91
2010-02-10,7.91
2010-02-11,7.91
2010-02-12,7.91
2010-02-13,7.91
2010-02-14,7.91
2010-02-15,7.91
2010-02-16,7.91
2010-02-17,7.91
2010-02-18,7.91
2010-02-19,7.91
2010-02-20,7.91
2010-02-21,7.91
2010-02-22,7.91
2010-02-23,7.91
2010-02-24,7.91
2010-02-25,7.91
2010-02-26,7.91
2010-02-27,7.91
2010-02-28,7.91
2010-03-01,7.91
2010-03-02,7.91
2010-03-03,7.91
2010-03-04,7.91
2010-03-05,7.91
2010-03-06,7.91
2010-03-07,7.91
2010-03-08,7.91
2010-03-09,7.91
2010-03-10,7.91
2010-03-11,7.91
2010-03-12,7.91
2010-03-13,7.91
2010-03-14,7.91
2010-03-15,7.91
2010-03-16,7.91
2010-03-17,7.91
2010-03-18,7.91
2010-03-19,7.91
2010-03-20,7.91
2010-03-21,7.91
2010-03-22,7.91
2010-03-23,7.91
2010-03-24,7.91
2010-03-25,7.91
2010-03-26,7.91
2010-03-27,7.91
2010-03-28,7.91
2010-03-29,7.91
2010-03-30,7.91
2010-03-31,7.91
2010-04-01,7.91
2010-04-02,7.91
2010-04-03,7.91
2010-04-04,7.91
2010-04-05,7.91
2010-04-06,7.91
2010-04-07,7.91
2010-04-08,7.91
2010-04-09,7.91
2010-04-10,7.91
2010-04-11,7.91
2010-04-12,7.91
2010-04-13,7.91
2010-04-14,7.91
2010-04-15,7.91
2010-04-16,7.91
2010-04-17,7.91
2010-04-18,7.91
2010-04-19,7.91
2010-04-20,7.91
2010-04-21,7.91
2010-04-22,7.91
2010-04-23,7.91
2010-04-24,7.91
2010-04-25,7.91
2010-04-26,7.91
2010-04-27,7.91
2010-04-28,7.91
2010-04-29,7.91
2010-04-30,7.91
2010-05-01,7.91
2010-05-02,7.91
2010-05-03,7.91
2010-05-04,7.91
2010-05-05,7.91
2010-05-06,7.91
2010-05-07,7.91
2010-05-08,7.91
2010-05-09,7.91
2010-05-10,7.91
2010-05-11,7.91
2010-05-12,7.91
2010-05-13,7.91
2010-05-14,7.91
2010-05-15,7.91
2010-05-16,7.91
2010-05-17,7.91
2010-05-18,7.91
2010-05-19,7.91
2010-05-20,7.91
2010-05-21,7.91
2010-05-22,7.91
2010-05-23,7.91
2010-05-24,7.91
2010-05-25,7.91
2010-05-26,7.91
2010-05-27,7.91
2010-05-28,7.91
2010-05-29,7.91
2010-05-30,7.91
2010-05-31,7.91
2010-06-01,7.91
2010-06-02,7.91
2010-06-03,7.91
2010-06-04,7.91
2010-06-05,7.91
2010-06-06,7.91
2010-06-07,7.91
2010-06-08,7.91
2010-06-09,7.91
2010-06-10,7.91
2010-06-11,7.91
2010-06-12,7.91
2010-06-13,7.91
2010-06-14,7.91
2010-06-15,7.91
2010-06-16,7.91
2010-06-17,7.91
2010-06-18,7.91
2010-06-19,7.91
2010-06-20,7.91
2010-06-21,7.91
2010-06-22,7.91
2010-06-23,7.91
2010-06-24,7.91
2010-06-25,7.91
2010-06-26,7.91
2010-06-27,7.91
2010-06-28,7.91
2010-06-29,7.91
2010-06-30,7.91
2010-07-01,7.911205479452055
2010-07-02,7.912410958904109
2010-07-03,7.913616438356165
2010-07-04,7.9148219178082195
2010-07-05,7.916027397260274
2010-07-06,7.917232876712329
2010-07-07,7.918438356164383
2010-07-08,7.919643835616439
2010-07-09,7.9208493150684935
2010-07-10,7.922054794520548
2010-07-11,7.923260273972603
2010-07-12,7.924465753424657
2010-07-13,7.925671232876712
2010-07-14,7.926876712328768
2010-07-15,7.928082191780822
2010-07-16,7.929287671232877
2010-07-17,7.930493150684931
2010-07-18,7.931698630136986
2010-07-19,7.932904109589042
2010-07-20,7.934109589041096
2010-07-21,7.935315068493151
2010-07-22,7.9365205479452055
2010-07-23,7.93772602739726
2010-07-24,7.938931506849316
2010-07-25,7.94013698630137
2010-07-26,7.941342465753425
2010-07-27,7.9425479452054795
2010-07-28,7.943753424657534
2010-07-29,7.944958904109589
2010-07-30,7.946164383561644
2010-07-31,7.947369863013699
2010-08-01,7.9485753424657535
2010-08-02,7.949780821917808
2010-08-03,7.950986301369863
2010-08-04,7.952191780821918
2010-08-05,7.953397260273973
2010-08-06,7.9546027397260275
2010-08-07,7.955808219178082
2010-08-08,7.957013698630137
2010-08-09,7.958219178082192
2010-08-10,7.959424657534247
2010-08-11,7.9606301369863015
2010-08-12,7.961835616438356
2010-08-13,7.963041095890411
2010-08-14,7.964246575342466
2010-08-15,7.965452054794521
2010-08-16,7.9666575342465755
2010-08-17,7.96786301369863
2010-08-18,7.969068493150685
2010-08-19,7.970273972602739
2010-08-20,7.971479452054795
2010-08-21,7.9726849315068495
2010-08-22,7.973890410958904
2010-08-23,7.975095890410959
2010-08-24,7.976301369863013
2010-08-25,7.977506849315069
2010-08-26,7.9787123287671236
2010-08-27,7.979917808219178
2010-08-28,7.981123287671233
2010-08-29,7.982328767123287
2010-08-30,7.983534246575343
2010-08-31,7.984739726027398
2010-09-01,7.985945205479452
2010-09-02,7.987150684931507
2010-09-03,7.988356164383561
2010-09-04,7.989561643835616
2010-09-05,7.990767123287672
2010-09-06,7.991972602739726
2010-09-07,7.993178082191781
2010-09-08,7.9943835616438355
2010-09-09,7.99558904109589
2010-09-10,7.996794520547946
2010-09-11,7.998
2010-09-12,7.999205479452055
2010-09-13,8.00041095890411
2010-09-14,8.001616438356164
2010-09-15,8.00282191780822
2010-09-16,8.004027397260273
2010-09-17,8.005232876712329
2010-09-18,8.006438356164384
2010-09-19,8.007643835616438
2010-09-20,8.008849315068494
2010-09-21,8.010054794520547
2010-09-22,8.011260273972603
2010-09-23,8.012465753424658
2010-09-24,8.013671232876712
2010-09-25,8.014876712328768
2010-09-26,8.016082191780821
2010-09-27,8.017287671232877
2010-09-28,8.018493150684932
2010-09-29,8.019698630136986
2010-09-30,8.020904109589042
2010-10-01,8.022109589041095
2010-10-02,8.023315068493151
2010-10-03,8.024520547945205
2010-10-04,8.02572602739726
2010-10-05,8.026931506849316
2010-10-06,8.02813698630137
2010-10-07,8.029342465753425
2010-10-08,8.030547945205479
2010-10-09,8.031753424657534
2010-10-10,8.03295890410959
2010-10-11,8.034164383561643
2010-10-12,8.035369863013699
2010-10-13,8.036575342465753
2010-10-14,8.037780821917808
2010-10-15,8.038986301369864
2010-10-16,8.040191780821917
2010-10-17,8.041397260273973
2010-10-18,8.042602739726027
2010-10-19,8.043808219178082
2010-10-20,8.045013698630138
2010-10-21,8.046219178082191
2010-10-22,8.047424657534247
2010-10-23,8.0486301369863
2010-10-24,8.049835616438356
2010-10-25,8.051041095890412
2010-10-26,8.052246575342465
2010-10-27,8.053452054794521
2010-10-28,8.054657534246575
2010-10-29,8.05586301369863
2010-10-30,8.057068493150686
2010-10-31,8.05827397260274
2010-11-01,8.059479452054795
2010-11-02,8.060684931506849
2010-11-03,8.061890410958904
2010-11-04,8.063095890410958
2010-11-05,8.064301369863013
2010-11-06,8.065506849315069
2010-11-07,8.066712328767123
2010-11-08,8.067917808219178
2010-11-09,8.069123287671232
2010-11-10,8.070328767123288
2010-11-11,8.071534246575343
2010-11-12,8.072739726027397
2010-11-13,8.073945205479452
2010-11-14,8.075150684931506
2010-11-15,8.076356164383562
2010-11-16,8.077561643835617
2010-11-17,8.07876712328767
2010-11-18,8.079972602739726
2010-11-19,8.08117808219178
2010-11-20,8.082383561643836
2010-11-21,8.083589041095891
2010-11-22,8.084794520547945
2010-11-23,8.086
2010-11-24,8.087205479452054
2010-11-25,8.08841095890411
2010-11-26,8.089616438356165
2010-11-27,8.090821917808219
2010-11-28,8.092027397260274
2010-11-29,8.093232876712328
2010-11-30,8.094438356164384
2010-12-01,8.095643835616439
2010-12-02,8.096849315068493
2010-12-03,8.098054794520548
2010-12-04,8.099260273972602
2010-12-05,8.100465753424658
2010-12-06,8.101671232876713
2010-12-07,8.102876712328767
2010-12-08,8.104082191780822
2010-12-09,8.105287671232876
2010-12-10,8.106493150684932
2010-12-11,8.107698630136985
2010-12-12,8.10890410958904
2010-12-13,8.110109589041096
2010-12-14,8.11131506849315
2010-12-15,8.112520547945206
2010-12-16,8.11372602739726
2010-12-17,8.114931506849315
2010-12-18,8.11613698630137
2010-12-19,8.117342465753424
2010-12-20,8.11854794520548
2010-12-21,8.119753424657533
2010-12-22,8.120958904109589
2010-12-23,8.122164383561644
2010-12-24,8.123369863013698
2010-12-25,8.124575342465754
2010-12-26,8.125780821917807
2010-12-27,8.126986301369863
2010-12-28,8.128191780821918
2010-12-29,8.129397260273972
2010-12-30,8.130602739726028
2010-12-31,8.131808219178081
2011-01-01,8.133013698630137
2011-01-02,8.134219178082192
2011-01-03,8.135424657534246
2011-01-04,8.136630136986302
2011-01-05,8.137835616438355
2011-01-06,8.139041095890411
2011-01-07,8.140246575342466
2011-01-08,8.14145205479452
2011-01-09,8.142657534246576
2011-01-10,8.14386301369863
2011-01-11,8.145068493150685
2011-01-12,8.14627397260274
2011-01-13,8.147479452054794
2011-01-14,8.14868493150685
2011-01-15,8.149890410958903
2011-01-16,8.151095890410959
2011-01-17,8.152301369863013
2011-01-18,8.153506849315068
2011-01-19,8.154712328767124
2011-01-20,8.155917808219177
2011-01-21,8.157123287671233
2011-01-22,8.158328767123287
2011-01-23,8.159534246575342
2011-01-24,8.160739726027398
2011-01-25,8.161945205479451
2011-01-26,8.163150684931507
2011-01-27,8.16435616438356
2011-01-28,8.165561643835616
2011-01-29,8.166767123287672
2011-01-30,8.167972602739725
2011-01-31,8.169178082191781
2011-02-01,8.170383561643835
2011-02-02,8.17158904109589
2011-02-03,8.172794520547946
2011-02-04,8.174
2011-02-05,8.175205479452055
2011-02-06,8.176410958904109
2011-02-07,8.177616438356164
2011-02-08,8.17882191780822
2011-02-09,8.180027397260274
2011-02-10,8.181232876712329
2011-02-11,8.182438356164383
2011-02-12,8.183643835616438
2011-02-13,8.184849315068494
2011-02-14,8.186054794520548
2011-02-15,8.187260273972603
2011-02-16,8.188465753424657
2011-02-17,8.189671232876712
2011-02-18,8.190876712328768
2011-02-19,8.192082191780822
2011-02-20,8.193287671232877
2011-02-21,8.19449315068493
2011-02-22,8.195698630136986
2011-02-23,8.19690410958904
2011-02-24,8.198109589041096
2011-02-25,8.199315068493151
2011-02-26,8.200520547945205
2011-02-27,8.20172602739726
2011-02-28,8.202931506849314
2011-03-01,8.20413698630137
2011-03-02,8.205342465753425
2011-03-03,8.206547945205479
2011-03-04,8.207753424657534
2011-03-05,8.208958904109588
2011-03-06,8.210164383561644
2011-03-07,8.211369863013699
2011-03-08,8.212575342465753
2011-03-09,8.213780821917808
2011-03-10,8.214986301369862
2011-03-11,8.216191780821918
2011-03-12,8.217397260273973
2011-03-13,8.218602739726027
2011-03-14,8.219808219178082
2011-03-15,8.221013698630136
2011-03-16,8.222219178082192
2011-03-17,8.223424657534247
2011-03-18,8.2246301369863
2011-03-19,8.225835616438356
2011-03-20,8.22704109589041
2011-03-21,8.228246575342466
2011-03-22,8.229452054794521
2011-03-23,8.230657534246575
2011-03-24,8.23186301369863
2011-03-25,8.233068493150684
2011-03-26,8.23427397260274
2011-03-27,8.235479452054795
2011-03-28,8.236684931506849
2011-03-29,8.237890410958904
2011-03-30,8.239095890410958
2011-03-31,8.240301369863014
2011-04-01,8.241506849315067
2011-04-02,8.242712328767123
2011-04-03,8.243917808219178
2011-04-04,8.245123287671232
2011-04-05,8.246328767123288
2011-04-06,8.247534246575341
2011-04-07,8.248739726027397
2011-04-08,8.249945205479452
2011-04-09,8.251150684931506
2011-04-10,8.252356164383562
2011-04-11,8.253561643835615
2011-04-12,8.254767123287671
2011-04-13,8.255972602739726
2011-04-14,8.25717808219178
2011-04-15,8.258383561643836
2011-04-16,8.25958904109589
2011-04-17,8.260794520547945
2011-04-18,8.262
2011-04-19,8.263205479452054
2011-04-20,8.26441095890411
2011-04-21,8.265616438356163
2011-04-22,8.266821917808219
2011-04-23,8.268027397260274
2011-04-24,8.269232876712328
2011-04-25,8.270438356164384
2011-04-26,8.271643835616437
2011-04-27,8.272849315068493
2011-04-28,8.274054794520548
2011-04-29,8.275260273972602
2011-04-30,8.276465753424658
2011-05-01,8.277671232876711
2011-05-02,8.278876712328767
2011-05-03,8.280082191780822
2011-05-04,8.281287671232876
2011-05-05,8.282493150684932
2011-05-06,8.283698630136985
2011-05-07,8.284904109589041
2011-05-08,8.286109589041095
2011-05-09,8.28731506849315
2011-05-10,8.288520547945206
2011-05-11,8.28972602739726
2011-05-12,8.290931506849315
2011-05-13,8.292136986301369
2011-05-14,8.293342465753424
2011-05-15,8.29454794520548
2011-05-16,8.295753424657534
2011-05-17,8.296958904109589
2011-05-18,8.298164383561643
2011-05-19,8.299369863013698
2011-05-20,8.300575342465754
2011-05-21,8.301780821917808
2011-05-22,8.302986301369863
2011-05-23,8.304191780821917
2011-05-24,8.305397260273972
2011-05-25,8.306602739726028
2011-05-26,8.307808219178082
2011-05-27,8.309013698630137
2011-05-28,8.31021917808219
2011-05-29,8.311424657534246
2011-05-30,8.312630136986302
2011-05-31,8.313835616438356
2011-06-01,8.315041095890411
2011-06-02,8.316246575342465
2011-06-03,8.31745205479452
2011-06-04,8.318657534246576
2011-06-05,8.31986301369863
2011-06-06,8.321068493150685
2011-06-07,8.322273972602739
2011-06-08,8.323479452054794
2011-06-09,8.32468493150685
2011-06-10,8.325890410958904
2011-06-11,8.327095890410959
2011-06-12,8.328301369863013
2011-06-13,8.329506849315068
2011-06-14,8.330712328767122
2011-06-15,8.331917808219178
2011-06-16,8.333123287671233
2011-06-17,8.334328767123287
2011-06-18,8.335534246575342
2011-06-19,8.336739726027396
2011-06-20,8.337945205479452
2011-06-21,8.339150684931507
2011-06-22,8.34035616438356
2011-06-23,8.341561643835616
2011-06-24,8.34276712328767
2011-06-25,8.343972602739726
2011-06-26,8.345178082191781
2011-06-27,8.346383561643835
2011-06-28,8.34758904109589
2011-06-29,8.348794520547944
2011-06-30,8.35
2011-07-01,8.349071038251365
2011-07-02,8.348142076502732
2011-07-03,8.347213114754098
2011-07-04,8.346284153005465
2011-07-05,8.34535519125683
2011-07-06,8.344426229508196
2011-07-07,8.343497267759563
2011-07-08,8.342568306010929
2011-07-09,8.341639344262294
2011-07-10,8.340710382513661
2011-07-11,8.339781420765027
2011-07-12,8.338852459016394
2011-07-13,8.33792349726776
2011-07-14,8.336994535519125
2011-07-15,8.336065573770492
2011-07-16,8.335136612021858
2011-07-17,8.334207650273223
2011-07-18,8.33327868852459
2011-07-19,8.332349726775956
2011-07-20,8.331420765027323
2011-07-21,8.330491803278688
2011-07-22,8.329562841530054
2011-07-23,8.328633879781421
2011-07-24,8.327704918032786
2011-07-25,8.326775956284152
2011-07-26,8.32584699453552
2011-07-27,8.324918032786885
2011-07-28,8.323989071038252
2011-07-29,8.323060109289617
2011-07-30,8.322131147540983
2011-07-31,8.32120218579235
2011-08-01,8.320273224043715
2011-08-02,8.31934426229508
2011-08-03,8.318415300546448
2011-08-04,8.317486338797814
2011-08-05,8.31655737704918
2011-08-06,8.315628415300546
2011-08-07,8.314699453551912
2011-08-08,8.313770491803279
2011-08-09,8.312841530054644
2011-08-10,8.31191256830601
2011-08-11,8.310983606557377
2011-08-12,8.310054644808742
2011-08-13,8.30912568306011
2011-08-14,8.308196721311475
2011-08-15,8.30726775956284
2011-08-16,8.306338797814208
2011-08-17,8.305409836065573
2011-08-18,8.304480874316939
2011-08-19,8.303551912568306
2011-08-20,8.302622950819671
2011-08-21,8.301693989071039
2011-08-22,8.300765027322404
2011-08-23,8.29983606557377
2011-08-24,8.298907103825137
2011-08-25,8.297978142076502
2011-08-26,8.297049180327868
2011-08-27,8.296120218579235
2011-08-28,8.2951912568306
2011-08-29,8.294262295081968
2011-08-30,8.293333333333333
2011-08-31,8.292404371584698
2011-09-01,8.291475409836066
2011-09-02,8.290546448087431
2011-09-03,8.289617486338798
2011-09-04,8.288688524590164
2011-09-05,8.28775956284153
2011-09-06,8.286830601092896
2011-09-07,8.285901639344262
2011-09-08,8.284972677595627
2011-09-09,8.284043715846995
2011-09-10,8.28311475409836
2011-09-11,8.282185792349727
2011-09-12,8.281256830601093
2011-09-13,8.280327868852458
2011-09-14,8.279398907103825
2011-09-15,8.27846994535519
2011-09-16,8.277540983606556
2011-09-17,8.276612021857924
2011-09-18,8.275683060109289
2011-09-19,8.274754098360656
2011-09-20,8.273825136612022
2011-09-21,8.272896174863387
2011-09-22,8.271967213114754
2011-09-23,8.27103825136612
2011-09-24,8.270109289617485
2011-09-25,8.269180327868852
2011-09-26,8.268251366120218
2011-09-27,8.267322404371585
2011-09-28,8.26639344262295
2011-09-29,8.265464480874316
2011-09-30,8.264535519125683
2011-10-01,8.263606557377049
2011-10-02,8.262677595628414
2011-10-03,8.261748633879781
2011-10-04,8.260819672131147
2011-10-05,8.259890710382514
2011-10-06,8.25896174863388
2011-10-07,8.258032786885245
2011-10-08,8.257103825136612
2011-10-09,8.256174863387978
2011-10-10,8.255245901639343
2011-10-11,8.25431693989071
2011-10-12,8.253387978142076
2011-10-13,8.252459016393443
2011-10-14,8.251530054644808
2011-10-15,8.250601092896174
2011-10-16,8.249672131147541
2011-10-17,8.248743169398907
2011-10-18,8.247814207650272
2011-10-19,8.24688524590164
2011-10-20,8.245956284153005
2011-10-21,8.245027322404372
2011-10-22,8.244098360655737
2011-10-23,8.243169398907103
2011-10-24,8.24224043715847
2011-10-25,8.241311475409836
2011-10-26,8.240382513661201
2011-10-27,8.239453551912568
2011-10-28,8.238524590163934
2011-10-29,8.237595628415301
2011-10-30,8.236666666666666
2011-10-31,8.235737704918032
2011-11-01,8.234808743169399
2011-11-02,8.233879781420764
2011-11-03,8.232950819672132
2011-11-04,8.232021857923497
2011-11-05,8.231092896174863
2011-11-06,8.23016393442623
2011-11-07,8.229234972677595
2011-11-08,8.22830601092896
2011-11-09,8.227377049180328
2011-11-10,8.226448087431693
2011-11-11,8.22551912568306
2011-11-12,8.224590163934426
2011-11-13,8.223661202185792
2011-11-14,8.222732240437159
2011-11-15,8.221803278688524
2011-11-16,8.22087431693989
2011-11-17,8.219945355191257
2011-11-18,8.219016393442622
2011-11-19,8.21808743169399
2011-11-20,8.217158469945355
2011-11-21,8.21622950819672
2011-11-22,8.215300546448088
2011-11-23,8.214371584699453
2011-11-24,8.213442622950819
2011-11-25,8.212513661202186
2011-11-26,8.211584699453551
2011-11-27,8.210655737704919
2011-11-28,8.209726775956284
2011-11-29,8.20879781420765
2011-11-30,8.207868852459017
2011-12-01,8.206939890710382
2011-12-02,8.206010928961748
2011-12-03,8.205081967213115
2011-12-04,8.20415300546448
2011-12-05,8.203224043715847
2011-12-06,8.202295081967213
2011-12-07,8.201366120218578
2011-12-08,8.200437158469946
2011-12-09,8.199508196721311
2011-12-10,8.198579234972676
2011-12-11,8.197650273224044
2011-12-12,8.19672131147541
2011-12-13,8.195792349726776
2011-12-14,8.194863387978142
2011-12-15,8.193934426229507
2011-12-16,8.193005464480875
2011-12-17,8.19207650273224
2011-12-18,8.191147540983605
2011-12-19,8.190218579234973
2011-12-20,8.189289617486338
2011-12-21,8.188360655737705
2011-12-22,8.18743169398907
2011-12-23,8.186502732240436
2011-12-24,8.185573770491803
2011-12-25,8.184644808743169
2011-12-26,8.183715846994534
2011-12-27,8.182786885245902
2011-12-28,8.181857923497267
2011-12-29,8.180928961748634
2011-12-30,8.18
2011-12-31,8.179071038251365
2012-01-01,8.178142076502732
2012-01-02,8.177213114754098
2012-01-03,8.176284153005465
2012-01-04,8.17535519125683
2012-01-05,8.174426229508196
2012-01-06,8.173497267759563
2012-01-07,8.172568306010929
2012-01-08,8.171639344262294
2012-01-09,8.170710382513661
2012-01-10,8.169781420765027
2012-01-11,8.168852459016394
2012-01-12,8.16792349726776
2012-01-13,8.166994535519125
2012-01-14,8.166065573770492
2012-01-15,8.165136612021858
2012-01-16,8.164207650273223
2012-01-17,8.16327868852459
2012-01-18,8.162349726775956
2012-01-19,8.161420765027323
2012-01-20,8.160491803278688
2012-01-21,8.159562841530054
2012-01-22,8.158633879781421
2012-01-23,8.157704918032787
2012-01-24,8.156775956284152
2012-01-25,8.15584699453552
2012-01-26,8.154918032786885
2012-01-27,8.153989071038252
2012-01-28,8.153060109289617
2012-01-29,8.152131147540983
2012-01-30,8.15120218579235
2012-01-31,8.150273224043715
2012-02-01,8.149344262295081
2012-02-02,8.148415300546448
2012-02-03,8.147486338797814
2012-02-04,8.14655737704918
2012-02-05,8.145628415300546
2012-02-06,8.144699453551912
2012-02-07,8.143770491803279
2012-02-08,8.142841530054644
2012-02-09,8.14191256830601
2012-02-10,8.140983606557377
2012-02-11,8.140054644808743
2012-02-12,8.13912568306011
2012-02-13,8.138196721311475
2012-02-14,8.13726775956284
2012-02-15,8.136338797814208
2012-02-16,8.135409836065573
2012-02-17,8.134480874316939
2012-02-18,8.133551912568306
2012-02-19,8.132622950819671
2012-02-20,8.131693989071039
2012-02-21,8.130765027322404
2012-02-22,8.12983606557377
2012-02-23,8.128907103825137
2012-02-24,8.127978142076502
2012-02-25,8.127049180327868
2012-02-26,8.126120218579235
2012-02-27,8.1251912568306
2012-02-28,8.124262295081968
2012-02-29,8.123333333333333
2012-03-01,8.122404371584699
2012-03-02,8.121475409836066
2012-03-03,8.120546448087431
2012-03-04,8.119617486338798
2012-03-05,8.118688524590164
2012-03-06,8.11775956284153
2012-03-07,8.116830601092897
2012-03-08,8.115901639344262
2012-03-09,8.114972677595627
2012-03-10,8.114043715846995
2012-03-11,8.11311475409836
2012-03-12,8.112185792349727
2012-03-13,8.111256830601093
2012-03-14,8.110327868852458
2012-03-15,8.109398907103825
2012-03-16,8.108469945355191
2012-03-17,8.107540983606556
2012-03-18,8.106612021857924
2012-03-19,8.105683060109289
2012-03-20,8.104754098360656
2012-03-21,8.103825136612022
2012-03-22,8.102896174863387
2012-03-23,8.101967213114754
2012-03-24,8.10103825136612
2012-03-25,8.100109289617485
2012-03-26,8.099180327868853
2012-03-27,8.098251366120218
2012-03-28,8.097322404371585
2012-03-29,8.09639344262295
2012-03-30,8.095464480874316
2012-03-31,8.094535519125683
2012-04-01,8.093606557377049
2012-04-02,8.092677595628414
2012-04-03,8.091748633879781
2012-04-04,8.090819672131147
2012-04-05,8.089890710382514
2012-04-06,8.08896174863388
2012-04-07,8.088032786885245
2012-04-08,8.087103825136612
2012-04-09,8.086174863387978
2012-04-10,8.085245901639343
2012-04-11,8.08431693989071
2012-04-12,8.083387978142076
2012-04-13,8.082459016393443
2012-04-14,8.081530054644809
2012-04-15,8.080601092896174
2012-04-16,8.079672131147541
2012-04-17,8.078743169398907
2012-04-18,8.077814207650272
2012-04-19,8.07688524590164
2012-04-20,8.075956284153005
2012-04-21,8.075027322404372
2012-04-22,8.074098360655737
2012-04-23,8.073169398907103
2012-04-24,8.07224043715847
2012-04-25,8.071311475409836
2012-04-26,8.070382513661201
2012-04-27,8.069453551912568
2012-04-28,8.068524590163934
2012-04-29,8.067595628415301
2012-04-30,8.066666666666666
2012-05-01,8.065737704918032
2012-05-02,8.064808743169399
2012-05-03,8.063879781420765
2012-05-04,8.06295081967213
2012-05-05,8.062021857923497
2012-05-06,8.061092896174863
2012-05-07,8.06016393442623
2012-05-08,8.059234972677595
2012-05-09,8.05830601092896
2012-05-10,8.057377049180328
2012-05-11,8.056448087431693
2012-05-12,8.05551912568306
2012-05-13,8.054590163934426
2012-05-14,8.053661202185792
2012-05-15,8.052732240437159
2012-05-16,8.051803278688524
2012-05-17,8.05087431693989
2012-05-18,8.049945355191257
2012-05-19,8.049016393442622
2012-05-20,8.04808743169399
2012-05-21,8.047158469945355
2012-05-22,8.04622950819672
2012-05-23,8.045300546448088
2012-05-24,8.044371584699453
2012-05-25,8.043442622950819
2012-05-26,8.042513661202186
2012-05-27,8.041584699453551
2012-05-28,8.040655737704919
2012-05-29,8.039726775956284
2012-05-30,8.03879781420765
2012-05-31,8.037868852459017
2012-06-01,8.036939890710382
2012-06-02,8.036010928961748
2012-06-03,8.035081967213115
2012-06-04,8.03415300546448
2012-06-05,8.033224043715848
2012-06-06,8.032295081967213
2012-06-07,8.031366120218578
2012-06-08,8.030437158469946
2012-06-09,8.029508196721311
2012-06-10,8.028579234972677
2012-06-11,8.027650273224044
2012-06-12,8.02672131147541
2012-06-13,8.025792349726776
2012-06-14,8.024863387978142
2012-06-15,8.023934426229507
2012-06-16,8.023005464480875
2012-06-17,8.02207650273224
2012-06-18,8.021147540983605
2012-06-19,8.020218579234973
2012-06-20,8.019289617486338
2012-06-21,8.018360655737705
2012-06-22,8.01743169398907
2012-06-23,8.016502732240436
2012-06-24,8.015573770491804
2012-06-25,8.014644808743169
2012-06-26,8.013715846994534
2012-06-27,8.012786885245902
2012-06-28,8.011857923497267
2012-06-29,8.010928961748634
2012-06-30,8.01
2012-07-01,8.009945205479452
2012-07-02,8.009890410958905
2012-07-03,8.009835616438355
2012-07-04,8.009780821917808
2012-07-05,8.00972602739726
2012-07-06,8.009671232876713
2012-07-07,8.009616438356165
2012-07-08,8.009561643835616
2012-07-09,8.009506849315068
2012-07-10,8.00945205479452
2012-07-11,8.009397260273973
2012-07-12,8.009342465753425
2012-07-13,8.009287671232876
2012-07-14,8.009232876712328
2012-07-15,8.00917808219178
2012-07-16,8.009123287671233
2012-07-17,8.009068493150684
2012-07-18,8.009013698630136
2012-07-19,8.008958904109589
2012-07-20,8.008904109589041
2012-07-21,8.008849315068494
2012-07-22,8.008794520547944
2012-07-23,8.008739726027397
2012-07-24,8.00868493150685
2012-07-25,8.008630136986302
2012-07-26,8.008575342465754
2012-07-27,8.008520547945205
2012-07-28,8.008465753424657
2012-07-29,8.00841095890411
2012-07-30,8.008356164383562
2012-07-31,8.008301369863014
2012-08-01,8.008246575342465
2012-08-02,8.008191780821917
2012-08-03,8.00813698630137
2012-08-04,8.008082191780822
2012-08-05,8.008027397260275
2012-08-06,8.007972602739725
2012-08-07,8.007917808219178
2012-08-08,8.00786301369863
2012-08-09,8.007808219178083
2012-08-10,8.007753424657533
2012-08-11,8.007698630136986
2012-08-12,8.007643835616438
2012-08-13,8.00758904109589
2012-08-14,8.007534246575343
2012-08-15,8.007479452054794
2012-08-16,8.007424657534246
2012-08-17,8.007369863013698
2012-08-18,8.007315068493151
2012-08-19,8.007260273972603
2012-08-20,8.007205479452054
2012-08-21,8.007150684931506
2012-08-22,8.007095890410959
2012-08-23,8.007041095890411
2012-08-24,8.006986301369864
2012-08-25,8.006931506849314
2012-08-26,8.006876712328767
2012-08-27,8.00682191780822
2012-08-28,8.006767123287672
2012-08-29,8.006712328767124
2012-08-30,8.006657534246575
2012-08-31,8.006602739726027
2012-09-01,8.00654794520548
2012-09-02,8.006493150684932
2012-09-03,8.006438356164383
2012-09-04,8.006383561643835
2012-09-05,8.006328767123287
2012-09-06,8.00627397260274
2012-09-07,8.006219178082192
2012-09-08,8.006164383561643
2012-09-09,8.006109589041095
2012-09-10,8.006054794520548
2012-09-11,8.006
2012-09-12,8.005945205479453
2012-09-13,8.005890410958903
2012-09-14,8.005835616438356
2012-09-15,8.005780821917808
2012-09-16,8.00572602739726
2012-09-17,8.005671232876713
2012-09-18,8.005616438356164
2012-09-19,8.005561643835616
2012-09-20,8.005506849315069
2012-09-21,8.005452054794521
2012-09-22,8.005397260273973
2012-09-23,8.005342465753424
2012-09-24,8.005287671232876
2012-09-25,8.005232876712329
2012-09-26,8.005178082191781
2012-09-27,8.005123287671232
2012-09-28,8.005068493150684
2012-09-29,8.005013698630137
2012-09-30,8.00495890410959
2012-10-01,8.004904109589042
2012-10-02,8.004849315068492
2012-10-03,8.004794520547945
2012-10-04,8.004739726027397
2012-10-05,8.00468493150685
2012-10-06,8.004630136986302
2012-10-07,8.004575342465753
2012-10-08,8.004520547945205
2012-10-09,8.004465753424657
2012-10-10,8.00441095890411
2012-10-11,8.004356164383562
2012-10-12,8.004301369863013
2012-10-13,8.004246575342465
2012-10-14,8.004191780821918
2012-10-15,8.00413698630137
2012-10-16,8.004082191780823
2012-10-17,8.004027397260273
2012-10-18,8.003972602739726
2012-10-19,8.003917808219178
2012-10-20,8.00386301369863
2012-10-21,8.003808219178081
2012-10-22,8.003753424657534
2012-10-23,8.003698630136986
2012-10-24,8.003643835616439
2012-10-25,8.003589041095891
2012-10-26,8.003534246575342
2012-10-27,8.003479452054794
2012-10-28,8.003424657534246
2012-10-29,8.003369863013699
2012-10-30,8.003315068493151
2012-10-31,8.003260273972602
2012-11-01,8.003205479452054
2012-11-02,8.003150684931507
2012-11-03,8.00309589041096
2012-11-04,8.003041095890412
2012-11-05,8.002986301369862
2012-11-06,8.002931506849315
2012-11-07,8.002876712328767
2012-11-08,8.00282191780822
2012-11-09,8.002767123287672
2012-11-10,8.002712328767123
2012-11-11,8.002657534246575
2012-11-12,8.002602739726028
2012-11-13,8.00254794520548
2012-11-14,8.00249315068493
2012-11-15,8.002438356164383
2012-11-16,8.002383561643835
2012-11-17,8.002328767123288
2012-11-18,8.00227397260274
2012-11-19,8.002219178082191
2012-11-20,8.002164383561643
2012-11-21,8.002109589041096
2012-11-22,8.002054794520548
2012-11-23,8.002
2012-11-24,8.001945205479451
2012-11-25,8.001890410958904
2012-11-26,8.001835616438356
2012-11-27,8.001780821917809
2012-11-28,8.001726027397261
2012-11-29,8.001671232876712
2012-11-30,8.001616438356164
2012-12-01,8.001561643835617
2012-12-02,8.001506849315069
2012-12-03,8.001452054794521
2012-12-04,8.001397260273972
2012-12-05,8.001342465753424
2012-12-06,8.001287671232877
2012-12-07,8.00123287671233
2012-12-08,8.00117808219178
2012-12-09,8.001123287671232
2012-12-10,8.001068493150685
2012-12-11,8.001013698630137
2012-12-12,8.00095890410959
2012-12-13,8.00090410958904
2012-12-14,8.000849315068493
2012-12-15,8.000794520547945
2012-12-16,8.000739726027398
2012-12-17,8.00068493150685
2012-12-18,8.0006301369863
2012-12-19,8.000575342465753
2012-12-20,8.000520547945206
2012-12-21,8.000465753424658
2012-12-22,8.00041095890411
2012-12-23,8.000356164383561
2012-12-24,8.000301369863013
2012-12-25,8.000246575342466
2012-12-26,8.000191780821918
2012-12-27,8.00013698630137
2012-12-28,8.000082191780821
2012-12-29,8.000027397260274
2012-12-30,7.999972602739726
2012-12-31,7.999917808219178
2013-01-01,7.99986301369863
2013-01-02,7.999808219178083
2013-01-03,7.999753424657534
2013-01-04,7.999698630136987
2013-01-05,7.999643835616438
2013-01-06,7.9995890410958905
2013-01-07,7.999534246575342
2013-01-08,7.9994794520547945
2013-01-09,7.999424657534247
2013-01-10,7.9993698630136985
2013-01-11,7.999315068493151
2013-01-12,7.999260273972602
2013-01-13,7.999205479452055
2013-01-14,7.999150684931507
2013-01-15,7.999095890410959
2013-01-16,7.999041095890411
2013-01-17,7.998986301369863
2013-01-18,7.998931506849315
2013-01-19,7.998876712328767
2013-01-20,7.998821917808219
2013-01-21,7.998767123287672
2013-01-22,7.998712328767123
2013-01-23,7.9986575342465756
2013-01-24,7.998602739726027
2013-01-25,7.9985479452054795
2013-01-26,7.998493150684932
2013-01-27,7.9984383561643835
2013-01-28,7.998383561643836
2013-01-29,7.998328767123287
2013-01-30,7.99827397260274
2013-01-31,7.998219178082191
2013-02-01,7.998164383561644
2013-02-02,7.998109589041096
2013-02-03,7.998054794520548
2013-02-04,7.998
2013-02-05,7.997945205479452
2013-02-06,7.997890410958904
2013-02-07,7.997835616438357
2013-02-08,7.997780821917808
2013-02-09,7.997726027397261
2013-02-10,7.997671232876712
2013-02-11,7.9976164383561645
2013-02-12,7.997561643835616
2013-02-13,7.9975068493150685
2013-02-14,7.997452054794521
2013-02-15,7.9973972602739725
2013-02-16,7.997342465753425
2013-02-17,7.997287671232876
2013-02-18,7.997232876712329
2013-02-19,7.997178082191781
2013-02-20,7.997123287671233
2013-02-21,7.997068493150685
2013-02-22,7.997013698630137
2013-02-23,7.996958904109589
2013-02-24,7.996904109589041
2013-02-25,7.996849315068493
2013-02-26,7.996794520547946
2013-02-27,7.996739726027397
2013-02-28,7.99668493150685
2013-03-01,7.996630136986301
2013-03-02,7.9965753424657535
2013-03-03,7.996520547945206
2013-03-04,7.9964657534246575
2013-03-05,7.99641095890411
2013-03-06,7.9963561643835614
2013-03-07,7.996301369863014
2013-03-08,7.996246575342465
2013-03-09,7.996191780821918
2013-03-10,7.99613698630137
2013-03-11,7.996082191780822
2013-03-12,7.996027397260274
2013-03-13,7.995972602739726
2013-03-14,7.995917808219178
2013-03-15,7.995863013698631
2013-03-16,7.995808219178082
2013-03-17,7.995753424657535
2013-03-18,7.995698630136986
2013-03-19,7.9956438356164385
2013-03-20,7.99558904109589
2013-03-21,7.9955342465753425
2013-03-22,7.995479452054795
2013-03-23,7.9954246575342465
2013-03-24,7.995369863013699
2013-03-25,7.99531506849315
2013-03-26,7.995260273972603
2013-03-27,7.995205479452055
2013-03-28,7.995150684931507
2013-03-29,7.995095890410959
2013-03-30,7.995041095890411
2013-03-31,7.994986301369863
2013-04-01,7.994931506849315
2013-04-02,7.994876712328767
2013-04-03,7.99482191780822
2013-04-04,7.994767123287671
2013-04-05,7.994712328767124
2013-04-06,7.994657534246575
2013-04-07,7.9946027397260275
2013-04-08,7.99454794520548
2013-04-09,7.9944931506849315
2013-04-10,7.994438356164384
2013-04-11,7.9943835616438355
2013-04-12,7.994328767123288
2013-04-13,7.994273972602739
2013-04-14,7.994219178082192
2013-04-15,7.994164383561644
2013-04-16,7.994109589041096
2013-04-17,7.994054794520548
2013-04-18,7.994
2013-04-19,7.993945205479452
2013-04-20,7.993890410958905
2013-04-21,7.993835616438356
2013-04-22,7.993780821917809
2013-04-23,7.99372602739726
2013-04-24,7.9936712328767126
2013-04-25,7.993616438356164
2013-04-26,7.9935616438356165
2013-04-27,7.993506849315069
2013-04-28,7.9934520547945205
2013-04-29,7.993397260273973
2013-04-30,7.993342465753424
2013-05-01,7.993287671232877
2013-05-02,7.993232876712329
2013-05-03,7.993178082191781
2013-05-04,7.993123287671233
2013-05-05,7.993068493150685
2013-05-06,7.993013698630137
2013-05-07,7.992958904109589
2013-05-08,7.992904109589041
2013-05-09,7.992849315068494
2013-05-10,7.992794520547945
2013-05-11,7.992739726027398
2013-05-12,7.992684931506849
2013-05-13,7.9926301369863015
2013-05-14,7.992575342465754
2013-05-15,7.9925205479452055
2013-05-16,7.992465753424658
2013-05-17,7.9924109589041095
2013-05-18,7.992356164383562
2013-05-19,7.992301369863013
2013-05-20,7.992246575342466
2013-05-21,7.992191780821918
2013-05-22,7.99213698630137
2013-05-23,7.992082191780822
2013-05-24,7.992027397260274
2013-05-25,7.991972602739726
2013-05-26,7.991917808219179
2013-05-27,7.99186301369863
2013-05-28,7.991808219178083
2013-05-29,7.991753424657534
2013-05-30,7.991698630136987
2013-05-31,7.991643835616438
2013-06-01,7.9915890410958905
2013-06-02,7.991534246575343
2013-06-03,7.9914794520547945
2013-06-04,7.991424657534247
2013-06-05,7.9913698630136984
2013-06-06,7.991315068493151
2013-06-07,7.991260273972603
2013-06-08,7.991205479452055
2013-06-09,7.991150684931507
2013-06-10,7.991095890410959
2013-06-11,7.991041095890411
2013-06-12,7.990986301369863
2013-06-13,7.990931506849315
2013-06-14,7.990876712328768
2013-06-15,7.990821917808219
2013-06-16,7.990767123287672
2013-06-17,7.990712328767123
2013-06-18,7.9906575342465755
2013-06-19,7.990602739726028
2013-06-20,7.9905479452054795
2013-06-21,7.990493150684932
2013-06-22,7.9904383561643835
2013-06-23,7.990383561643836
2013-06-24,7.990328767123287
2013-06-25,7.99027397260274
2013-06-26,7.990219178082192
2013-06-27,7.990164383561644
2013-06-28,7.990109589041096
2013-06-29,7.990054794520548
2013-06-30,7.99
2013-07-01,7.991561643835617
2013-07-02,7.993123287671233
2013-07-03,7.99468493150685
2013-07-04,7.996246575342466
2013-07-05,7.997808219178083
2013-07-06,7.9993698630136985
2013-07-07,8.000931506849316
2013-07-08,8.002493150684932
2013-07-09,8.004054794520549
2013-07-10,8.005616438356165
2013-07-11,8.00717808219178
2013-07-12,8.008739726027397
2013-07-13,8.010301369863013
2013-07-14,8.01186301369863
2013-07-15,8.013424657534246
2013-07-16,8.014986301369863
2013-07-17,8.01654794520548
2013-07-18,8.018109589041096
2013-07-19,8.019671232876712
2013-07-20,8.021232876712329
2013-07-21,8.022794520547945
2013-07-22,8.024356164383562
2013-07-23,8.025917808219178
2013-07-24,8.027479452054795
2013-07-25,8.029041095890411
2013-07-26,8.030602739726028
2013-07-27,8.032164383561645
2013-07-28,8.033726027397261
2013-07-29,8.035287671232878
2013-07-30,8.036849315068494
2013-07-31,8.03841095890411
2013-08-01,8.039972602739727
2013-08-02,8.041534246575342
2013-08-03,8.043095890410958
2013-08-04,8.044657534246575
2013-08-05,8.046219178082191
2013-08-06,8.047780821917808
2013-08-07,8.049342465753424
2013-08-08,8.050904109589041
2013-08-09,8.052465753424658
2013-08-10,8.054027397260274
2013-08-11,8.05558904109589
2013-08-12,8.057150684931507
2013-08-13,8.058712328767124
2013-08-14,8.06027397260274
2013-08-15,8.061835616438357
2013-08-16,8.063397260273973
2013-08-17,8.06495890410959
2013-08-18,8.066520547945206
2013-08-19,8.068082191780823
2013-08-20,8.06964383561644
2013-08-21,8.071205479452056
2013-08-22,8.072767123287672
2013-08-23,8.074328767123287
2013-08-24,8.075890410958904
2013-08-25,8.07745205479452
2013-08-26,8.079013698630137
2013-08-27,8.080575342465753
2013-08-28,8.08213698630137
2013-08-29,8.083698630136986
2013-08-30,8.085260273972603
2013-08-31,8.08682191780822
2013-09-01,8.088383561643836
2013-09-02,8.089945205479452
2013-09-03,8.091506849315069
2013-09-04,8.093068493150685
2013-09-05,8.094630136986302
2013-09-06,8.096191780821918
2013-09-07,8.097753424657535
2013-09-08,8.099315068493151
2013-09-09,8.100876712328768
2013-09-10,8.102438356164384
2013-09-11,8.104000000000001
2013-09-12,8.105561643835618
2013-09-13,8.107123287671234
2013-09-14,8.108684931506849
2013-09-15,8.110246575342465
2013-09-16,8.111808219178082
2013-09-17,8.113369863013698
2013-09-18,8.114931506849315
2013-09-19,8.116493150684931
2013-09-20,8.118054794520548
2013-09-21,8.119616438356164
2013-09-22,8.121178082191781
2013-09-23,8.122739726027397
2013-09-24,8.124301369863014
2013-09-25,8.12586301369863
2013-09-26,8.127424657534247
2013-09-27,8.128986301369864
2013-09-28,8.13054794520548
2013-09-29,8.132109589041097
2013-09-30,8.133671232876713
2013-10-01,8.13523287671233
2013-10-02,8.136794520547946
2013-10-03,8.138356164383563
2013-10-04,8.13991780821918
2013-10-05,8.141479452054794
2013-10-06,8.14304109589041
2013-10-07,8.144602739726027
2013-10-08,8.146164383561644
2013-10-09,8.14772602739726
2013-10-10,8.149287671232877
2013-10-11,8.150849315068493
2013-10-12,8.15241095890411
2013-10-13,8.153972602739726
2013-10-14,8.155534246575343
2013-10-15,8.15709589041096
2013-10-16,8.158657534246576
2013-10-17,8.160219178082192
2013-10-18,8.161780821917809
2013-10-19,8.163342465753425
2013-10-20,8.164904109589042
2013-10-21,8.166465753424658
2013-10-22,8.168027397260275
2013-10-23,8.169589041095891
2013-10-24,8.171150684931508
2013-10-25,8.172712328767124
2013-10-26,8.174273972602741
2013-10-27,8.175835616438356
2013-10-28,8.177397260273972
2013-10-29,8.178958904109589
2013-10-30,8.180520547945205
2013-10-31,8.182082191780822
2013-11-01,8.183643835616438
2013-11-02,8.185205479452055
2013-11-03,8.186767123287671
2013-11-04,8.188328767123288
2013-11-05,8.189890410958904
2013-11-06,8.19145205479452
2013-11-07,8.193013698630137
2013-11-08,8.194575342465754
2013-11-09,8.19613698630137
2013-11-10,8.197698630136987
2013-11-11,8.199260273972603
2013-11-12,8.20082191780822
2013-11-13,8.202383561643837
2013-11-14,8.203945205479453
2013-11-15,8.20550684931507
2013-11-16,8.207068493150686
2013-11-17,8.2086301369863
2013-11-18,8.210191780821917
2013-11-19,8.211753424657534
2013-11-20,8.21331506849315
2013-11-21,8.214876712328767
2013-11-22,8.216438356164383
2013-11-23,8.218
2013-11-24,8.219561643835616
2013-11-25,8.221123287671233
2013-11-26,8.22268493150685
2013-11-27,8.224246575342466
2013-11-28,8.225808219178083
2013-11-29,8.227369863013699
2013-11-30,8.228931506849316
2013-12-01,8.230493150684932
2013-12-02,8.232054794520549
2013-12-03,8.233616438356165
2013-12-04,8.235178082191782
2013-12-05,8.236739726027398
2013-12-06,8.238301369863015
2013-12-07,8.239863013698631
2013-12-08,8.241424657534248
2013-12-09,8.242986301369863
2013-12-10,8.244547945205479
2013-12-11,8.246109589041096
2013-12-12,8.247671232876712
2013-12-13,8.249232876712329
2013-12-14,8.250794520547945
2013-12-15,8.252356164383562
2013-12-16,8.253917808219178
2013-12-17,8.255479452054795
2013-12-18,8.257041095890411
2013-12-19,8.258602739726028
2013-12-20,8.260164383561644
2013-12-21,8.26172602739726
2013-12-22,8.263287671232877
2013-12-23,8.264849315068494
2013-12-24,8.26641095890411
2013-12-25,8.267972602739727
2013-12-26,8.269534246575343
2013-12-27,8.27109589041096
2013-12-28,8.272657534246576
2013-12-29,8.274219178082193
2013-12-30,8.275780821917808
2013-12-31,8.277342465753424
2014-01-01,8.27890410958904
2014-01-02,8.280465753424657
2014-01-03,8.282027397260274
2014-01-04,8.28358904109589
2014-01-05,8.285150684931507
2014-01-06,8.286712328767123
2014-01-07,8.28827397260274
2014-01-08,8.289835616438356
2014-01-09,8.291397260273973
2014-01-10,8.29295890410959
2014-01-11,8.294520547945206
2014-01-12,8.296082191780823
2014-01-13,8.297643835616439
2014-01-14,8.299205479452056
2014-01-15,8.300767123287672
2014-01-16,8.302328767123289
2014-01-17,8.303890410958905
2014-01-18,8.305452054794522
2014-01-19,8.307013698630138
2014-01-20,8.308575342465755
2014-01-21,8.31013698630137
2014-01-22,8.311698630136986
2014-01-23,8.313260273972602
2014-01-24,8.314821917808219
2014-01-25,8.316383561643836
2014-01-26,8.317945205479452
2014-01-27,8.319506849315069
2014-01-28,8.321068493150685
2014-01-29,8.322630136986302
2014-01-30,8.324191780821918
2014-01-31,8.325753424657535
2014-02-01,8.327315068493151
2014-02-02,8.328876712328768
2014-02-03,8.330438356164384
2014-02-04,8.332
2014-02-05,8.333561643835617
2014-02-06,8.335123287671234
2014-02-07,8.33668493150685
2014-02-08,8.338246575342467
2014-02-09,8.339808219178083
2014-02-10,8.3413698630137
2014-02-11,8.342931506849315
2014-02-12,8.344493150684931
2014-02-13,8.346054794520548
2014-02-14,8.347616438356164
2014-02-15,8.34917808219178
2014-02-16,8.350739726027397
2014-02-17,8.352301369863014
2014-02-18,8.35386301369863
2014-02-19,8.355424657534247
2014-02-20,8.356986301369863
2014-02-21,8.35854794520548
2014-02-22,8.360109589041096
2014-02-23,8.361671232876713
2014-02-24,8.36323287671233
2014-02-25,8.364794520547946
2014-02-26,8.366356164383562
2014-02-27,8.367917808219179
2014-02-28,8.369479452054795
2014-03-01,8.371041095890412
2014-03-02,8.372602739726029
2014-03-03,8.374164383561645
2014-03-04,8.375726027397262
2014-03-05,8.377287671232876
2014-03-06,8.378849315068493
2014-03-07,8.38041095890411
2014-03-08,8.381972602739726
2014-03-09,8.383534246575342
2014-03-10,8.385095890410959
2014-03-11,8.386657534246575
2014-03-12,8.388219178082192
2014-03-13,8.389780821917808
2014-03-14,8.391342465753425
2014-03-15,8.392904109589042
2014-03-16,8.394465753424658
2014-03-17,8.396027397260275
2014-03-18,8.397589041095891
2014-03-19,8.399150684931508
2014-03-20,8.400712328767124
2014-03-21,8.40227397260274
2014-03-22,8.403835616438357
2014-03-23,8.405397260273974
2014-03-24,8.40695890410959
2014-03-25,8.408520547945207
2014-03-26,8.410082191780822
2014-03-27,8.411643835616438
2014-03-28,8.413205479452055
2014-03-29,8.414767123287671
2014-03-30,8.416328767123288
2014-03-31,8.417890410958904
2014-04-01,8.41945205479452
2014-04-02,8.421013698630137
2014-04-03,8.422575342465754
2014-04-04,8.42413698630137
2014-04-05,8.425698630136987
2014-04-06,8.427260273972603
2014-04-07,8.42882191780822
2014-04-08,8.430383561643836
2014-04-09,8.431945205479453
2014-04-10,8.43350684931507
2014-04-11,8.435068493150686
2014-04-12,8.436630136986302
2014-04-13,8.438191780821919
2014-04-14,8.439753424657535
2014-04-15,8.441315068493152
2014-04-16,8.442876712328768
2014-04-17,8.444438356164383
2014-04-18,8.446
2014-04-19,8.447561643835616
2014-04-20,8.449123287671233
2014-04-21,8.45068493150685
2014-04-22,8.452246575342466
2014-04-23,8.453808219178082
2014-04-24,8.455369863013699
2014-04-25,8.456931506849315
2014-04-26,8.458493150684932
2014-04-27,8.460054794520548
2014-04-28,8.461616438356165
2014-04-29,8.463178082191781
2014-04-30,8.464739726027398
2014-05-01,8.466301369863015
2014-05-02,8.467863013698631
2014-05-03,8.469424657534248
2014-05-04,8.470986301369864
2014-05-05,8.47254794520548
2014-05-06,8.474109589041097
2014-05-07,8.475671232876714
2014-05-08,8.477232876712328
2014-05-09,8.478794520547945
2014-05-10,8.480356164383561
2014-05-11,8.481917808219178
2014-05-12,8.483479452054794
2014-05-13,8.485041095890411
2014-05-14,8.486602739726028
2014-05-15,8.488164383561644
2014-05-16,8.48972602739726
2014-05-17,8.491287671232877
2014-05-18,8.492849315068494
2014-05-19,8.49441095890411
2014-05-20,8.495972602739727
2014-05-21,8.497534246575343
2014-05-22,8.49909589041096
2014-05-23,8.500657534246576
2014-05-24,8.502219178082193
2014-05-25,8.50378082191781
2014-05-26,8.505342465753426
2014-05-27,8.506904109589042
2014-05-28,8.508465753424659
2014-05-29,8.510027397260275
2014-05-30,8.51158904109589
2014-05-31,8.513150684931507
2014-06-01,8.514712328767123
2014-06-02,8.51627397260274
2014-06-03,8.517835616438356
2014-06-04,8.519397260273973
2014-06-05,8.52095890410959
2014-06-06,8.522520547945206
2014-06-07,8.524082191780822
2014-06-08,8.525643835616439
2014-06-09,8.527205479452055
2014-06-10,8.528767123287672
2014-06-11,8.530328767123288
2014-06-12,8.531890410958905
2014-06-13,8.533452054794521
2014-06-14,8.535013698630138
2014-06-15,8.536575342465754
2014-06-16,8.538136986301371
2014-06-17,8.539698630136987
2014-06-18,8.541260273972604
2014-06-19,8.54282191780822
2014-06-20,8.544383561643835
2014-06-21,8.545945205479452
2014-06-22,8.547506849315068
2014-06-23,8.549068493150685
2014-06-24,8.550630136986301
2014-06-25,8.552191780821918
2014-06-26,8.553753424657534
2014-06-27,8.555315068493151
2014-06-28,8.556876712328767
2014-06-29,8.558438356164384
2014-06-30,8.56
2014-07-01,8.557698630136986
2014-07-02,8.555397260273972
2014-07-03,8.55309589041096
2014-07-04,8.550794520547946
2014-07-05,8.548493150684932
2014-07-06,8.546191780821918
2014-07-07,8.543890410958905
2014-07-08,8.541589041095891
2014-07-09,8.539287671232877
2014-07-10,8.536986301369863
2014-07-11,8.534684931506849
2014-07-12,8.532383561643837
2014-07-13,8.530082191780822
2014-07-14,8.527780821917808
2014-07-15,8.525479452054794
2014-07-16,8.523178082191782
2014-07-17,8.520876712328768
2014-07-18,8.518575342465754
2014-07-19,8.51627397260274
2014-07-20,8.513972602739727
2014-07-21,8.511671232876713
2014-07-22,8.5093698630137
2014-07-23,8.507068493150685
2014-07-24,8.504767123287671
2014-07-25,8.502465753424659
2014-07-26,8.500164383561644
2014-07-27,8.49786301369863
2014-07-28,8.495561643835616
2014-07-29,8.493260273972604
2014-07-30,8.49095890410959
2014-07-31,8.488657534246576
2014-08-01,8.486356164383562
2014-08-02,8.484054794520548
2014-08-03,8.481753424657535
2014-08-04,8.479452054794521
2014-08-05,8.477150684931507
2014-08-06,8.474849315068493
2014-08-07,8.47254794520548
2014-08-08,8.470246575342466
2014-08-09,8.467945205479452
2014-08-10,8.465643835616438
2014-08-11,8.463342465753424
2014-08-12,8.461041095890412
2014-08-13,8.458739726027398
2014-08-14,8.456438356164384
2014-08-15,8.45413698630137
2014-08-16,8.451835616438357
2014-08-17,8.449534246575343
2014-08-18,8.447232876712329
2014-08-19,8.444931506849315
2014-08-20,8.442630136986303
2014-08-21,8.440328767123289
2014-08-22,8.438027397260274
2014-08-23,8.43572602739726
2014-08-24,8.433424657534246
2014-08-25,8.431123287671234
2014-08-26,8.42882191780822
2014-08-27,8.426520547945206
2014-08-28,8.424219178082192
2014-08-29,8.42191780821918
2014-08-30,8.419616438356165
2014-08-31,8.417315068493151
2014-09-01,8.415013698630137
2014-09-02,8.412712328767123
2014-09-03,8.41041095890411
2014-09-04,8.408109589041096
2014-09-05,8.405808219178082
2014-09-06,8.403506849315068
2014-09-07,8.401205479452056
2014-09-08,8.398904109589042
2014-09-09,8.396602739726028
2014-09-10,8.394301369863014
2014-09-11,8.392000000000001
2014-09-12,8.389698630136987
2014-09-13,8.387397260273973
2014-09-14,8.385095890410959
2014-09-15,8.382794520547945
2014-09-16,8.380493150684933
2014-09-17,8.378191780821918
2014-09-18,8.375890410958904
2014-09-19,8.37358904109589
2014-09-20,8.371287671232878
2014-09-21,8.368986301369864
2014-09-22,8.36668493150685
2014-09-23,8.364383561643836
2014-09-24,8.362082191780821
2014-09-25,8.35978082191781
2014-09-26,8.357479452054795
2014-09-27,8.355178082191781
2014-09-28,8.352876712328767
2014-09-29,8.350575342465755
2014-09-30,8.34827397260274
2014-10-01,8.345972602739726
2014-10-02,8.343671232876712
2014-10-03,8.341369863013698
2014-10-04,8.339068493150686
2014-10-05,8.336767123287672
2014-10-06,8.334465753424658
2014-10-07,8.332164383561643
2014-10-08,8.329863013698631
2014-10-09,8.327561643835617
2014-10-10,8.325260273972603
2014-10-11,8.322958904109589
2014-10-12,8.320657534246577
2014-10-13,8.318356164383562
2014-10-14,8.316054794520548
2014-10-15,8.313753424657534
2014-10-16,8.31145205479452
2014-10-17,8.309150684931508
2014-10-18,8.306849315068494
2014-10-19,8.30454794520548
2014-10-20,8.302246575342465
2014-10-21,8.299945205479453
2014-10-22,8.297643835616439
2014-10-23,8.295342465753425
2014-10-24,8.29304109589041
2014-10-25,8.290739726027397
2014-10-26,8.288438356164384
2014-10-27,8.28613698630137
2014-10-28,8.283835616438356
2014-10-29,8.281534246575342
2014-10-30,8.27923287671233
2014-10-31,8.276931506849316
2014-11-01,8.274630136986302
2014-11-02,8.272328767123287
2014-11-03,8.270027397260273
2014-11-04,8.267726027397261
2014-11-05,8.265424657534247
2014-11-06,8.263123287671233
2014-11-07,8.260821917808219
2014-11-08,8.258520547945206
2014-11-09,8.256219178082192
2014-11-10,8.253917808219178
2014-11-11,8.251616438356164
2014-11-12,8.249315068493152
2014-11-13,8.247013698630138
2014-11-14,8.244712328767124
2014-11-15,8.24241095890411
2014-11-16,8.240109589041095
2014-11-17,8.237808219178083
2014-11-18,8.235506849315069
2014-11-19,8.233205479452055
2014-11-20,8.23090410958904
2014-11-21,8.228602739726028
2014-11-22,8.226301369863014
2014-11-23,8.224
2014-11-24,8.221698630136986
2014-11-25,8.219397260273972
2014-11-26,8.21709589041096
2014-11-27,8.214794520547946
2014-11-28,8.212493150684931
2014-11-29,8.210191780821917
2014-11-30,8.207890410958905
2014-12-01,8.205589041095891
2014-12-02,8.203287671232877
2014-12-03,8.200986301369863
2014-12-04,8.198684931506849
2014-12-05,8.196383561643836
2014-12-06,8.194082191780822
2014-12-07,8.191780821917808
2014-12-08,8.189479452054794
2014-12-09,8.187178082191782
2014-12-10,8.184876712328768
2014-12-11,8.182575342465753
2014-12-12,8.18027397260274
2014-12-13,8.177972602739727
2014-12-14,8.175671232876713
2014-12-15,8.173369863013699
2014-12-16,8.171068493150685
2014-12-17,8.16876712328767
2014-12-18,8.166465753424658
2014-12-19,8.164164383561644
2014-12-20,8.16186301369863
2014-12-21,8.159561643835616
2014-12-22,8.157260273972604
2014-12-23,8.15495890410959
2014-12-24,8.152657534246575
2014-12-25,8.150356164383561
2014-12-26,8.148054794520547
2014-12-27,8.145753424657535
2014-12-28,8.14345205479452
2014-12-29,8.141150684931507
2014-12-30,8.138849315068493
2014-12-31,8.13654794520548
2015-01-01,8.134246575342466
2015-01-02,8.131945205479452
2015-01-03,8.129643835616438
2015-01-04,8.127342465753424
2015-01-05,8.125041095890412
2015-01-06,8.122739726027397
2015-01-07,8.120438356164383
2015-01-08,8.11813698630137
2015-01-09,8.115835616438357
2015-01-10,8.113534246575343
2015-01-11,8.111232876712329
2015-01-12,8.108931506849315
2015-01-13,8.106630136986302
2015-01-14,8.104328767123288
2015-01-15,8.102027397260274
2015-01-16,8.09972602739726
2015-01-17,8.097424657534246
2015-01-18,8.095123287671234
2015-01-19,8.09282191780822
2015-01-20,8.090520547945205
2015-01-21,8.088219178082191
2015-01-22,8.085917808219179
2015-01-23,8.083616438356165
2015-01-24,8.08131506849315
2015-01-25,8.079013698630137
2015-01-26,8.076712328767123
2015-01-27,8.07441095890411
2015-01-28,8.072109589041096
2015-01-29,8.069808219178082
2015-01-30,8.067506849315068
2015-01-31,8.065205479452056
2015-02-01,8.062904109589041
2015-02-02,8.060602739726027
2015-02-03,8.058301369863013
2015-02-04,8.056000000000001
2015-02-05,8.053698630136987
2015-02-06,8.051397260273973
2015-02-07,8.049095890410959
2015-02-08,8.046794520547945
2015-02-09,8.044493150684932
2015-02-10,8.042191780821918
2015-02-11,8.039890410958904
2015-02-12,8.03758904109589
2015-02-13,8.035287671232878
2015-02-14,8.032986301369863
2015-02-15,8.03068493150685
2015-02-16,8.028383561643835
2015-02-17,8.026082191780821
2015-02-18,8.023780821917809
2015-02-19,8.021479452054795
2015-02-20,8.01917808219178
2015-02-21,8.016876712328767
2015-02-22,8.014575342465754
2015-02-23,8.01227397260274
2015-02-24,8.009972602739726
2015-02-25,8.007671232876712
2015-02-26,8.005369863013698
2015-02-27,8.003068493150685
2015-02-28,8.000767123287671
2015-03-01,7.998465753424657
2015-03-02,7.996164383561644
2015-03-03,7.99386301369863
2015-03-04,7.991561643835617
2015-03-05,7.989260273972603
2015-03-06,7.986958904109589
2015-03-07,7.984657534246575
2015-03-08,7.982356164383561
2015-03-09,7.980054794520548
2015-03-10,7.977753424657534
2015-03-11,7.975452054794521
2015-03-12,7.973150684931507
2015-03-13,7.970849315068493
2015-03-14,7.968547945205479
2015-03-15,7.966246575342466
2015-03-16,7.963945205479452
2015-03-17,7.961643835616439
2015-03-18,7.959342465753425
2015-03-19,7.9570410958904105
2015-03-20,7.954739726027397
2015-03-21,7.952438356164383
2015-03-22,7.95013698630137
2015-03-23,7.947835616438356
2015-03-24,7.945534246575343
2015-03-25,7.943232876712329
2015-03-26,7.940931506849315
2015-03-27,7.938630136986301
2015-03-28,7.936328767123288
2015-03-29,7.934027397260274
2015-03-30,7.93172602739726
2015-03-31,7.929424657534247
2015-04-01,7.9271232876712325
2015-04-02,7.924821917808219
2015-04-03,7.922520547945205
2015-04-04,7.920219178082192
2015-04-05,7.917917808219178
2015-04-06,7.915616438356165
2015-04-07,7.913315068493151
2015-04-08,7.9110136986301365
2015-04-09,7.908712328767123
2015-04-10,7.906410958904109
2015-04-11,7.904109589041096
2015-04-12,7.901808219178082
2015-04-13,7.899506849315069
2015-04-14,7.8972054794520545
2015-04-15,7.894904109589041
2015-04-16,7.892602739726027
2015-04-17,7.890301369863014
2015-04-18,7.888
2015-04-19,7.885698630136986
2015-04-20,7.883397260273973
2015-04-21,7.8810958904109585
2015-04-22,7.878794520547945
2015-04-23,7.876493150684931
2015-04-24,7.874191780821918
2015-04-25,7.871890410958904
2015-04-26,7.869589041095891
2015-04-27,7.8672876712328765
2015-04-28,7.864986301369863
2015-04-29,7.862684931506849
2015-04-30,7.860383561643835
2015-05-01,7.858082191780822
2015-05-02,7.855780821917808
2015-05-03,7.853479452054795
2015-05-04,7.8511780821917805
2015-05-05,7.848876712328767
2015-05-06,7.846575342465753
2015-05-07,7.84427397260274
2015-05-08,7.841972602739726
2015-05-09,7.839671232876713
2015-05-10,7.8373698630136985
2015-05-11,7.835068493150684
2015-05-12,7.832767123287671
2015-05-13,7.830465753424657
2015-05-14,7.828164383561644
2015-05-15,7.82586301369863
2015-05-16,7.823561643835617
2015-05-17,7.8212602739726025
2015-05-18,7.818958904109589
2015-05-19,7.816657534246575
2015-05-20,7.814356164383561
2015-05-21,7.812054794520548
2015-05-22,7.809753424657534
2015-05-23,7.8074520547945205
2015-05-24,7.805150684931506
2015-05-25,7.802849315068493
2015-05-26,7.800547945205479
2015-05-27,7.798246575342466
2015-05-28,7.795945205479452
2015-05-29,7.793643835616439
2015-05-30,7.7913424657534245
2015-05-31,7.78904109589041
2015-06-01,7.786739726027397
2015-06-02,7.784438356164383
2015-06-03,7.78213698630137
2015-06-04,7.779835616438356
2015-06-05,7.7775342465753425
2015-06-06,7.775232876712328
2015-06-07,7.772931506849315
2015-06-08,7.770630136986301
2015-06-09,7.768328767123288
2015-06-10,7.766027397260274
2015-06-11,7.76372602739726
2015-06-12,7.7614246575342465
2015-06-13,7.759123287671232
2015-06-14,7.756821917808219
2015-06-15,7.754520547945205
2015-06-16,7.752219178082192
2015-06-17,7.749917808219178
2015-06-18,7.7476164383561645
2015-06-19,7.74531506849315
2015-06-20,7.743013698630136
2015-06-21,7.740712328767123
2015-06-22,7.738410958904109
2015-06-23,7.736109589041096
2015-06-24,7.733808219178082
2015-06-25,7.7315068493150685
2015-06-26,7.729205479452054
2015-06-27,7.726904109589041
2015-06-28,7.724602739726027
2015-06-29,7.722301369863014
2015-06-30,7.72
2015-07-01,7.718934426229508
2015-07-02,7.717868852459016
2015-07-03,7.716803278688524
2015-07-04,7.715737704918032
2015-07-05,7.714672131147541
2015-07-06,7.713606557377049
2015-07-07,7.712540983606557
2015-07-08,7.711475409836066
2015-07-09,7.7104098360655735
2015-07-10,7.709344262295081
2015-07-11,7.70827868852459
2015-07-12,7.707213114754098
2015-07-13,7.706147540983606
2015-07-14,7.705081967213115
2015-07-15,7.704016393442623
2015-07-16,7.702950819672131
2015-07-17,7.701885245901639
2015-07-18,7.700819672131147
2015-07-19,7.699754098360655
2015-07-20,7.698688524590164
2015-07-21,7.697622950819672
2015-07-22,7.69655737704918
2015-07-23,7.6954918032786885
2015-07-24,7.694426229508196
2015-07-25,7.693360655737704
2015-07-26,7.692295081967213
2015-07-27,7.691229508196721
2015-07-28,7.690163934426229
2015-07-29,7.689098360655738
2015-07-30,7.688032786885246
2015-07-31,7.6869672131147535
2015-08-01,7.685901639344262
2015-08-02,7.68483606557377
2015-08-03,7.683770491803278
2015-08-04,7.682704918032787
2015-08-05,7.681639344262295
2015-08-06,7.680573770491803
2015-08-07,7.6795081967213115
2015-08-08,7.678442622950819
2015-08-09,7.677377049180327
2015-08-10,7.676311475409836
2015-08-11,7.675245901639344
2015-08-12,7.674180327868852
2015-08-13,7.673114754098361
2015-08-14,7.6720491803278685
2015-08-15,7.670983606557376
2015-08-16,7.669918032786885
2015-08-17,7.668852459016393
2015-08-18,7.667786885245901
2015-08-19,7.66672131147541
2015-08-20,7.665655737704918
2015-08-21,7.664590163934426
2015-08-22,7.663524590163934
2015-08-23,7.662459016393442
2015-08-24,7.66139344262295
2015-08-25,7.660327868852459
2015-08-26,7.659262295081967
2015-08-27,7.658196721311475
2015-08-28,7.657131147540984
2015-08-29,7.6560655737704915
2015-08-30,7.655
2015-08-31,7.653934426229508
2015-09-01,7.652868852459016
2015-09-02,7.651803278688525
2015-09-03,7.650737704918033
2015-09-04,7.649672131147541
2015-09-05,7.648606557377049
2015-09-06,7.647540983606557
2015-09-07,7.646475409836065
2015-09-08,7.645409836065574
2015-09-09,7.644344262295082
2015-09-10,7.64327868852459
2015-09-11,7.642213114754099
2015-09-12,7.6411475409836065
2015-09-13,7.640081967213114
2015-09-14,7.639016393442623
2015-09-15,7.637950819672131
2015-09-16,7.636885245901639
2015-09-17,7.635819672131148
2015-09-18,7.634754098360656
2015-09-19,7.633688524590164
2015-09-20,7.632622950819672
2015-09-21,7.63155737704918
2015-09-22,7.630491803278688
2015-09-23,7.629426229508197
2015-09-24,7.628360655737705
2015-09-25,7.627295081967213
2015-09-26,7.6262295081967215
2015-09-27,7.625163934426229
2015-09-28,7.624098360655737
2015-09-29,7.623032786885246
2015-09-30,7.621967213114754
2015-10-01,7.620901639344262
2015-10-02,7.619836065573771
2015-10-03,7.618770491803279
2015-10-04,7.6177049180327865
2015-10-05,7.616639344262295
2015-10-06,7.615573770491803
2015-10-07,7.614508196721311
2015-10-08,7.61344262295082
2015-10-09,7.612377049180328
2015-10-10,7.611311475409836
2015-10-11,7.6102459016393444
2015-10-12,7.609180327868852
2015-10-13,7.60811475409836
2015-10-14,7.607049180327869
2015-10-15,7.605983606557377
2015-10-16,7.604918032786885
2015-10-17,7.603852459016394
2015-10-18,7.6027868852459015
2015-10-19,7.601721311475409
2015-10-20,7.600655737704918
2015-10-21,7.599590163934426
2015-10-22,7.598524590163934
2015-10-23,7.597459016393443
2015-10-24,7.596393442622951
2015-10-25,7.595327868852459
2015-10-26,7.594262295081967
2015-10-27,7.593196721311475
2015-10-28,7.592131147540983
2015-10-29,7.591065573770492
2015-10-30,7.59
2015-10-31,7.588934426229508
2015-11-01,7.5878688524590165
2015-11-02,7.586803278688524
2015-11-03,7.585737704918032
2015-11-04,7.584672131147541
2015-11-05,7.583606557377049
2015-11-06,7.582540983606557
2015-11-07,7.581475409836066
2015-11-08,7.580409836065574
2015-11-09,7.5793442622950815
2015-11-10,7.57827868852459
2015-11-11,7.577213114754098
2015-11-12,7.576147540983606
2015-11-13,7.575081967213115
2015-11-14,7.574016393442623
2015-11-15,7.572950819672131
2015-11-16,7.5718852459016395
2015-11-17,7.570819672131147
2015-11-18,7.569754098360655
2015-11-19,7.568688524590164
2015-11-20,7.567622950819672
2015-11-21,7.56655737704918
2015-11-22,7.565491803278689
2015-11-23,7.5644262295081965
2015-11-24,7.563360655737704
2015-11-25,7.562295081967213
2015-11-26,7.561229508196721
2015-11-27,7.560163934426229
2015-11-28,7.559098360655738
2015-11-29,7.558032786885246
2015-11-30,7.556967213114754
2015-12-01,7.555901639344262
2015-12-02,7.55483606557377
2015-12-03,7.553770491803278
2015-12-04,7.552704918032787
2015-12-05,7.551639344262295
2015-12-06,7.550573770491803
2015-12-07,7.549508196721312
2015-12-08,7.5484426229508195
2015-12-09,7.547377049180327
2015-12-10,7.546311475409836
2015-12-11,7.545245901639344
2015-12-12,7.544180327868852
2015-12-13,7.543114754098361
2015-12-14,7.542049180327869
2015-12-15,7.5409836065573765
2015-12-16,7.539918032786885
2015-12-17,7.538852459016393
2015-12-18,7.537786885245901
2015-12-19,7.53672131147541
2015-12-20,7.535655737704918
2015-12-21,7.534590163934426
2015-12-22,7.5335245901639345
2015-12-23,7.532459016393442
2015-12-24,7.53139344262295
2015-12-25,7.530327868852459
2015-12-26,7.529262295081967
2015-12-27,7.528196721311476
2015-12-28,7.527131147540984
2015-12-29,7.526065573770492
2015-12-30,7.525
2015-12-31,7.523934426229508
2016-01-01,7.522868852459016
2016-01-02,7.521803278688525
2016-01-03,7.520737704918033
2016-01-04,7.519672131147541
2016-01-05,7.5186065573770495
2016-01-06,7.517540983606557
2016-01-07,7.516475409836065
2016-01-08,7.515409836065574
2016-01-09,7.514344262295082
2016-01-10,7.51327868852459
2016-01-11,7.512213114754099
2016-01-12,7.511147540983607
2016-01-13,7.5100819672131145
2016-01-14,7.509016393442623
2016-01-15,7.507950819672131
2016-01-16,7.506885245901639
2016-01-17,7.505819672131148
2016-01-18,7.504754098360656
2016-01-19,7.503688524590164
2016-01-20,7.5026229508196725
2016-01-21,7.50155737704918
2016-01-22,7.500491803278688
2016-01-23,7.499426229508197
2016-01-24,7.498360655737705
2016-01-25,7.497295081967213
2016-01-26,7.496229508196722
2016-01-27,7.4951639344262295
2016-01-28,7.494098360655737
2016-01-29,7.493032786885246
2016-01-30,7.491967213114754
2016-01-31,7.490901639344262
2016-02-01,7.489836065573771
2016-02-02,7.488770491803279
2016-02-03,7.487704918032787
2016-02-04,7.486639344262295
2016-02-05,7.485573770491803
2016-02-06,7.484508196721311
2016-02-07,7.48344262295082
2016-02-08,7.482377049180328
2016-02-09,7.481311475409836
2016-02-10,7.4802459016393446
2016-02-11,7.4791803278688525
2016-02-12,7.47811475409836
2016-02-13,7.477049180327869
2016-02-14,7.475983606557377
2016-02-15,7.474918032786885
2016-02-16,7.473852459016394
2016-02-17,7.472786885245902
2016-02-18,7.4717213114754095
2016-02-19,7.470655737704918
2016-02-20,7.469590163934426
2016-02-21,7.468524590163934
2016-02-22,7.467459016393443
2016-02-23,7.466393442622951
2016-02-24,7.465327868852459
2016-02-25,7.4642622950819675
2016-02-26,7.463196721311475
2016-02-27,7.462131147540983
2016-02-28,7.461065573770492
2016-02-29,7.46
2016-03-01,7.458934426229508
2016-03-02,7.457868852459017
2016-03-03,7.4568032786885245
2016-03-04,7.4557377049180324
2016-03-05,7.454672131147541
2016-03-06,7.453606557377049
2016-03-07,7.452540983606557
2016-03-08,7.451475409836066
2016-03-09,7.450409836065574
2016-03-10,7.449344262295082
2016-03-11,7.44827868852459
2016-03-12,7.447213114754098
2016-03-13,7.446147540983606
2016-03-14,7.445081967213115
2016-03-15,7.444016393442623
2016-03-16,7.442950819672131
2016-03-17,7.44188524590164
2016-03-18,7.4408196721311475
2016-03-19,7.439754098360655
2016-03-20,7.438688524590164
2016-03-21,7.437622950819672
2016-03-22,7.43655737704918
2016-03-23,7.435491803278689
2016-03-24,7.434426229508197
2016-03-25,7.4333606557377045
2016-03-26,7.432295081967213
2016-03-27,7.431229508196721
2016-03-28,7.430163934426229
2016-03-29,7.429098360655738
2016-03-30,7.428032786885246
2016-03-31,7.426967213114754
2016-04-01,7.4259016393442625
2016-04-02,7.42483606557377
2016-04-03,7.423770491803278
2016-04-04,7.422704918032787
2016-04-05,7.421639344262295
2016-04-06,7.420573770491803
2016-04-07,7.419508196721312
2016-04-08,7.41844262295082
2016-04-09,7.4173770491803275
2016-04-10,7.416311475409836
2016-04-11,7.415245901639344
2016-04-12,7.414180327868852
2016-04-13,7.413114754098361
2016-04-14,7.412049180327869
2016-04-15,7.410983606557377
2016-04-16,7.409918032786885
2016-04-17,7.408852459016393
2016-04-18,7.407786885245901
2016-04-19,7.40672131147541
2016-04-20,7.405655737704918
2016-04-21,7.404590163934426
2016-04-22,7.403524590163935
2016-04-23,7.4024590163934425
2016-04-24,7.40139344262295
2016-04-25,7.400327868852459
2016-04-26,7.399262295081967
2016-04-27,7.398196721311476
2016-04-28,7.397131147540984
2016-04-29,7.396065573770492
2016-04-30,7.3950000000000005
2016-05-01,7.393934426229508
2016-05-02,7.392868852459016
2016-05-03,7.391803278688525
2016-05-04,7.390737704918033
2016-05-05,7.389672131147541
2016-05-06,7.38860655737705
2016-05-07,7.3875409836065575
2016-05-08,7.386475409836065
2016-05-09,7.385409836065574
2016-05-10,7.384344262295082
2016-05-11,7.38327868852459
2016-05-12,7.382213114754099
2016-05-13,7.381147540983607
2016-05-14,7.380081967213115
2016-05-15,7.379016393442623
2016-05-16,7.377950819672131
2016-05-17,7.376885245901639
2016-05-18,7.375819672131148
2016-05-19,7.374754098360656
2016-05-20,7.373688524590164
2016-05-21,7.372622950819673
2016-05-22,7.3715573770491805
2016-05-23,7.370491803278688
2016-05-24,7.369426229508197
2016-05-25,7.368360655737705
2016-05-26,7.367295081967213
2016-05-27,7.366229508196722
2016-05-28,7.36516393442623
2016-05-29,7.3640983606557375
2016-05-30,7.363032786885246
2016-05-31,7.361967213114754
2016-06-01,7.360901639344262
2016-06-02,7.359836065573771
2016-06-03,7.358770491803279
2016-06-04,7.357704918032787
2016-06-05,7.3566393442622955
2016-06-06,7.355573770491803
2016-06-07,7.354508196721311
2016-06-08,7.35344262295082
2016-06-09,7.352377049180328
2016-06-10,7.351311475409836
2016-06-11,7.350245901639345
2016-06-12,7.349180327868853
2016-06-13,7.3481147540983605
2016-06-14,7.347049180327869
2016-06-15,7.345983606557377
2016-06-16,7.344918032786885
2016-06-17,7.343852459016394
2016-06-18,7.342786885245902
2016-06-19,7.34172131147541
2016-06-20,7.340655737704918
2016-06-21,7.339590163934426
2016-06-22,7.338524590163934
2016-06-23,7.337459016393443
2016-06-24,7.336393442622951
2016-06-25,7.335327868852459
2016-06-26,7.334262295081968
2016-06-27,7.3331967213114755
2016-06-28,7.332131147540983
2016-06-29,7.331065573770492
2016-06-30,7.33
2016-07-01,7.328657534246576
2016-07-02,7.327315068493151
2016-07-03,7.325972602739726
2016-07-04,7.324630136986301
2016-07-05,7.323287671232877
2016-07-06,7.3219452054794525
2016-07-07,7.320602739726027
2016-07-08,7.319260273972603
2016-07-09,7.317917808219178
2016-07-10,7.316575342465754
2016-07-11,7.3152328767123285
2016-07-12,7.313890410958904
2016-07-13,7.31254794520548
2016-07-14,7.311205479452055
2016-07-15,7.30986301369863
2016-07-16,7.308520547945205
2016-07-17,7.307178082191781
2016-07-18,7.305835616438356
2016-07-19,7.304493150684932
2016-07-20,7.303150684931507
2016-07-21,7.301808219178082
2016-07-22,7.300465753424658
2016-07-23,7.299123287671233
2016-07-24,7.297780821917808
2016-07-25,7.2964383561643835
2016-07-26,7.295095890410959
2016-07-27,7.293753424657535
2016-07-28,7.292410958904109
2016-07-29,7.291068493150685
2016-07-30,7.28972602739726
2016-07-31,7.288383561643836
2016-08-01,7.287041095890411
2016-08-02,7.285698630136986
2016-08-03,7.284356164383562
2016-08-04,7.283013698630137
2016-08-05,7.281671232876713
2016-08-06,7.2803287671232875
2016-08-07,7.278986301369863
2016-08-08,7.277643835616439
2016-08-09,7.276301369863014
2016-08-10,7.274958904109589
2016-08-11,7.273616438356164
2016-08-12,7.27227397260274
2016-08-13,7.270931506849315
2016-08-14,7.26958904109589
2016-08-15,7.268246575342466
2016-08-16,7.266904109589041
2016-08-17,7.265561643835617
2016-08-18,7.264219178082191
2016-08-19,7.262876712328767
2016-08-20,7.2615342465753425
2016-08-21,7.260191780821918
2016-08-22,7.258849315068494
2016-08-23,7.257506849315068
2016-08-24,7.256164383561644
2016-08-25,7.254821917808219
2016-08-26,7.253479452054795
2016-08-27,7.25213698630137
2016-08-28,7.250794520547945
2016-08-29,7.249452054794521
2016-08-30,7.248109589041096
2016-08-31,7.246767123287671
2016-09-01,7.2454246575342465
2016-09-02,7.244082191780822
2016-09-03,7.242739726027398
2016-09-04,7.241397260273972
2016-09-05,7.240054794520548
2016-09-06,7.238712328767123
2016-09-07,7.237369863013699
2016-09-08,7.236027397260274
2016-09-09,7.234684931506849
2016-09-10,7.233342465753425
2016-09-11,7.232
2016-09-12,7.230657534246576
2016-09-13,7.22931506849315
2016-09-14,7.227972602739726
2016-09-15,7.2266301369863015
2016-09-16,7.225287671232877
2016-09-17,7.223945205479452
2016-09-18,7.222602739726027
2016-09-19,7.221260273972603
2016-09-20,7.219917808219178
2016-09-21,7.218575342465753
2016-09-22,7.217232876712329
2016-09-23,7.215890410958904
2016-09-24,7.21454794520548
2016-09-25,7.213205479452055
2016-09-26,7.21186301369863
2016-09-27,7.2105205479452055
2016-09-28,7.209178082191781
2016-09-29,7.207835616438357
2016-09-30,7.206493150684931
2016-10-01,7.205150684931507
2016-10-02,7.203808219178082
2016-10-03,7.202465753424658
2016-10-04,7.2011232876712326
2016-10-05,7.199780821917808
2016-10-06,7.198438356164384
2016-10-07,7.197095890410959
2016-10-08,7.195753424657534
2016-10-09,7.194410958904109
2016-10-10,7.193068493150685
2016-10-11,7.1917260273972605
2016-10-12,7.190383561643836
2016-10-13,7.189041095890411
2016-10-14,7.187698630136986
2016-10-15,7.186356164383562
2016-10-16,7.185013698630137
2016-10-17,7.183671232876712
2016-10-18,7.182328767123288
2016-10-19,7.180986301369863
2016-10-20,7.179643835616439
2016-10-21,7.178301369863013
2016-10-22,7.176958904109589
2016-10-23,7.1756164383561645
2016-10-24,7.17427397260274
2016-10-25,7.172931506849315
2016-10-26,7.17158904109589
2016-10-27,7.170246575342466
2016-10-28,7.168904109589041
2016-10-29,7.167561643835617
2016-10-30,7.1662191780821916
2016-10-31,7.164876712328767
2016-11-01,7.163534246575343
2016-11-02,7.162191780821918
2016-11-03,7.160849315068493
2016-11-04,7.159506849315068
2016-11-05,7.158164383561644
2016-11-06,7.1568219178082195
2016-11-07,7.155479452054794
2016-11-08,7.15413698630137
2016-11-09,7.152794520547945
2016-11-10,7.151452054794521
2016-11-11,7.1501095890410955
2016-11-12,7.148767123287671
2016-11-13,7.147424657534247
2016-11-14,7.146082191780822
2016-11-15,7.144739726027398
2016-11-16,7.143397260273972
2016-11-17,7.142054794520548
2016-11-18,7.1407123287671235
2016-11-19,7.139369863013699
2016-11-20,7.138027397260274
2016-11-21,7.136684931506849
2016-11-22,7.135342465753425
2016-11-23,7.134
2016-11-24,7.132657534246575
2016-11-25,7.1313150684931506
2016-11-26,7.129972602739726
2016-11-27,7.128630136986302
2016-11-28,7.127287671232876
2016-11-29,7.125945205479452
2016-11-30,7.124602739726027
2016-12-01,7.123260273972603
2016-12-02,7.121917808219178
2016-12-03,7.120575342465753
2016-12-04,7.119232876712329
2016-12-05,7.117890410958904
2016-12-06,7.11654794520548
2016-12-07,7.1152054794520545
2016-12-08,7.11386301369863
2016-12-09,7.112520547945206
2016-12-10,7.111178082191781
2016-12-11,7.109835616438356
2016-12-12,7.108493150684931
2016-12-13,7.107150684931507
2016-12-14,7.1058082191780825
2016-12-15,7.104465753424657
2016-12-16,7.103123287671233
2016-12-17,7.101780821917808
2016-12-18,7.100438356164384
2016-12-19,7.0990958904109585
2016-12-20,7.097753424657534
2016-12-21,7.09641095890411
2016-12-22,7.095068493150685
2016-12-23,7.093726027397261
2016-12-24,7.092383561643835
2016-12-25,7.091041095890411
2016-12-26,7.089698630136986
2016-12-27,7.088356164383562
2016-12-28,7.087013698630137
2016-12-29,7.085671232876712
2016-12-30,7.084328767123288
2016-12-31,7.082986301369863
2017-01-01,7.081643835616438
2017-01-02,7.0803013698630135
2017-01-03,7.078958904109589
2017-01-04,7.077616438356165
2017-01-05,7.076273972602739
2017-01-06,7.074931506849315
2017-01-07,7.07358904109589
2017-01-08,7.072246575342466
2017-01-09,7.0709041095890415
2017-01-10,7.069561643835616
2017-01-11,7.068219178082192
2017-01-12,7.066876712328767
2017-01-13,7.065534246575343
2017-01-14,7.0641917808219175
2017-01-15,7.062849315068493
2017-01-16,7.061506849315069
2017-01-17,7.060164383561644
2017-01-18,7.058821917808219
2017-01-19,7.057479452054794
2017-01-20,7.05613698630137
2017-01-21,7.054794520547945
2017-01-22,7.05345205479452
2017-01-23,7.052109589041096
2017-01-24,7.050767123287671
2017-01-25,7.049424657534247
2017-01-26,7.048082191780822
2017-01-27,7.046739726027397
2017-01-28,7.0453972602739725
2017-01-29,7.044054794520548
2017-01-30,7.042712328767124
2017-01-31,7.041369863013698
2017-02-01,7.040027397260274
2017-02-02,7.038684931506849
2017-02-03,7.037342465753425
2017-02-04,7.036
2017-02-05,7.034657534246575
2017-02-06,7.033315068493151
2017-02-07,7.031972602739726
2017-02-08,7.030630136986301
2017-02-09,7.0292876712328765
2017-02-10,7.027945205479452
2017-02-11,7.026602739726028
2017-02-12,7.025260273972603
2017-02-13,7.023917808219178
2017-02-14,7.022575342465753
2017-02-15,7.021232876712329
2017-02-16,7.019890410958904
2017-02-17,7.018547945205479
2017-02-18,7.017205479452055
2017-02-19,7.01586301369863
2017-02-20,7.014520547945206
2017-02-21,7.01317808219178
2017-02-22,7.011835616438356
2017-02-23,7.0104931506849315
2017-02-24,7.009150684931507
2017-02-25,7.007808219178082
2017-02-26,7.006465753424657
2017-02-27,7.005123287671233
2017-02-28,7.003780821917808
2017-03-01,7.002438356164384
2017-03-02,7.001095890410959
2017-03-03,6.999753424657534
2017-03-04,6.99841095890411
2017-03-05,6.997068493150685
2017-03-06,6.99572602739726
2017-03-07,6.9943835616438355
2017-03-08,6.993041095890411
2017-03-09,6.991698630136987
2017-03-10,6.990356164383561
2017-03-11,6.989013698630137
2017-03-12,6.987671232876712
2017-03-13,6.986328767123288
2017-03-14,6.9849863013698625
2017-03-15,6.983643835616438
2017-03-16,6.982301369863014
2017-03-17,6.980958904109589
2017-03-18,6.979616438356165
2017-03-19,6.978273972602739
2017-03-20,6.976931506849315
2017-03-21,6.9755890410958905
2017-03-22,6.974246575342466
2017-03-23,6.972904109589041
2017-03-24,6.971561643835616
2017-03-25,6.970219178082192
2017-03-26,6.968876712328767
2017-03-27,6.967534246575342
2017-03-28,6.966191780821918
2017-03-29,6.964849315068493
2017-03-30,6.963506849315069
2017-03-31,6.962164383561643
2017-04-01,6.960821917808219
2017-04-02,6.9594794520547945
2017-04-03,6.95813698630137
2017-04-04,6.956794520547946
2017-04-05,6.95545205479452
2017-04-06,6.954109589041096
2017-04-07,6.952767123287671
2017-04-08,6.951424657534247
2017-04-09,6.9500821917808215
2017-04-10,6.948739726027397
2017-04-11,6.947397260273973
2017-04-12,6.946054794520548
2017-04-13,6.944712328767123
2017-04-14,6.943369863013698
2017-04-15,6.942027397260274
2017-04-16,6.9406849315068495
2017-04-17,6.939342465753424
2017-04-18,6.938
2017-04-19,6.936657534246575
2017-04-20,6.935315068493151
2017-04-21,6.933972602739726
2017-04-22,6.932630136986301
2017-04-23,6.931287671232877
2017-04-24,6.929945205479452
2017-04-25,6.928602739726028
2017-04-26,6.927260273972602
2017-04-27,6.925917808219178
2017-04-28,6.9245753424657535
2017-04-29,6.923232876712329
2017-04-30,6.921890410958904
2017-05-01,6.920547945205479
2017-05-02,6.919205479452055
2017-05-03,6.91786301369863
2017-05-04,6.916520547945205
2017-05-05,6.9151780821917805
2017-05-06,6.913835616438356
2017-05-07,6.912493150684932
2017-05-08,6.911150684931507
2017-05-09,6.909808219178082
2017-05-10,6.908465753424657
2017-05-11,6.907123287671233
2017-05-12,6.9057808219178085
2017-05-13,6.904438356164383
2017-05-14,6.903095890410959
2017-05-15,6.901753424657534
2017-05-16,6.90041095890411
2017-05-17,6.8990684931506845
2017-05-18,6.89772602739726
2017-05-19,6.896383561643836
2017-05-20,6.895041095890411
2017-05-21,6.893698630136986
2017-05-22,6.892356164383561
2017-05-23,6.891013698630137
2017-05-24,6.8896712328767125
2017-05-25,6.888328767123288
2017-05-26,6.886986301369863
2017-05-27,6.885643835616438
2017-05-28,6.884301369863014
2017-05-29,6.882958904109589
2017-05-30,6.881616438356164
2017-05-31,6.8802739726027395
2017-06-01,6.878931506849315
2017-06-02,6.877589041095891
2017-06-03,6.876246575342465
2017-06-04,6.874904109589041
2017-06-05,6.873561643835616
2017-06-06,6.872219178082192
2017-06-07,6.870876712328767
2017-06-08,6.869534246575342
2017-06-09,6.868191780821918
2017-06-10,6.866849315068493
2017-06-11,6.865506849315069
2017-06-12,6.8641643835616435
2017-06-13,6.862821917808219
2017-06-14,6.861479452054795
2017-06-15,6.86013698630137
2017-06-16,6.858794520547945
2017-06-17,6.85745205479452
2017-06-18,6.856109589041096
2017-06-19,6.8547671232876715
2017-06-20,6.853424657534246
2017-06-21,6.852082191780822
2017-06-22,6.850739726027397
2017-06-23,6.849397260273973
2017-06-24,6.848054794520547
2017-06-25,6.846712328767123
2017-06-26,6.8453698630136985
2017-06-27,6.844027397260274
2017-06-28,6.84268493150685
2017-06-29,6.841342465753424
2017-06-30,6.84
2017-07-01,6.842465753424658
2017-07-02,6.844931506849315
2017-07-03,6.847397260273972
2017-07-04,6.84986301369863
2017-07-05,6.8523287671232875
2017-07-06,6.854794520547945
2017-07-07,6.857260273972603
2017-07-08,6.85972602739726
2017-07-09,6.8621917808219175
2017-07-10,6.864657534246575
2017-07-11,6.867123287671233
2017-07-12,6.869589041095891
2017-07-13,6.8720547945205475
2017-07-14,6.874520547945205
2017-07-15,6.876986301369863
2017-07-16,6.879452054794521
2017-07-17,6.881917808219178
2017-07-18,6.884383561643835
2017-07-19,6.886849315068493
2017-07-20,6.889315068493151
2017-07-21,6.891780821917808
2017-07-22,6.894246575342466
2017-07-23,6.896712328767123
2017-07-24,6.8991780821917805
2017-07-25,6.901643835616438
2017-07-26,6.904109589041096
2017-07-27,6.906575342465754
2017-07-28,6.9090410958904105
2017-07-29,6.911506849315068
2017-07-30,6.913972602739726
2017-07-31,6.916438356164384
2017-08-01,6.918904109589041
2017-08-02,6.921369863013698
2017-08-03,6.923835616438356
2017-08-04,6.926301369863014
2017-08-05,6.928767123287671
2017-08-06,6.931232876712329
2017-08-07,6.933698630136986
2017-08-08,6.9361643835616436
2017-08-09,6.938630136986301
2017-08-10,6.941095890410959
2017-08-11,6.943561643835617
2017-08-12,6.9460273972602735
2017-08-13,6.948493150684931
2017-08-14,6.950958904109589
2017-08-15,6.953424657534247
2017-08-16,6.955890410958904
2017-08-17,6.958356164383561
2017-08-18,6.960821917808219
2017-08-19,6.963287671232877
2017-08-20,6.965753424657534
2017-08-21,6.968219178082192
2017-08-22,6.970684931506849
2017-08-23,6.973150684931507
2017-08-24,6.975616438356164
2017-08-25,6.978082191780822
2017-08-26,6.98054794520548
2017-08-27,6.9830136986301365
2017-08-28,6.985479452054794
2017-08-29,6.987945205479452
2017-08-30,6.99041095890411
2017-08-31,6.992876712328767
2017-09-01,6.995342465753424
2017-09-02,6.997808219178082
2017-09-03,7.00027397260274
2017-09-04,7.002739726027397
2017-09-05,7.005205479452055
2017-09-06,7.007671232876712
2017-09-07,7.01013698630137
2017-09-08,7.012602739726027
2017-09-09,7.015068493150685
2017-09-10,7.017534246575343
2017-09-11,7.02
2017-09-12,7.022465753424657
2017-09-13,7.024931506849315
2017-09-14,7.027397260273973
2017-09-15,7.02986301369863
2017-09-16,7.032328767123287
2017-09-17,7.034794520547945
2017-09-18,7.037260273972603
2017-09-19,7.03972602739726
2017-09-20,7.042191780821918
2017-09-21,7.044657534246575
2017-09-22,7.047123287671233
2017-09-23,7.04958904109589
2017-09-24,7.052054794520548
2017-09-25,7.054520547945206
2017-09-26,7.056986301369863
2017-09-27,7.05945205479452
2017-09-28,7.061917808219178
2017-09-29,7.064383561643836
2017-09-30,7.0668493150684935
2017-10-01,7.06931506849315
2017-10-02,7.071780821917808
2017-10-03,7.074246575342466
2017-10-04,7.076712328767123
2017-10-05,7.079178082191781
2017-10-06,7.081643835616438
2017-10-07,7.084109589041096
2017-10-08,7.086575342465753
2017-10-09,7.089041095890411
2017-10-10,7.091506849315069
2017-10-11,7.093972602739726
2017-10-12,7.096438356164383
2017-10-13,7.098904109589041
2017-10-14,7.101369863013699
2017-10-15,7.1038356164383565
2017-10-16,7.106301369863013
2017-10-17,7.108767123287671
2017-10-18,7.111232876712329
2017-10-19,7.1136986301369864
2017-10-20,7.116164383561644
2017-10-21,7.118630136986301
2017-10-22,7.121095890410959
2017-10-23,7.123561643835616
2017-10-24,7.126027397260274
2017-10-25,7.128493150684932
2017-10-26,7.130958904109589
2017-10-27,7.133424657534246
2017-10-28,7.135890410958904
2017-10-29,7.138356164383562
2017-10-30,7.1408219178082195
2017-10-31,7.143287671232876
2017-11-01,7.145753424657534
2017-11-02,7.148219178082192
2017-11-03,7.1506849315068495
2017-11-04,7.153150684931507
2017-11-05,7.155616438356164
2017-11-06,7.158082191780822
2017-11-07,7.160547945205479
2017-11-08,7.163013698630137
2017-11-09,7.165479452054795
2017-11-10,7.167945205479452
2017-11-11,7.170410958904109
2017-11-12,7.172876712328767
2017-11-13,7.175342465753425
2017-11-14,7.1778082191780825
2017-11-15,7.180273972602739
2017-11-16,7.182739726027397
2017-11-17,7.185205479452055
2017-11-18,7.1876712328767125
2017-11-19,7.19013698630137
2017-11-20,7.192602739726027
2017-11-21,7.195068493150685
2017-11-22,7.1975342465753425
2017-11-23,7.2
2017-11-24,7.202465753424658
2017-11-25,7.204931506849315
2017-11-26,7.207397260273972
2017-11-27,7.20986301369863
2017-11-28,7.212328767123288
2017-11-29,7.214794520547946
2017-11-30,7.217260273972602
2017-12-01,7.21972602739726
2017-12-02,7.222191780821918
2017-12-03,7.2246575342465755
2017-12-04,7.227123287671233
2017-12-05,7.22958904109589
2017-12-06,7.232054794520548
2017-12-07,7.2345205479452055
2017-12-08,7.236986301369863
2017-12-09,7.239452054794521
2017-12-10,7.241917808219178
2017-12-11,7.2443835616438355
2017-12-12,7.246849315068493
2017-12-13,7.249315068493151
2017-12-14,7.251780821917809
2017-12-15,7.254246575342465
2017-12-16,7.256712328767123
2017-12-17,7.259178082191781
2017-12-18,7.261643835616439
2017-12-19,7.264109589041096
2017-12-20,7.266575342465753
2017-12-21,7.269041095890411
2017-12-22,7.2715068493150685
2017-12-23,7.273972602739726
2017-12-24,7.276438356164384
2017-12-25,7.278904109589041
2017-12-26,7.2813698630136985
2017-12-27,7.283835616438356
2017-12-28,7.286301369863014
2017-12-29,7.288767123287672
2017-12-30,7.2912328767123284
2017-12-31,7.293698630136986
2018-01-01,7.296164383561644
2018-01-02,7.298630136986302
2018-01-03,7.301095890410959
2018-01-04,7.303561643835616
2018-01-05,7.306027397260274
2018-01-06,7.3084931506849315
2018-01-07,7.310958904109589
2018-01-08,7.313424657534247
2018-01-09,7.315890410958904
2018-01-10,7.3183561643835615
2018-01-11,7.320821917808219
2018-01-12,7.323287671232877
2018-01-13,7.325753424657535
2018-01-14,7.3282191780821915
2018-01-15,7.330684931506849
2018-01-16,7.333150684931507
2018-01-17,7.335616438356165
2018-01-18,7.338082191780822
2018-01-19,7.340547945205479
2018-01-20,7.343013698630137
2018-01-21,7.345479452054795
2018-01-22,7.347945205479452
2018-01-23,7.35041095890411
2018-01-24,7.352876712328767
2018-01-25,7.3553424657534245
2018-01-26,7.357808219178082
2018-01-27,7.36027397260274
2018-01-28,7.362739726027398
2018-01-29,7.3652054794520545
2018-01-30,7.367671232876712
2018-01-31,7.37013698630137
2018-02-01,7.372602739726028
2018-02-02,7.375068493150685
2018-02-03,7.377534246575342
2018-02-04,7.38
2018-02-05,7.382465753424658
2018-02-06,7.384931506849315
2018-02-07,7.387397260273973
2018-02-08,7.38986301369863
2018-02-09,7.392328767123288
2018-02-10,7.394794520547945
2018-02-11,7.397260273972603
2018-02-12,7.399726027397261
2018-02-13,7.4021917808219175
2018-02-14,7.404657534246575
2018-02-15,7.407123287671233
2018-02-16,7.409589041095891
2018-02-17,7.412054794520548
2018-02-18,7.414520547945205
2018-02-19,7.416986301369863
2018-02-20,7.419452054794521
2018-02-21,7.421917808219178
2018-02-22,7.424383561643836
2018-02-23,7.426849315068493
2018-02-24,7.429315068493151
2018-02-25,7.431780821917808
2018-02-26,7.434246575342466
2018-02-27,7.436712328767124
2018-02-28,7.439178082191781
2018-03-01,7.441643835616438
2018-03-02,7.444109589041096
2018-03-03,7.446575342465754
2018-03-04,7.449041095890411
2018-03-05,7.451506849315068
2018-03-06,7.453972602739726
2018-03-07,7.456438356164384
2018-03-08,7.458904109589041
2018-03-09,7.461369863013699
2018-03-10,7.463835616438356
2018-03-11,7.466301369863014
2018-03-12,7.468767123287671
2018-03-13,7.471232876712329
2018-03-14,7.473698630136987
2018-03-15,7.476164383561644
2018-03-16,7.478630136986301
2018-03-17,7.481095890410959
2018-03-18,7.483561643835617
2018-03-19,7.486027397260274
2018-03-20,7.488493150684931
2018-03-21,7.490958904109589
2018-03-22,7.493424657534247
2018-03-23,7.495890410958904
2018-03-24,7.498356164383562
2018-03-25,7.500821917808219
2018-03-26,7.503287671232877
2018-03-27,7.505753424657534
2018-03-28,7.508219178082192
2018-03-29,7.51068493150685
2018-03-30,7.513150684931507
2018-03-31,7.515616438356164
2018-04-01,7.518082191780822
2018-04-02,7.52054794520548
2018-04-03,7.5230136986301375
2018-04-04,7.525479452054794
2018-04-05,7.527945205479452
2018-04-06,7.53041095890411
2018-04-07,7.532876712328767
2018-04-08,7.535342465753425
2018-04-09,7.537808219178082
2018-04-10,7.54027397260274
2018-04-11,7.542739726027397
2018-04-12,7.545205479452055
2018-04-13,7.547671232876713
2018-04-14,7.55013698630137
2018-04-15,7.552602739726027
2018-04-16,7.555068493150685
2018-04-17,7.557534246575343
2018-04-18,7.5600000000000005
2018-04-19,7.562465753424657
2018-04-20,7.564931506849315
2018-04-21,7.567397260273973
2018-04-22,7.5698630136986305
2018-04-23,7.572328767123288
2018-04-24,7.574794520547945
2018-04-25,7.577260273972603
2018-04-26,7.57972602739726
2018-04-27,7.582191780821918
2018-04-28,7.584657534246576
2018-04-29,7.587123287671233
2018-04-30,7.58958904109589
2018-05-01,7.592054794520548
2018-05-02,7.594520547945206
2018-05-03,7.5969863013698635
2018-05-04,7.59945205479452
2018-05-05,7.601917808219178
2018-05-06,7.604383561643836
2018-05-07,7.6068493150684935
2018-05-08,7.609315068493151
2018-05-09,7.611780821917808
2018-05-10,7.614246575342466
2018-05-11,7.6167123287671235
2018-05-12,7.619178082191781
2018-05-13,7.621643835616439
2018-05-14,7.624109589041096
2018-05-15,7.626575342465753
2018-05-16,7.629041095890411
2018-05-17,7.631506849315069
2018-05-18,7.6339726027397266
2018-05-19,7.636438356164383
2018-05-20,7.638904109589041
2018-05-21,7.641369863013699
2018-05-22,7.6438356164383565
2018-05-23,7.646301369863014
2018-05-24,7.648767123287671
2018-05-25,7.651232876712329
2018-05-26,7.6536986301369865
2018-05-27,7.656164383561644
2018-05-28,7.658630136986302
2018-05-29,7.661095890410959
2018-05-30,7.663561643835616
2018-05-31,7.666027397260274
2018-06-01,7.668493150684932
2018-06-02,7.67095890410959
2018-06-03,7.673424657534246
2018-06-04,7.675890410958904
2018-06-05,7.678356164383562
2018-06-06,7.6808219178082195
2018-06-07,7.683287671232877
2018-06-08,7.685753424657534
2018-06-09,7.688219178082192
2018-06-10,7.6906849315068495
2018-06-11,7.693150684931507
2018-06-12,7.695616438356165
2018-06-13,7.698082191780822
2018-06-14,7.7005479452054795
2018-06-15,7.703013698630137
2018-06-16,7.705479452054795
2018-06-17,7.707945205479453
2018-06-18,7.710410958904109
2018-06-19,7.712876712328767
2018-06-20,7.715342465753425
2018-06-21,7.717808219178083
2018-06-22,7.72027397260274
2018-06-23,7.722739726027397
2018-06-24,7.725205479452055
2018-06-25,7.7276712328767125
2018-06-26,7.73013698630137
2018-06-27,7.732602739726028
2018-06-28,7.735068493150685
2018-06-29,7.7375342465753425
2018-06-30,7.74
2018-07-01,7.737150684931507
2018-07-02,7.734301369863014
2018-07-03,7.731452054794521
2018-07-04,7.7286027397260275
2018-07-05,7.725753424657534
2018-07-06,7.722904109589042
2018-07-07,7.720054794520548
2018-07-08,7.717205479452055
2018-07-09,7.714356164383561
2018-07-10,7.711506849315069
2018-07-11,7.7086575342465755
2018-07-12,7.705808219178082
2018-07-13,7.70295890410959
2018-07-14,7.700109589041096
2018-07-15,7.697260273972603
2018-07-16,7.694410958904109
2018-07-17,7.691561643835617
2018-07-18,7.6887123287671235
2018-07-19,7.68586301369863
2018-07-20,7.683013698630138
2018-07-21,7.680164383561644
2018-07-22,7.677315068493151
2018-07-23,7.674465753424657
2018-07-24,7.671616438356165
2018-07-25,7.6687671232876715
2018-07-26,7.665917808219178
2018-07-27,7.663068493150685
2018-07-28,7.660219178082192
2018-07-29,7.657369863013699
2018-07-30,7.654520547945205
2018-07-31,7.651671232876713
2018-08-01,7.6488219178082195
2018-08-02,7.645972602739726
2018-08-03,7.643123287671233
2018-08-04,7.64027397260274
2018-08-05,7.637424657534247
2018-08-06,7.634575342465753
2018-08-07,7.631726027397261
2018-08-08,7.6288767123287675
2018-08-09,7.626027397260274
2018-08-10,7.623178082191781
2018-08-11,7.620328767123288
2018-08-12,7.617479452054795
2018-08-13,7.614630136986301
2018-08-14,7.611780821917808
2018-08-15,7.6089315068493155
2018-08-16,7.606082191780822
2018-08-17,7.603232876712329
2018-08-18,7.600383561643836
2018-08-19,7.597534246575343
2018-08-20,7.594684931506849
2018-08-21,7.591835616438356
2018-08-22,7.5889863013698635
2018-08-23,7.58613698630137
2018-08-24,7.583287671232877
2018-08-25,7.580438356164384
2018-08-26,7.577589041095891
2018-08-27,7.574739726027397
2018-08-28,7.571890410958904
2018-08-29,7.5690410958904115
2018-08-30,7.566191780821918
2018-08-31,7.563342465753425
2018-09-01,7.560493150684931
2018-09-02,7.557643835616439
2018-09-03,7.554794520547945
2018-09-04,7.551945205479452
2018-09-05,7.5490958904109595
2018-09-06,7.546246575342466
2018-09-07,7.543397260273973
2018-09-08,7.540547945205479
2018-09-09,7.537698630136987
2018-09-10,7.534849315068493
2018-09-11,7.532
2018-09-12,7.529150684931507
2018-09-13,7.526301369863014
2018-09-14,7.523452054794521
2018-09-15,7.520602739726027
2018-09-16,7.517753424657535
2018-09-17,7.514904109589041
2018-09-18,7.512054794520548
2018-09-19,7.509205479452055
2018-09-20,7.506356164383562
2018-09-21,7.503506849315069
2018-09-22,7.500657534246575
2018-09-23,7.497808219178083
2018-09-24,7.494958904109589
2018-09-25,7.492109589041096
2018-09-26,7.489260273972603
2018-09-27,7.48641095890411
2018-09-28,7.483561643835617
2018-09-29,7.480712328767123
2018-09-30,7.47786301369863
2018-10-01,7.475013698630137
2018-10-02,7.472164383561644
2018-10-03,7.469315068493151
2018-10-04,7.466465753424658
2018-10-05,7.463616438356165
2018-10-06,7.460767123287671
2018-10-07,7.457917808219178
2018-10-08,7.455068493150685
2018-10-09,7.452219178082192
2018-10-10,7.449369863013699
2018-10-11,7.446520547945206
2018-10-12,7.443671232876713
2018-10-13,7.440821917808219
2018-10-14,7.437972602739726
2018-10-15,7.435123287671233
2018-10-16,7.43227397260274
2018-10-17,7.429424657534247
2018-10-18,7.426575342465753
2018-10-19,7.423726027397261
2018-10-20,7.420876712328767
2018-10-21,7.418027397260274
2018-10-22,7.415178082191781
2018-10-23,7.412328767123288
2018-10-24,7.409479452054795
2018-10-25,7.406630136986301
2018-10-26,7.403780821917809
2018-10-27,7.400931506849315
2018-10-28,7.398082191780822
2018-10-29,7.3952328767123285
2018-10-30,7.392383561643836
2018-10-31,7.389534246575343
2018-11-01,7.386684931506849
2018-11-02,7.383835616438357
2018-11-03,7.380986301369863
2018-11-04,7.37813698630137
2018-11-05,7.3752876712328765
2018-11-06,7.372438356164384
2018-11-07,7.369589041095891
2018-11-08,7.366739726027397
2018-11-09,7.363890410958905
2018-11-10,7.361041095890411
2018-11-11,7.358191780821918
2018-11-12,7.3553424657534245
2018-11-13,7.352493150684932
2018-11-14,7.349643835616439
2018-11-15,7.346794520547945
2018-11-16,7.343945205479452
2018-11-17,7.341095890410959
2018-11-18,7.338246575342466
2018-11-19,7.3353972602739725
2018-11-20,7.33254794520548
2018-11-21,7.329698630136987
2018-11-22,7.326849315068493
2018-11-23,7.324
2018-11-24,7.321150684931507
2018-11-25,7.318301369863014
2018-11-26,7.3154520547945205
2018-11-27,7.312602739726028
2018-11-28,7.309753424657535
2018-11-29,7.306904109589041
2018-11-30,7.304054794520548
2018-12-01,7.301205479452055
2018-12-02,7.298356164383562
2018-12-03,7.2955068493150685
2018-12-04,7.292657534246575
2018-12-05,7.289808219178083
2018-12-06,7.286958904109589
2018-12-07,7.284109589041096
2018-12-08,7.281260273972603
2018-12-09,7.27841095890411
2018-12-10,7.2755616438356165
2018-12-11,7.272712328767123
2018-12-12,7.269863013698631
2018-12-13,7.267013698630137
2018-12-14,7.264164383561644
2018-12-15,7.261315068493151
2018-12-16,7.258465753424658
2018-12-17,7.2556164383561645
2018-12-18,7.252767123287671
2018-12-19,7.249917808219179
2018-12-20,7.247068493150685
2018-12-21,7.244219178082192
2018-12-22,7.2413698630136984
2018-12-23,7.238520547945206
2018-12-24,7.2356712328767125
2018-12-25,7.232821917808219
2018-12-26,7.229972602739727
2018-12-27,7.227123287671233
2018-12-28,7.22427397260274
2018-12-29,7.2214246575342464
2018-12-30,7.218575342465754
2018-12-31,7.2157260273972605
2019-01-01,7.212876712328767
2019-01-02,7.210027397260274
2019-01-03,7.207178082191781
2019-01-04,7.204328767123288
2019-01-05,7.2014794520547945
2019-01-06,7.198630136986302
2019-01-07,7.1957808219178085
2019-01-08,7.192931506849315
2019-01-09,7.190082191780822
2019-01-10,7.187232876712329
2019-01-11,7.184383561643836
2019-01-12,7.1815342465753425
2019-01-13,7.17868493150685
2019-01-14,7.1758356164383565
2019-01-15,7.172986301369863
2019-01-16,7.17013698630137
2019-01-17,7.167287671232877
2019-01-18,7.164438356164384
2019-01-19,7.1615890410958905
2019-01-20,7.158739726027397
2019-01-21,7.1558904109589045
2019-01-22,7.153041095890411
2019-01-23,7.150191780821918
2019-01-24,7.147342465753425
2019-01-25,7.144493150684932
2019-01-26,7.1416438356164385
2019-01-27,7.138794520547945
2019-01-28,7.1359452054794525
2019-01-29,7.133095890410959
2019-01-30,7.130246575342466
2019-01-31,7.127397260273973
2019-02-01,7.12454794520548
2019-02-02,7.1216986301369865
2019-02-03,7.118849315068493
2019-02-04,7.1160000000000005
2019-02-05,7.113150684931507
2019-02-06,7.110301369863014
2019-02-07,7.10745205479452
2019-02-08,7.104602739726028
2019-02-09,7.1017534246575345
2019-02-10,7.098904109589041
2019-02-11,7.0960547945205485
2019-02-12,7.093205479452055
2019-02-13,7.090356164383562
2019-02-14,7.087506849315068
2019-02-15,7.084657534246576
2019-02-16,7.0818082191780825
2019-02-17,7.078958904109589
2019-02-18,7.076109589041096
2019-02-19,7.073260273972603
2019-02-20,7.07041095890411
2019-02-21,7.067561643835616
2019-02-22,7.064712328767124
2019-02-23,7.0618630136986305
2019-02-24,7.059013698630137
2019-02-25,7.056164383561644
2019-02-26,7.053315068493151
2019-02-27,7.050465753424658
2019-02-28,7.047616438356164
2019-03-01,7.044767123287672
2019-03-02,7.0419178082191785
2019-03-03,7.039068493150685
2019-03-04,7.036219178082192
2019-03-05,7.033369863013699
2019-03-06,7.030520547945206
2019-03-07,7.027671232876712
2019-03-08,7.024821917808219
2019-03-09,7.0219726027397265
2019-03-10,7.019123287671233
2019-03-11,7.01627397260274
2019-03-12,7.013424657534247
2019-03-13,7.010575342465754
2019-03-14,7.00772602739726
2019-03-15,7.004876712328767
2019-03-16,7.0020273972602745
2019-03-17,6.999178082191781
2019-03-18,6.996328767123288
2019-03-19,6.993479452054795
2019-03-20,6.990630136986302
2019-03-21,6.987780821917808
2019-03-22,6.984931506849315
2019-03-23,6.9820821917808225
2019-03-24,6.979232876712329
2019-03-25,6.976383561643836
2019-03-26,6.973534246575342
2019-03-27,6.97068493150685
2019-03-28,6.967835616438356
2019-03-29,6.964986301369863
2019-03-30,6.9621369863013705
2019-03-31,6.959287671232877
2019-04-01,6.956438356164384
2019-04-02,6.95358904109589
2019-04-03,6.950739726027398
2019-04-04,6.947890410958904
2019-04-05,6.945041095890411
2019-04-06,6.9421917808219185
2019-04-07,6.939342465753425
2019-04-08,6.936493150684932
2019-04-09,6.933643835616438
2019-04-10,6.930794520547946
2019-04-11,6.927945205479452
2019-04-12,6.925095890410959
2019-04-13,6.922246575342466
2019-04-14,6.919397260273973
2019-04-15,6.91654794520548
2019-04-16,6.913698630136986
2019-04-17,6.910849315068494
2019-04-18,6.908
2019-04-19,6.905150684931507
2019-04-20,6.902301369863014
2019-04-21,6.899452054794521
2019-04-22,6.896602739726028
2019-04-23,6.893753424657534
2019-04-24,6.890904109589041
2019-04-25,6.888054794520548
2019-04-26,6.885205479452055
2019-04-27,6.882356164383562
2019-04-28,6.879506849315069
2019-04-29,6.876657534246576
2019-04-30,6.873808219178082
2019-05-01,6.870958904109589
2019-05-02,6.868109589041096
2019-05-03,6.865260273972603
2019-05-04,6.86241095890411
2019-05-05,6.859561643835617
2019-05-06,6.856712328767124
2019-05-07,6.85386301369863
2019-05-08,6.851013698630137
2019-05-09,6.848164383561644
2019-05-10,6.845315068493151
2019-05-11,6.842465753424658
2019-05-12,6.839616438356164
2019-05-13,6.836767123287672
2019-05-14,6.833917808219178
2019-05-15,6.831068493150685
2019-05-16,6.828219178082192
2019-05-17,6.825369863013699
2019-05-18,6.822520547945206
2019-05-19,6.819671232876712
2019-05-20,6.81682191780822
2019-05-21,6.813972602739726
2019-05-22,6.811123287671233
2019-05-23,6.80827397260274
2019-05-24,6.805424657534247
2019-05-25,6.802575342465754
2019-05-26,6.79972602739726
2019-05-27,6.796876712328768
2019-05-28,6.794027397260274
2019-05-29,6.791178082191781
2019-05-30,6.7883287671232875
2019-05-31,6.785479452054795
2019-06-01,6.782630136986302
2019-06-02,6.779780821917808
2019-06-03,6.776931506849316
2019-06-04,6.774082191780822
2019-06-05,6.771232876712329
2019-06-06,6.7683835616438355
2019-06-07,6.765534246575343
2019-06-08,6.76268493150685
2019-06-09,6.759835616438356
2019-06-10,6.756986301369863
2019-06-11,6.75413698630137
2019-06-12,6.751287671232877
2019-06-13,6.7484383561643835
2019-06-14,6.745589041095891
2019-06-15,6.742739726027398
2019-06-16,6.739890410958904
2019-06-17,6.737041095890411
2019-06-18,6.734191780821918
2019-06-19,6.731342465753425
2019-06-20,6.7284931506849315
2019-06-21,6.725643835616439
2019-06-22,6.722794520547946
2019-06-23,6.719945205479452
2019-06-24,6.717095890410959
2019-06-25,6.714246575342466
2019-06-26,6.711397260273973
2019-06-27,6.7085479452054795
2019-06-28,6.705698630136986
2019-06-29,6.702849315068494
2019-06-30,6.7
2019-07-01,6.697950819672132
2019-07-02,6.695901639344262
2019-07-03,6.6938524590163935
2019-07-04,6.691803278688525
2019-07-05,6.689754098360656
2019-07-06,6.687704918032787
2019-07-07,6.685655737704918
2019-07-08,6.68360655737705
2019-07-09,6.68155737704918
2019-07-10,6.6795081967213115
2019-07-11,6.677459016393443
2019-07-12,6.675409836065574
2019-07-13,6.673360655737705
2019-07-14,6.671311475409836
2019-07-15,6.6692622950819676
2019-07-16,6.667213114754099
2019-07-17,6.6651639344262295
2019-07-18,6.663114754098361
2019-07-19,6.661065573770492
2019-07-20,6.659016393442623
2019-07-21,6.656967213114754
2019-07-22,6.6549180327868855
2019-07-23,6.652868852459017
2019-07-24,6.650819672131147
2019-07-25,6.648770491803279
2019-07-26,6.64672131147541
2019-07-27,6.644672131147541
2019-07-28,6.642622950819672
2019-07-29,6.6405737704918035
2019-07-30,6.638524590163935
2019-07-31,6.636475409836065
2019-08-01,6.634426229508197
2019-08-02,6.632377049180328
2019-08-03,6.63032786885246
2019-08-04,6.62827868852459
2019-08-05,6.6262295081967215
2019-08-06,6.624180327868853
2019-08-07,6.622131147540983
2019-08-08,6.620081967213115
2019-08-09,6.618032786885246
2019-08-10,6.615983606557378
2019-08-11,6.613934426229508
2019-08-12,6.6118852459016395
2019-08-13,6.609836065573771
2019-08-14,6.607786885245901
2019-08-15,6.605737704918033
2019-08-16,6.603688524590164
2019-08-17,6.601639344262296
2019-08-18,6.599590163934426
2019-08-19,6.5975409836065575
2019-08-20,6.595491803278689
2019-08-21,6.59344262295082
2019-08-22,6.591393442622951
2019-08-23,6.589344262295082
2019-08-24,6.587295081967214
2019-08-25,6.585245901639344
2019-08-26,6.5831967213114755
2019-08-27,6.581147540983607
2019-08-28,6.579098360655738
2019-08-29,6.577049180327869
2019-08-30,6.575
2019-08-31,6.572950819672132
2019-09-01,6.570901639344262
2019-09-02,6.5688524590163935
2019-09-03,6.566803278688525
2019-09-04,6.564754098360656
2019-09-05,6.562704918032787
2019-09-06,6.560655737704918
2019-09-07,6.55860655737705
2019-09-08,6.55655737704918
2019-09-09,6.5545081967213115
2019-09-10,6.552459016393443
2019-09-11,6.550409836065574
2019-09-12,6.548360655737705
2019-09-13,6.546311475409836
2019-09-14,6.5442622950819676
2019-09-15,6.542213114754099
2019-09-16,6.5401639344262295
2019-09-17,6.538114754098361
2019-09-18,6.536065573770492
2019-09-19,6.534016393442623
2019-09-20,6.531967213114754
2019-09-21,6.5299180327868855
2019-09-22,6.527868852459017
2019-09-23,6.525819672131147
2019-09-24,6.523770491803279
2019-09-25,6.52172131147541
2019-09-26,6.519672131147541
2019-09-27,6.517622950819672
2019-09-28,6.5155737704918035
2019-09-29,6.513524590163935
2019-09-30,6.511475409836065
2019-10-01,6.509426229508197
2019-10-02,6.507377049180328
2019-10-03,6.50532786885246
2019-10-04,6.50327868852459
2019-10-05,6.5012295081967215
2019-10-06,6.499180327868853
2019-10-07,6.497131147540983
2019-10-08,6.495081967213115
2019-10-09,6.493032786885246
2019-10-10,6.490983606557378
2019-10-11,6.488934426229508
2019-10-12,6.4868852459016395
2019-10-13,6.484836065573771
2019-10-14,6.482786885245901
2019-10-15,6.480737704918033
2019-10-16,6.478688524590164
2019-10-17,6.476639344262296
2019-10-18,6.474590163934426
2019-10-19,6.4725409836065575
2019-10-20,6.470491803278689
2019-10-21,6.46844262295082
2019-10-22,6.466393442622951
2019-10-23,6.464344262295082
2019-10-24,6.462295081967214
2019-10-25,6.460245901639344
2019-10-26,6.4581967213114755
2019-10-27,6.456147540983607
2019-10-28,6.454098360655738
2019-10-29,6.452049180327869
2019-10-30,6.45
2019-10-31,6.447950819672132
2019-11-01,6.445901639344262
2019-11-02,6.4438524590163935
2019-11-03,6.441803278688525
2019-11-04,6.439754098360656
2019-11-05,6.437704918032787
2019-11-06,6.435655737704918
2019-11-07,6.43360655737705
2019-11-08,6.431557377049181
2019-11-09,6.4295081967213115
2019-11-10,6.427459016393443
2019-11-11,6.425409836065574
2019-11-12,6.423360655737705
2019-11-13,6.421311475409836
2019-11-14,6.4192622950819676
2019-11-15,6.417213114754099
2019-11-16,6.4151639344262295
2019-11-17,6.413114754098361
2019-11-18,6.411065573770492
2019-11-19,6.409016393442623
2019-11-20,6.406967213114754
2019-11-21,6.4049180327868855
2019-11-22,6.402868852459017
2019-11-23,6.400819672131147
2019-11-24,6.398770491803279
2019-11-25,6.39672131147541
2019-11-26,6.394672131147541
2019-11-27,6.392622950819672
2019-11-28,6.3905737704918035
2019-11-29,6.388524590163935
2019-11-30,6.386475409836065
2019-12-01,6.384426229508197
2019-12-02,6.382377049180328
2019-12-03,6.38032786885246
2019-12-04,6.37827868852459
2019-12-05,6.3762295081967215
2019-12-06,6.374180327868853
2019-12-07,6.372131147540983
2019-12-08,6.370081967213115
2019-12-09,6.368032786885246
2019-12-10,6.365983606557378
2019-12-11,6.363934426229508
2019-12-12,6.3618852459016395
2019-12-13,6.359836065573771
2019-12-14,6.357786885245901
2019-12-15,6.355737704918033
2019-12-16,6.353688524590164
2019-12-17,6.351639344262296
2019-12-18,6.349590163934426
2019-12-19,6.3475409836065575
2019-12-20,6.345491803278689
2019-12-21,6.34344262295082
2019-12-22,6.341393442622951
2019-12-23,6.339344262295082
2019-12-24,6.337295081967214
2019-12-25,6.335245901639344
2019-12-26,6.3331967213114755
2019-12-27,6.331147540983607
2019-12-28,6.329098360655738
2019-12-29,6.327049180327869
2019-12-30,6.325
2019-12-31,6.322950819672132
2020-01-01,6.320901639344262
2020-01-02,6.3188524590163935
2020-01-03,6.316803278688525
2020-01-04,6.314754098360656
2020-01-05,6.312704918032787
2020-01-06,6.310655737704918
2020-01-07,6.30860655737705
2020-01-08,6.306557377049181
2020-01-09,6.3045081967213115
2020-01-10,6.302459016393443
2020-01-11,6.300409836065574
2020-01-12,6.298360655737705
2020-01-13,6.296311475409836
2020-01-14,6.2942622950819676
2020-01-15,6.292213114754099
2020-01-16,6.2901639344262295
2020-01-17,6.288114754098361
2020-01-18,6.286065573770492
2020-01-19,6.284016393442623
2020-01-20,6.281967213114754
2020-01-21,6.2799180327868855
2020-01-22,6.277868852459017
2020-01-23,6.275819672131147
2020-01-24,6.273770491803279
2020-01-25,6.27172131147541
2020-01-26,6.269672131147541
2020-01-27,6.267622950819672
2020-01-28,6.2655737704918035
2020-01-29,6.263524590163935
2020-01-30,6.261475409836065
2020-01-31,6.259426229508197
2020-02-01,6.257377049180328
2020-02-02,6.25532786885246
2020-02-03,6.25327868852459
2020-02-04,6.2512295081967215
2020-02-05,6.249180327868853
2020-02-06,6.247131147540983
2020-02-07,6.245081967213115
2020-02-08,6.243032786885246
2020-02-09,6.240983606557378
2020-02-10,6.238934426229508
2020-02-11,6.2368852459016395
2020-02-12,6.234836065573771
2020-02-13,6.232786885245901
2020-02-14,6.230737704918033
2020-02-15,6.228688524590164
2020-02-16,6.226639344262296
2020-02-17,6.224590163934426
2020-02-18,6.2225409836065575
2020-02-19,6.220491803278689
2020-02-20,6.21844262295082
2020-02-21,6.216393442622951
2020-02-22,6.214344262295082
2020-02-23,6.212295081967214
2020-02-24,6.210245901639344
2020-02-25,6.2081967213114755
2020-02-26,6.206147540983607
2020-02-27,6.204098360655738
2020-02-28,6.202049180327869
2020-02-29,6.2
2020-03-01,6.197950819672132
2020-03-02,6.195901639344262
2020-03-03,6.1938524590163935
2020-03-04,6.191803278688525
2020-03-05,6.189754098360656
2020-03-06,6.187704918032787
2020-03-07,6.185655737704918
2020-03-08,6.18360655737705
2020-03-09,6.181557377049181
2020-03-10,6.1795081967213115
2020-03-11,6.177459016393443
2020-03-12,6.175409836065574
2020-03-13,6.173360655737705
2020-03-14,6.171311475409836
2020-03-15,6.1692622950819676
2020-03-16,6.167213114754099
2020-03-17,6.1651639344262295
2020-03-18,6.163114754098361
2020-03-19,6.161065573770492
2020-03-20,6.159016393442623
2020-03-21,6.156967213114754
2020-03-22,6.1549180327868855
2020-03-23,6.152868852459017
2020-03-24,6.150819672131147
2020-03-25,6.148770491803279
2020-03-26,6.14672131147541
2020-03-27,6.144672131147542
2020-03-28,6.142622950819672
2020-03-29,6.1405737704918035
2020-03-30,6.138524590163935
2020-03-31,6.136475409836065
2020-04-01,6.134426229508197
2020-04-02,6.132377049180328
2020-04-03,6.13032786885246
2020-04-04,6.12827868852459
2020-04-05,6.1262295081967215
2020-04-06,6.124180327868853
2020-04-07,6.122131147540983
2020-04-08,6.120081967213115
2020-04-09,6.118032786885246
2020-04-10,6.115983606557378
2020-04-11,6.113934426229508
2020-04-12,6.1118852459016395
2020-04-13,6.109836065573771
2020-04-14,6.107786885245901
2020-04-15,6.105737704918033
2020-04-16,6.103688524590164
2020-04-17,6.101639344262296
2020-04-18,6.099590163934426
2020-04-19,6.0975409836065575
2020-04-20,6.095491803278689
2020-04-21,6.09344262295082
2020-04-22,6.091393442622951
2020-04-23,6.089344262295082
2020-04-24,6.087295081967214
2020-04-25,6.085245901639344
2020-04-26,6.0831967213114755
2020-04-27,6.081147540983607
2020-04-28,6.079098360655738
2020-04-29,6.077049180327869
2020-04-30,6.075
2020-05-01,6.072950819672132
2020-05-02,6.070901639344262
2020-05-03,6.0688524590163935
2020-05-04,6.066803278688525
2020-05-05,6.064754098360656
2020-05-06,6.062704918032787
2020-05-07,6.060655737704918
2020-05-08,6.05860655737705
2020-05-09,6.056557377049181
2020-05-10,6.0545081967213115
2020-05-11,6.052459016393443
2020-05-12,6.050409836065574
2020-05-13,6.048360655737705
2020-05-14,6.046311475409836
2020-05-15,6.0442622950819676
2020-05-16,6.042213114754099
2020-05-17,6.0401639344262295
2020-05-18,6.038114754098361
2020-05-19,6.036065573770492
2020-05-20,6.034016393442623
2020-05-21,6.031967213114754
2020-05-22,6.0299180327868855
2020-05-23,6.027868852459017
2020-05-24,6.025819672131147
2020-05-25,6.023770491803279
2020-05-26,6.02172131147541
2020-05-27,6.019672131147542
2020-05-28,6.017622950819672
2020-05-29,6.0155737704918035
2020-05-30,6.013524590163935
2020-05-31,6.011475409836065
2020-06-01,6.009426229508197
2020-06-02,6.007377049180328
2020-06-03,6.00532786885246
2020-06-04,6.00327868852459
2020-06-05,6.0012295081967215
2020-06-06,5.999180327868853
2020-06-07,5.997131147540983
2020-06-08,5.995081967213115
2020-06-09,5.993032786885246
2020-06-10,5.990983606557378
2020-06-11,5.988934426229508
2020-06-12,5.9868852459016395
2020-06-13,5.984836065573771
2020-06-14,5.982786885245901
2020-06-15,5.980737704918033
2020-06-16,5.978688524590164
2020-06-17,5.976639344262296
2020-06-18,5.974590163934426
2020-06-19,5.9725409836065575
2020-06-20,5.970491803278689
2020-06-21,5.96844262295082
2020-06-22,5.966393442622951
2020-06-23,5.964344262295082
2020-06-24,5.962295081967214
2020-06-25,5.960245901639344
2020-06-26,5.9581967213114755
2020-06-27,5.956147540983607
2020-06-28,5.954098360655738
2020-06-29,5.952049180327869
2020-06-30,5.95
2020-07-01,5.950630136986302
2020-07-02,5.951260273972603
2020-07-03,5.951890410958904
2020-07-04,5.9525205479452055
2020-07-05,5.953150684931507
2020-07-06,5.9537808219178086
2020-07-07,5.95441095890411
2020-07-08,5.955041095890411
2020-07-09,5.955671232876712
2020-07-10,5.956301369863014
2020-07-11,5.956931506849315
2020-07-12,5.957561643835617
2020-07-13,5.958191780821918
2020-07-14,5.958821917808219
2020-07-15,5.959452054794521
2020-07-16,5.960082191780822
2020-07-17,5.960712328767124
2020-07-18,5.961342465753424
2020-07-19,5.961972602739726
2020-07-20,5.9626027397260275
2020-07-21,5.963232876712329
2020-07-22,5.963863013698631
2020-07-23,5.964493150684931
2020-07-24,5.965123287671233
2020-07-25,5.965753424657534
2020-07-26,5.966383561643836
2020-07-27,5.967013698630137
2020-07-28,5.967643835616438
2020-07-29,5.96827397260274
2020-07-30,5.968904109589041
2020-07-31,5.969534246575343
2020-08-01,5.970164383561644
2020-08-02,5.970794520547945
2020-08-03,5.9714246575342464
2020-08-04,5.972054794520548
2020-08-05,5.9726849315068495
2020-08-06,5.973315068493151
2020-08-07,5.973945205479453
2020-08-08,5.974575342465753
2020-08-09,5.975205479452055
2020-08-10,5.975835616438356
2020-08-11,5.976465753424658
2020-08-12,5.9770958904109595
2020-08-13,5.97772602739726
2020-08-14,5.978356164383562
2020-08-15,5.978986301369863
2020-08-16,5.979616438356165
2020-08-17,5.980246575342466
2020-08-18,5.980876712328767
2020-08-19,5.9815068493150685
2020-08-20,5.98213698630137
2020-08-21,5.982767123287672
2020-08-22,5.983397260273973
2020-08-23,5.984027397260274
2020-08-24,5.984657534246575
2020-08-25,5.985287671232877
2020-08-26,5.985917808219178
2020-08-27,5.98654794520548
2020-08-28,5.987178082191781
2020-08-29,5.987808219178082
2020-08-30,5.988438356164384
2020-08-31,5.989068493150685
2020-09-01,5.989698630136987
2020-09-02,5.990328767123287
2020-09-03,5.990958904109589
2020-09-04,5.9915890410958905
2020-09-05,5.992219178082192
2020-09-06,5.992849315068494
2020-09-07,5.993479452054794
2020-09-08,5.994109589041096
2020-09-09,5.994739726027397
2020-09-10,5.995369863013699
2020-09-11,5.996
2020-09-12,5.996630136986301
2020-09-13,5.997260273972603
2020-09-14,5.997890410958904
2020-09-15,5.998520547945206
2020-09-16,5.999150684931507
2020-09-17,5.999780821917808
2020-09-18,6.0004109589041095
2020-09-19,6.001041095890411
2020-09-20,6.001671232876713
2020-09-21,6.002301369863014
2020-09-22,6.002931506849315
2020-09-23,6.003561643835616
2020-09-24,6.004191780821918
2020-09-25,6.004821917808219
2020-09-26,6.005452054794521
2020-09-27,6.006082191780822
2020-09-28,6.006712328767123
2020-09-29,6.007342465753425
2020-09-30,6.007972602739726
2020-10-01,6.008602739726028
2020-10-02,6.009232876712328
2020-10-03,6.00986301369863
2020-10-04,6.0104931506849315
2020-10-05,6.011123287671233
2020-10-06,6.011753424657535
2020-10-07,6.012383561643835
2020-10-08,6.013013698630137
2020-10-09,6.013643835616438
2020-10-10,6.01427397260274
2020-10-11,6.014904109589041
2020-10-12,6.015534246575342
2020-10-13,6.016164383561644
2020-10-14,6.016794520547945
2020-10-15,6.017424657534247
2020-10-16,6.018054794520548
2020-10-17,6.018684931506849
2020-10-18,6.0193150684931505
2020-10-19,6.019945205479452
2020-10-20,6.0205753424657535
2020-10-21,6.021205479452055
2020-10-22,6.021835616438357
2020-10-23,6.022465753424657
2020-10-24,6.023095890410959
2020-10-25,6.02372602739726
2020-10-26,6.024356164383562
2020-10-27,6.0249863013698635
2020-10-28,6.025616438356164
2020-10-29,6.026246575342466
2020-10-30,6.026876712328767
2020-10-31,6.027506849315069
2020-11-01,6.02813698630137
2020-11-02,6.028767123287671
2020-11-03,6.0293972602739725
2020-11-04,6.030027397260274
2020-11-05,6.030657534246576
2020-11-06,6.031287671232877
2020-11-07,6.031917808219178
2020-11-08,6.032547945205479
2020-11-09,6.033178082191781
2020-11-10,6.033808219178082
2020-11-11,6.034438356164384
2020-11-12,6.035068493150685
2020-11-13,6.035698630136986
2020-11-14,6.036328767123288
2020-11-15,6.036958904109589
2020-11-16,6.037589041095891
2020-11-17,6.038219178082191
2020-11-18,6.038849315068493
2020-11-19,6.0394794520547945
2020-11-20,6.040109589041096
2020-11-21,6.040739726027398
2020-11-22,6.041369863013698
2020-11-23,6.042
2020-11-24,6.042630136986301
2020-11-25,6.043260273972603
2020-11-26,6.0438904109589044
2020-11-27,6.044520547945205
2020-11-28,6.045150684931507
2020-11-29,6.045780821917808
2020-11-30,6.04641095890411
2020-12-01,6.047041095890411
2020-12-02,6.047671232876712
2020-12-03,6.0483013698630135
2020-12-04,6.048931506849315
2020-12-05,6.049561643835617
2020-12-06,6.050191780821918
2020-12-07,6.050821917808219
2020-12-08,6.05145205479452
2020-12-09,6.052082191780822
2020-12-10,6.052712328767123
2020-12-11,6.053342465753425
2020-12-12,6.053972602739726
2020-12-13,6.054602739726027
2020-12-14,6.055232876712329
2020-12-15,6.05586301369863
2020-12-16,6.056493150684932
2020-12-17,6.057123287671232
2020-12-18,6.057753424657534
2020-12-19,6.0583835616438355
2020-12-20,6.059013698630137
2020-12-21,6.059643835616439
2020-12-22,6.060273972602739
2020-12-23,6.060904109589041
2020-12-24,6.061534246575342
2020-12-25,6.062164383561644
2020-12-26,6.062794520547945
2020-12-27,6.063424657534246
2020-12-28,6.064054794520548
2020-12-29,6.064684931506849
2020-12-30,6.065315068493151
2020-12-31,6.065945205479452
2021-01-01,6.066575342465754
2021-01-02,6.0672054794520545
2021-01-03,6.067835616438356
2021-01-04,6.0684657534246575
2021-01-05,6.069095890410959
2021-01-06,6.069726027397261
2021-01-07,6.070356164383561
2021-01-08,6.070986301369863
2021-01-09,6.071616438356164
2021-01-10,6.072246575342466
2021-01-11,6.0728767123287675
2021-01-12,6.073506849315068
2021-01-13,6.07413698630137
2021-01-14,6.074767123287671
2021-01-15,6.075397260273973
2021-01-16,6.076027397260274
2021-01-17,6.076657534246575
2021-01-18,6.0772876712328765
2021-01-19,6.077917808219178
2021-01-20,6.07854794520548
2021-01-21,6.079178082191781
2021-01-22,6.079808219178082
2021-01-23,6.080438356164383
2021-01-24,6.081068493150685
2021-01-25,6.081698630136986
2021-01-26,6.082328767123288
2021-01-27,6.082958904109589
2021-01-28,6.08358904109589
2021-01-29,6.084219178082192
2021-01-30,6.084849315068493
2021-01-31,6.085479452054795
2021-02-01,6.0861095890410954
2021-02-02,6.086739726027397
2021-02-03,6.0873698630136985
2021-02-04,6.088
2021-02-05,6.088630136986302
2021-02-06,6.089260273972602
2021-02-07,6.089890410958904
2021-02-08,6.090520547945205
2021-02-09,6.091150684931507
2021-02-10,6.0917808219178085
2021-02-11,6.092410958904109
2021-02-12,6.093041095890411
2021-02-13,6.093671232876712
2021-02-14,6.094301369863014
2021-02-15,6.094931506849315
2021-02-16,6.095561643835616
2021-02-17,6.0961917808219175
2021-02-18,6.096821917808219
2021-02-19,6.097452054794521
2021-02-20,6.098082191780822
2021-02-21,6.098712328767123
2021-02-22,6.099342465753424
2021-02-23,6.099972602739726
2021-02-24,6.100602739726027
2021-02-25,6.101232876712329
2021-02-26,6.10186301369863
2021-02-27,6.102493150684931
2021-02-28,6.103123287671233
2021-03-01,6.103753424657534
2021-03-02,6.104383561643836
2021-03-03,6.105013698630136
2021-03-04,6.105643835616438
2021-03-05,6.1062739726027395
2021-03-06,6.106904109589041
2021-03-07,6.107534246575343
2021-03-08,6.108164383561643
2021-03-09,6.108794520547945
2021-03-10,6.109424657534246
2021-03-11,6.110054794520548
2021-03-12,6.110684931506849
2021-03-13,6.111315068493151
2021-03-14,6.111945205479452
2021-03-15,6.112575342465753
2021-03-16,6.113205479452055
2021-03-17,6.113835616438356
2021-03-18,6.114465753424658
2021-03-19,6.1150958904109585
2021-03-20,6.11572602739726
2021-03-21,6.1163561643835616
2021-03-22,6.116986301369863
2021-03-23,6.117616438356165
2021-03-24,6.118246575342465
2021-03-25,6.118876712328767
2021-03-26,6.119506849315068
2021-03-27,6.12013698630137
2021-03-28,6.1207671232876715
2021-03-29,6.121397260273972
2021-03-30,6.122027397260274
2021-03-31,6.122657534246575
2021-04-01,6.123287671232877
2021-04-02,6.123917808219178
2021-04-03,6.124547945205479
2021-04-04,6.1251780821917805
2021-04-05,6.125808219178082
2021-04-06,6.126438356164384
2021-04-07,6.127068493150685
2021-04-08,6.127698630136986
2021-04-09,6.128328767123287
2021-04-10,6.128958904109589
2021-04-11,6.12958904109589
2021-04-12,6.130219178082192
2021-04-13,6.130849315068493
2021-04-14,6.131479452054794
2021-04-15,6.132109589041096
2021-04-16,6.132739726027397
2021-04-17,6.133369863013699
2021-04-18,6.1339999999999995
2021-04-19,6.134630136986301
2021-04-20,6.1352602739726025
2021-04-21,6.135890410958904
2021-04-22,6.136520547945206
2021-04-23,6.137150684931506
2021-04-24,6.137780821917808
2021-04-25,6.138410958904109
2021-04-26,6.139041095890411
2021-04-27,6.1396712328767125
2021-04-28,6.140301369863013
2021-04-29,6.140931506849315
2021-04-30,6.141561643835616
2021-05-01,6.142191780821918
2021-05-02,6.142821917808219
2021-05-03,6.14345205479452
2021-05-04,6.1440821917808215
2021-05-05,6.144712328767123
2021-05-06,6.145342465753425
2021-05-07,6.145972602739726
2021-05-08,6.146602739726027
2021-05-09,6.147232876712328
2021-05-10,6.14786301369863
2021-05-11,6.148493150684931
2021-05-12,6.149123287671233
2021-05-13,6.149753424657534
2021-05-14,6.150383561643835
2021-05-15,6.151013698630137
2021-05-16,6.151643835616438
2021-05-17,6.15227397260274
2021-05-18,6.15290410958904
2021-05-19,6.153534246575342
2021-05-20,6.1541643835616435
2021-05-21,6.154794520547945
2021-05-22,6.155424657534247
2021-05-23,6.156054794520547
2021-05-24,6.156684931506849
2021-05-25,6.15731506849315
2021-05-26,6.157945205479452
2021-05-27,6.158575342465753
2021-05-28,6.159205479452055
2021-05-29,6.159835616438356
2021-05-30,6.160465753424657
2021-05-31,6.161095890410959
2021-06-01,6.16172602739726
2021-06-02,6.162356164383562
2021-06-03,6.1629863013698625
2021-06-04,6.163616438356164
2021-06-05,6.164246575342466
2021-06-06,6.164876712328767
2021-06-07,6.165506849315069
2021-06-08,6.166136986301369
2021-06-09,6.166767123287671
2021-06-10,6.167397260273972
2021-06-11,6.168027397260274
2021-06-12,6.1686575342465755
2021-06-13,6.169287671232876
2021-06-14,6.169917808219178
2021-06-15,6.170547945205479
2021-06-16,6.171178082191781
2021-06-17,6.171808219178082
2021-06-18,6.172438356164383
2021-06-19,6.1730684931506845
2021-06-20,6.173698630136986
2021-06-21,6.174328767123288
2021-06-22,6.174958904109589
2021-06-23,6.17558904109589
2021-06-24,6.176219178082191
2021-06-25,6.176849315068493
2021-06-26,6.177479452054794
2021-06-27,6.178109589041096
2021-06-28,6.178739726027397
2021-06-29,6.179369863013698
2021-06-30,6.18
2021-07-01,6.183068493150684
2021-07-02,6.18613698630137
2021-07-03,6.189205479452054
2021-07-04,6.19227397260274
2021-07-05,6.195342465753424
2021-07-06,6.198410958904109
2021-07-07,6.2014794520547945
2021-07-08,6.204547945205479
2021-07-09,6.2076164383561645
2021-07-10,6.210684931506849
2021-07-11,6.213753424657534
2021-07-12,6.216821917808219
2021-07-13,6.219890410958904
2021-07-14,6.222958904109589
2021-07-15,6.226027397260274
2021-07-16,6.229095890410958
2021-07-17,6.232164383561644
2021-07-18,6.235232876712328
2021-07-19,6.238301369863013
2021-07-20,6.2413698630136984
2021-07-21,6.244438356164383
2021-07-22,6.2475068493150685
2021-07-23,6.250575342465753
2021-07-24,6.253643835616438
2021-07-25,6.256712328767123
2021-07-26,6.259780821917808
2021-07-27,6.262849315068493
2021-07-28,6.265917808219178
2021-07-29,6.268986301369862
2021-07-30,6.272054794520548
2021-07-31,6.275123287671232
2021-08-01,6.278191780821918
2021-08-02,6.2812602739726024
2021-08-03,6.284328767123287
2021-08-04,6.2873972602739725
2021-08-05,6.290465753424657
2021-08-06,6.2935342465753426
2021-08-07,6.296602739726027
2021-08-08,6.299671232876712
2021-08-09,6.302739726027397
2021-08-10,6.305808219178082
2021-08-11,6.308876712328767
2021-08-12,6.311945205479452
2021-08-13,6.315013698630136
2021-08-14,6.318082191780822
2021-08-15,6.3211506849315064
2021-08-16,6.324219178082192
2021-08-17,6.3272876712328765
2021-08-18,6.330356164383561
2021-08-19,6.3334246575342465
2021-08-20,6.336493150684931
2021-08-21,6.339561643835617
2021-08-22,6.342630136986301
2021-08-23,6.345698630136986
2021-08-24,6.348767123287671
2021-08-25,6.351835616438356
2021-08-26,6.35490410958904
2021-08-27,6.357972602739726
2021-08-28,6.3610410958904104
2021-08-29,6.364109589041096
2021-08-30,6.3671780821917805
2021-08-31,6.370246575342465
2021-09-01,6.3733150684931505
2021-09-02,6.376383561643835
2021-09-03,6.379452054794521
2021-09-04,6.382520547945205
2021-09-05,6.38558904109589
2021-09-06,6.388657534246575
2021-09-07,6.39172602739726
2021-09-08,6.394794520547945
2021-09-09,6.39786301369863
2021-09-10,6.4009315068493144
2021-09-11,6.404
2021-09-12,6.4070684931506845
2021-09-13,6.41013698630137
2021-09-14,6.4132054794520545
2021-09-15,6.416273972602739
2021-09-16,6.419342465753425
2021-09-17,6.422410958904109
2021-09-18,6.425479452054795
2021-09-19,6.428547945205479
2021-09-20,6.431616438356164
2021-09-21,6.434684931506849
2021-09-22,6.437753424657534
2021-09-23,6.440821917808219
2021-09-24,6.443890410958904
2021-09-25,6.4469589041095885
2021-09-26,6.450027397260274
2021-09-27,6.4530958904109585
2021-09-28,6.456164383561644
2021-09-29,6.459232876712329
2021-09-30,6.462301369863013
2021-10-01,6.465369863013699
2021-10-02,6.468438356164383
2021-10-03,6.471506849315068
2021-10-04,6.474575342465753
2021-10-05,6.477643835616438
2021-10-06,6.480712328767123
2021-10-07,6.483780821917808
2021-10-08,6.4868493150684925
2021-10-09,6.489917808219178
2021-10-10,6.4929863013698625
2021-10-11,6.496054794520548
2021-10-12,6.499123287671233
2021-10-13,6.502191780821917
2021-10-14,6.505260273972603
2021-10-15,6.508328767123287
2021-10-16,6.511397260273973
2021-10-17,6.514465753424657
2021-10-18,6.517534246575342
2021-10-19,6.520602739726027
2021-10-20,6.523671232876712
2021-10-21,6.526739726027397
2021-10-22,6.529808219178082
2021-10-23,6.5328767123287665
2021-10-24,6.535945205479452
2021-10-25,6.539013698630137
2021-10-26,6.542082191780822
2021-10-27,6.545150684931507
2021-10-28,6.548219178082191
2021-10-29,6.551287671232877
2021-10-30,6.554356164383561
2021-10-31,6.557424657534247
2021-11-01,6.560493150684931
2021-11-02,6.563561643835616
2021-11-03,6.566630136986301
2021-11-04,6.569698630136986
2021-11-05,6.572767123287671
2021-11-06,6.575835616438356
2021-11-07,6.578904109589041
2021-11-08,6.581972602739726
2021-11-09,6.585041095890411
2021-11-10,6.588109589041095
2021-11-11,6.591178082191781
2021-11-12,6.594246575342465
2021-11-13,6.597315068493151
2021-11-14,6.600383561643835
2021-11-15,6.60345205479452
2021-11-16,6.606520547945205
2021-11-17,6.60958904109589
2021-11-18,6.612657534246575
2021-11-19,6.61572602739726
2021-11-20,6.618794520547945
2021-11-21,6.62186301369863
2021-11-22,6.624931506849315
2021-11-23,6.628
2021-11-24,6.631068493150685
2021-11-25,6.634136986301369
2021-11-26,6.637205479452055
2021-11-27,6.640273972602739
2021-11-28,6.643342465753425
2021-11-29,6.646410958904109
2021-11-30,6.649479452054794
2021-12-01,6.652547945205479
2021-12-02,6.655616438356164
2021-12-03,6.6586849315068495
2021-12-04,6.661753424657534
2021-12-05,6.664821917808219
2021-12-06,6.667890410958904
2021-12-07,6.670958904109589
2021-12-08,6.674027397260274
2021-12-09,6.677095890410959
2021-12-10,6.680164383561643
2021-12-11,6.683232876712329
2021-12-12,6.686301369863013
2021-12-13,6.689369863013699
2021-12-14,6.692438356164383
2021-12-15,6.695506849315068
2021-12-16,6.6985753424657535
2021-12-17,6.701643835616438
2021-12-18,6.704712328767123
2021-12-19,6.707780821917808
2021-12-20,6.710849315068493
2021-12-21,6.713917808219178
2021-12-22,6.716986301369863
2021-12-23,6.720054794520547
2021-12-24,6.723123287671233
2021-12-25,6.726191780821917
2021-12-26,6.729260273972603
2021-12-27,6.732328767123287
2021-12-28,6.735397260273972
2021-12-29,6.7384657534246575
2021-12-30,6.741534246575342
2021-12-31,6.7446027397260275
2022-01-01,6.747671232876712
2022-01-02,6.750739726027397
2022-01-03,6.753808219178082
2022-01-04,6.756876712328767
2022-01-05,6.759945205479452
2022-01-06,6.763013698630137
2022-01-07,6.766082191780821
2022-01-08,6.769150684931507
2022-01-09,6.772219178082191
2022-01-10,6.775287671232877
2022-01-11,6.7783561643835615
2022-01-12,6.781424657534246
2022-01-13,6.7844931506849315
2022-01-14,6.787561643835616
2022-01-15,6.790630136986302
2022-01-16,6.793698630136986
2022-01-17,6.796767123287671
2022-01-18,6.799835616438356
2022-01-19,6.802904109589041
2022-01-20,6.805972602739726
2022-01-21,6.809041095890411
2022-01-22,6.812109589041095
2022-01-23,6.815178082191781
2022-01-24,6.8182465753424655
2022-01-25,6.82131506849315
2022-01-26,6.8243835616438355
2022-01-27,6.82745205479452
2022-01-28,6.830520547945206
2022-01-29,6.83358904109589
2022-01-30,6.836657534246575
2022-01-31,6.83972602739726
2022-02-01,6.842794520547945
2022-02-02,6.84586301369863
2022-02-03,6.848931506849315
2022-02-04,6.851999999999999
2022-02-05,6.855068493150685
2022-02-06,6.8581369863013695
2022-02-07,6.861205479452055
2022-02-08,6.8642739726027395
2022-02-09,6.867342465753424
2022-02-10,6.87041095890411
2022-02-11,6.873479452054794
2022-02-12,6.87654794520548
2022-02-13,6.879616438356164
2022-02-14,6.882684931506849
2022-02-15,6.885753424657534
2022-02-16,6.888821917808219
2022-02-17,6.891890410958904
2022-02-18,6.894958904109589
2022-02-19,6.8980273972602735
2022-02-20,6.901095890410959
2022-02-21,6.9041643835616435
2022-02-22,6.907232876712329
2022-02-23,6.910301369863014
2022-02-24,6.913369863013698
2022-02-25,6.916438356164384
2022-02-26,6.919506849315068
2022-02-27,6.922575342465753
2022-02-28,6.925643835616438
2022-03-01,6.928712328767123
2022-03-02,6.931780821917808
2022-03-03,6.934849315068493
2022-03-04,6.9379178082191775
2022-03-05,6.940986301369863
2022-03-06,6.9440547945205475
2022-03-07,6.947123287671233
2022-03-08,6.950191780821918
2022-03-09,6.953260273972602
2022-03-10,6.956328767123288
2022-03-11,6.959397260273972
2022-03-12,6.962465753424658
2022-03-13,6.965534246575342
2022-03-14,6.968602739726027
2022-03-15,6.971671232876712
2022-03-16,6.974739726027397
2022-03-17,6.977808219178082
2022-03-18,6.980876712328767
2022-03-19,6.9839452054794515
2022-03-20,6.987013698630137
2022-03-21,6.990082191780822
2022-03-22,6.993150684931507
2022-03-23,6.996219178082192
2022-03-24,6.999287671232876
2022-03-25,7.002356164383562
2022-03-26,7.005424657534246
2022-03-27,7.008493150684932
2022-03-28,7.011561643835616
2022-03-29,7.014630136986301
2022-03-30,7.017698630136986
2022-03-31,7.020767123287671
2022-04-01,7.023835616438356
2022-04-02,7.026904109589041
2022-04-03,7.029972602739726
2022-04-04,7.033041095890411
2022-04-05,7.036109589041096
2022-04-06,7.03917808219178
2022-04-07,7.042246575342466
2022-04-08,7.04531506849315
2022-04-09,7.048383561643836
2022-04-10,7.05145205479452
2022-04-11,7.054520547945205
2022-04-12,7.05758904109589
2022-04-13,7.060657534246575
2022-04-14,7.06372602739726
2022-04-15,7.066794520547945
2022-04-16,7.06986301369863
2022-04-17,7.072931506849315
2022-04-18,7.076
2022-04-19,7.079068493150685
2022-04-20,7.08213698630137
2022-04-21,7.085205479452054
2022-04-22,7.08827397260274
2022-04-23,7.091342465753424
2022-04-24,7.09441095890411
2022-04-25,7.097479452054794
2022-04-26,7.100547945205479
2022-04-27,7.103616438356164
2022-04-28,7.106684931506849
2022-04-29,7.1097534246575345
2022-04-30,7.112821917808219
2022-05-01,7.115890410958904
2022-05-02,7.118958904109589
2022-05-03,7.122027397260274
2022-05-04,7.125095890410959
2022-05-05,7.128164383561644
2022-05-06,7.131232876712328
2022-05-07,7.134301369863014
2022-05-08,7.137369863013698
2022-05-09,7.140438356164384
2022-05-10,7.143506849315068
2022-05-11,7.146575342465753
2022-05-12,7.1496438356164385
2022-05-13,7.152712328767123
2022-05-14,7.155780821917808
2022-05-15,7.158849315068493
2022-05-16,7.161917808219178
2022-05-17,7.164986301369863
2022-05-18,7.168054794520548
2022-05-19,7.171123287671232
2022-05-20,7.174191780821918
2022-05-21,7.177260273972602
2022-05-22,7.180328767123288
2022-05-23,7.183397260273972
2022-05-24,7.186465753424657
2022-05-25,7.1895342465753425
2022-05-26,7.192602739726027
2022-05-27,7.1956712328767125
2022-05-28,7.198739726027397
2022-05-29,7.201808219178082
2022-05-30,7.204876712328767
2022-05-31,7.207945205479452
2022-06-01,7.211013698630137
2022-06-02,7.214082191780822
2022-06-03,7.217150684931506
2022-06-04,7.220219178082192
2022-06-05,7.223287671232876
2022-06-06,7.226356164383562
2022-06-07,7.2294246575342465
2022-06-08,7.232493150684931
2022-06-09,7.2355616438356165
2022-06-10,7.238630136986301
2022-06-11,7.241698630136987
2022-06-12,7.244767123287671
2022-06-13,7.247835616438356
2022-06-14,7.250904109589041
2022-06-15,7.253972602739726
2022-06-16,7.257041095890411
2022-06-17,7.260109589041096
2022-06-18,7.26317808219178
2022-06-19,7.266246575342466
2022-06-20,7.2693150684931505
2022-06-21,7.272383561643835
2022-06-22,7.2754520547945205
2022-06-23,7.278520547945205
2022-06-24,7.281589041095891
2022-06-25,7.284657534246575
2022-06-26,7.28772602739726
2022-06-27,7.290794520547945
2022-06-28,7.29386301369863
2022-06-29,7.296931506849315
2022-06-30,7.3
2022-07-01,7.299808219178082
2022-07-02,7.299616438356164
2022-07-03,7.299424657534247
2022-07-04,7.2992328767123285
2022-07-05,7.299041095890411
2022-07-06,7.298849315068493
2022-07-07,7.298657534246575
2022-07-08,7.298465753424657
2022-07-09,7.29827397260274
2022-07-10,7.298082191780821
2022-07-11,7.297890410958904
2022-07-12,7.297698630136986
2022-07-13,7.297506849315068
2022-07-14,7.297315068493151
2022-07-15,7.297123287671233
2022-07-16,7.296931506849315
2022-07-17,7.296739726027397
2022-07-18,7.29654794520548
2022-07-19,7.296356164383561
2022-07-20,7.296164383561644
2022-07-21,7.295972602739726
2022-07-22,7.295780821917808
2022-07-23,7.29558904109589
2022-07-24,7.2953972602739725
2022-07-25,7.295205479452054
2022-07-26,7.295013698630137
2022-07-27,7.294821917808219
2022-07-28,7.294630136986301
2022-07-29,7.294438356164384
2022-07-30,7.2942465753424655
2022-07-31,7.294054794520548
2022-08-01,7.29386301369863
2022-08-02,7.293671232876712
2022-08-03,7.293479452054794
2022-08-04,7.293287671232877
2022-08-05,7.293095890410958
2022-08-06,7.292904109589041
2022-08-07,7.292712328767124
2022-08-08,7.292520547945205
2022-08-09,7.292328767123288
2022-08-10,7.29213698630137
2022-08-11,7.291945205479452
2022-08-12,7.291753424657534
2022-08-13,7.291561643835617
2022-08-14,7.291369863013698
2022-08-15,7.291178082191781
2022-08-16,7.290986301369863
2022-08-17,7.290794520547945
2022-08-18,7.290602739726027
2022-08-19,7.2904109589041095
2022-08-20,7.290219178082192
2022-08-21,7.290027397260274
2022-08-22,7.289835616438356
2022-08-23,7.289643835616438
2022-08-24,7.289452054794521
2022-08-25,7.2892602739726025
2022-08-26,7.289068493150685
2022-08-27,7.288876712328767
2022-08-28,7.288684931506849
2022-08-29,7.288493150684931
2022-08-30,7.288301369863014
2022-08-31,7.288109589041095
2022-09-01,7.287917808219178
2022-09-02,7.287726027397261
2022-09-03,7.287534246575342
2022-09-04,7.287342465753425
2022-09-05,7.287150684931507
2022-09-06,7.286958904109589
2022-09-07,7.286767123287671
2022-09-08,7.286575342465754
2022-09-09,7.286383561643835
2022-09-10,7.286191780821918
2022-09-11,7.286
2022-09-12,7.285808219178082
2022-09-13,7.285616438356164
2022-09-14,7.2854246575342465
2022-09-15,7.285232876712329
2022-09-16,7.285041095890411
2022-09-17,7.284849315068493
2022-09-18,7.284657534246575
2022-09-19,7.284465753424658
2022-09-20,7.2842739726027395
2022-09-21,7.284082191780822
2022-09-22,7.283890410958904
2022-09-23,7.283698630136986
2022-09-24,7.283506849315068
2022-09-25,7.283315068493151
2022-09-26,7.283123287671232
2022-09-27,7.282931506849315
2022-09-28,7.282739726027398
2022-09-29,7.282547945205479
2022-09-30,7.282356164383562
2022-10-01,7.282164383561644
2022-10-02,7.281972602739726
2022-10-03,7.281780821917808
2022-10-04,7.281589041095891
2022-10-05,7.281397260273972
2022-10-06,7.281205479452055
2022-10-07,7.281013698630137
2022-10-08,7.280821917808219
2022-10-09,7.280630136986302
2022-10-10,7.2804383561643835
2022-10-11,7.280246575342466
2022-10-12,7.280054794520548
2022-10-13,7.27986301369863
2022-10-14,7.279671232876712
2022-10-15,7.279479452054795
2022-10-16,7.2792876712328765
2022-10-17,7.279095890410959
2022-10-18,7.278904109589041
2022-10-19,7.278712328767123
2022-10-20,7.278520547945205
2022-10-21,7.278328767123288
2022-10-22,7.27813698630137
2022-10-23,7.277945205479452
2022-10-24,7.277753424657535
2022-10-25,7.277561643835616
2022-10-26,7.277369863013699
2022-10-27,7.277178082191781
2022-10-28,7.276986301369863
2022-10-29,7.276794520547945
2022-10-30,7.276602739726028
2022-10-31,7.276410958904109
2022-11-01,7.276219178082192
2022-11-02,7.276027397260274
2022-11-03,7.275835616438356
2022-11-04,7.275643835616439
2022-11-05,7.2754520547945205
2022-11-06,7.275260273972603
2022-11-07,7.275068493150685
2022-11-08,7.274876712328767
2022-11-09,7.274684931506849
2022-11-10,7.274493150684932
2022-11-11,7.2743013698630135
2022-11-12,7.274109589041096
2022-11-13,7.273917808219178
2022-11-14,7.27372602739726
2022-11-15,7.273534246575342
2022-11-16,7.273342465753425
2022-11-17,7.273150684931507
2022-11-18,7.272958904109589
2022-11-19,7.272767123287672
2022-11-20,7.272575342465753
2022-11-21,7.272383561643836
2022-11-22,7.272191780821918
2022-11-23,7.272
2022-11-24,7.271808219178082
2022-11-25,7.271616438356165
2022-11-26,7.271424657534246
2022-11-27,7.271232876712329
2022-11-28,7.271041095890411
2022-11-29,7.270849315068493
2022-11-30,7.270657534246576
2022-12-01,7.2704657534246575
2022-12-02,7.27027397260274
2022-12-03,7.270082191780822
2022-12-04,7.269890410958904
2022-12-05,7.269698630136986
2022-12-06,7.269506849315069
2022-12-07,7.2693150684931505
2022-12-08,7.269123287671233
2022-12-09,7.268931506849315
2022-12-10,7.268739726027397
2022-12-11,7.26854794520548
2022-12-12,7.268356164383562
2022-12-13,7.268164383561644
2022-12-14,7.267972602739726
2022-12-15,7.267780821917809
2022-12-16,7.26758904109589
2022-12-17,7.267397260273973
2022-12-18,7.267205479452055
2022-12-19,7.267013698630137
2022-12-20,7.266821917808219
2022-12-21,7.266630136986302
2022-12-22,7.266438356164383
2022-12-23,7.266246575342466
2022-12-24,7.2660547945205485
2022-12-25,7.26586301369863
2022-12-26,7.265671232876713
2022-12-27,7.2654794520547945
2022-12-28,7.265287671232877
2022-12-29,7.265095890410959
2022-12-30,7.264904109589041
2022-12-31,7.264712328767123
2023-01-01,7.264520547945206
2023-01-02,7.2643287671232875
2023-01-03,7.26413698630137
2023-01-04,7.263945205479452
2023-01-05,7.263753424657534
2023-01-06,7.263561643835617
2023-01-07,7.263369863013699
2023-01-08,7.263178082191781
2023-01-09,7.262986301369863
2023-01-10,7.262794520547946
2023-01-11,7.262602739726027
2023-01-12,7.26241095890411
2023-01-13,7.262219178082192
2023-01-14,7.262027397260274
2023-01-15,7.261835616438356
2023-01-16,7.261643835616439
2023-01-17,7.26145205479452
2023-01-18,7.261260273972603
2023-01-19,7.2610684931506855
2023-01-20,7.260876712328767
2023-01-21,7.26068493150685
2023-01-22,7.2604931506849315
2023-01-23,7.260301369863014
2023-01-24,7.260109589041096
2023-01-25,7.259917808219178
2023-01-26,7.25972602739726
2023-01-27,7.259534246575343
2023-01-28,7.2593424657534245
2023-01-29,7.259150684931507
2023-01-30,7.258958904109589
2023-01-31,7.258767123287671
2023-02-01,7.258575342465754
2023-02-02,7.258383561643836
2023-02-03,7.258191780821918
2023-02-04,7.258
2023-02-05,7.257808219178083
2023-02-06,7.257616438356164
2023-02-07,7.257424657534247
2023-02-08,7.257232876712329
2023-02-09,7.257041095890411
2023-02-10,7.256849315068493
2023-02-11,7.256657534246576
2023-02-12,7.256465753424658
2023-02-13,7.25627397260274
2023-02-14,7.2560821917808225
2023-02-15,7.255890410958904
2023-02-16,7.255698630136987
2023-02-17,7.2555068493150685
2023-02-18,7.255315068493151
2023-02-19,7.255123287671233
2023-02-20,7.254931506849315
2023-02-21,7.254739726027397
2023-02-22,7.25454794520548
2023-02-23,7.2543561643835615
2023-02-24,7.254164383561644
2023-02-25,7.253972602739727
2023-02-26,7.253780821917808
2023-02-27,7.253589041095891
2023-02-28,7.253397260273973
2023-03-01,7.253205479452055
2023-03-02,7.253013698630137
2023-03-03,7.25282191780822
2023-03-04,7.252630136986301
2023-03-05,7.252438356164384
2023-03-06,7.252246575342466
2023-03-07,7.252054794520548
2023-03-08,7.25186301369863
2023-03-09,7.251671232876713
2023-03-10,7.251479452054795
2023-03-11,7.251287671232877
2023-03-12,7.2510958904109595
2023-03-13,7.250904109589041
2023-03-14,7.250712328767124
2023-03-15,7.2505205479452055
2023-03-16,7.250328767123288
2023-03-17,7.25013698630137
2023-03-18,7.249945205479452
2023-03-19,7.249753424657534
2023-03-20,7.249561643835617
2023-03-21,7.2493698630136985
2023-03-22,7.249178082191781
2023-03-23,7.248986301369864
2023-03-24,7.248794520547945
2023-03-25,7.248602739726028
2023-03-26,7.24841095890411
2023-03-27,7.248219178082192
2023-03-28,7.248027397260274
2023-03-29,7.247835616438357
2023-03-30,7.247643835616438
2023-03-31,7.247452054794521
2023-04-01,7.247260273972603
2023-04-02,7.247068493150685
2023-04-03,7.246876712328767
2023-04-04,7.24668493150685
2023-04-05,7.246493150684932
2023-04-06,7.246301369863014
2023-04-07,7.2461095890410965
2023-04-08,7.245917808219178
2023-04-09,7.245726027397261
2023-04-10,7.2455342465753425
2023-04-11,7.245342465753425
2023-04-12,7.245150684931507
2023-04-13,7.244958904109589
2023-04-14,7.244767123287671
2023-04-15,7.244575342465754
2023-04-16,7.244383561643836
2023-04-17,7.244191780821918
2023-04-18,7.244000000000001
2023-04-19,7.243808219178082
2023-04-20,7.243616438356165
2023-04-21,7.243424657534247
2023-04-22,7.243232876712329
2023-04-23,7.243041095890411
2023-04-24,7.242849315068494
2023-04-25,7.242657534246575
2023-04-26,7.242465753424658
2023-04-27,7.24227397260274
2023-04-28,7.242082191780822
2023-04-29,7.241890410958905
2023-04-30,7.241698630136987
2023-05-01,7.241506849315069
2023-05-02,7.241315068493151
2023-05-03,7.2411232876712335
2023-05-04,7.240931506849315
2023-05-05,7.240739726027398
2023-05-06,7.2405479452054795
2023-05-07,7.240356164383562
2023-05-08,7.240164383561644
2023-05-09,7.239972602739726
2023-05-10,7.239780821917808
2023-05-11,7.239589041095891
2023-05-12,7.239397260273973
2023-05-13,7.239205479452055
2023-05-14,7.239013698630138
2023-05-15,7.238821917808219
2023-05-16,7.238630136986302
2023-05-17,7.238438356164384
2023-05-18,7.238246575342466
2023-05-19,7.238054794520548
2023-05-20,7.237863013698631
2023-05-21,7.237671232876712
2023-05-22,7.237479452054795
2023-05-23,7.237287671232877
2023-05-24,7.237095890410959
2023-05-25,7.236904109589042
2023-05-26,7.236712328767124
2023-05-27,7.236520547945206
2023-05-28,7.236328767123288
2023-05-29,7.2361369863013705
2023-05-30,7.235945205479452
2023-05-31,7.235753424657535
2023-06-01,7.2355616438356165
2023-06-02,7.235369863013699
2023-06-03,7.235178082191781
2023-06-04,7.234986301369863
2023-06-05,7.234794520547946
2023-06-06,7.234602739726028
2023-06-07,7.23441095890411
2023-06-08,7.234219178082192
2023-06-09,7.234027397260275
2023-06-10,7.233835616438356
2023-06-11,7.233643835616439
2023-06-12,7.233452054794521
2023-06-13,7.233260273972603
2023-06-14,7.233068493150685
2023-06-15,7.232876712328768
2023-06-16,7.232684931506849
2023-06-17,7.232493150684932
2023-06-18,7.2323013698630145
2023-06-19,7.232109589041096
2023-06-20,7.231917808219179
2023-06-21,7.231726027397261
2023-06-22,7.231534246575343
2023-06-23,7.231342465753425
2023-06-24,7.2311506849315075
2023-06-25,7.230958904109589
2023-06-26,7.230767123287672
2023-06-27,7.2305753424657535
2023-06-28,7.230383561643836
2023-06-29,7.230191780821918
2023-06-30,7.23
2023-07-01,7.229562841530055
2023-07-02,7.22912568306011
2023-07-03,7.228688524590164
2023-07-04,7.228251366120219
2023-07-05,7.227814207650273
2023-07-06,7.227377049180328
2023-07-07,7.226939890710383
2023-07-08,7.226502732240437
2023-07-09,7.226065573770493
2023-07-10,7.225628415300547
2023-07-11,7.225191256830602
2023-07-12,7.224754098360656
2023-07-13,7.224316939890711
2023-07-14,7.223879781420766
2023-07-15,7.22344262295082
2023-07-16,7.223005464480875
2023-07-17,7.222568306010929
2023-07-18,7.222131147540984
2023-07-19,7.2216939890710385
2023-07-20,7.221256830601093
2023-07-21,7.220819672131148
2023-07-22,7.220382513661202
2023-07-23,7.219945355191257
2023-07-24,7.2195081967213115
2023-07-25,7.219071038251367
2023-07-26,7.218633879781422
2023-07-27,7.218196721311476
2023-07-28,7.217759562841531
2023-07-29,7.217322404371585
2023-07-30,7.21688524590164
2023-07-31,7.2164480874316945
2023-08-01,7.216010928961749
2023-08-02,7.215573770491804
2023-08-03,7.215136612021858
2023-08-04,7.214699453551913
2023-08-05,7.2142622950819675
2023-08-06,7.213825136612022
2023-08-07,7.213387978142077
2023-08-08,7.212950819672131
2023-08-09,7.212513661202186
2023-08-10,7.21207650273224
2023-08-11,7.211639344262296
2023-08-12,7.2112021857923505
2023-08-13,7.210765027322405
2023-08-14,7.21032786885246
2023-08-15,7.209890710382514
2023-08-16,7.209453551912569
2023-08-17,7.2090163934426235
2023-08-18,7.208579234972678
2023-08-19,7.208142076502733
2023-08-20,7.207704918032787
2023-08-21,7.207267759562842
2023-08-22,7.206830601092896
2023-08-23,7.206393442622951
2023-08-24,7.205956284153006
2023-08-25,7.20551912568306
2023-08-26,7.205081967213115
2023-08-27,7.204644808743169
2023-08-28,7.204207650273225
2023-08-29,7.203770491803279
2023-08-30,7.203333333333334
2023-08-31,7.202896174863389
2023-09-01,7.202459016393443
2023-09-02,7.202021857923498
2023-09-03,7.201584699453552
2023-09-04,7.201147540983607
2023-09-05,7.200710382513662
2023-09-06,7.200273224043716
2023-09-07,7.199836065573771
2023-09-08,7.199398907103825
2023-09-09,7.19896174863388
2023-09-10,7.1985245901639345
2023-09-11,7.198087431693989
2023-09-12,7.197650273224044
2023-09-13,7.197213114754099
2023-09-14,7.196775956284154
2023-09-15,7.196338797814208
2023-09-16,7.195901639344263
2023-09-17,7.195464480874318
2023-09-18,7.195027322404372
2023-09-19,7.194590163934427
2023-09-20,7.194153005464481
2023-09-21,7.193715846994536
2023-09-22,7.1932786885245905
2023-09-23,7.192841530054645
2023-09-24,7.1924043715847
2023-09-25,7.191967213114754
2023-09-26,7.191530054644809
2023-09-27,7.1910928961748635
2023-09-28,7.190655737704918
2023-09-29,7.190218579234973
2023-09-30,7.189781420765028
2023-10-01,7.189344262295083
2023-10-02,7.188907103825137
2023-10-03,7.188469945355192
2023-10-04,7.1880327868852465
2023-10-05,7.187595628415301
2023-10-06,7.187158469945356
2023-10-07,7.18672131147541
2023-10-08,7.186284153005465
2023-10-09,7.1858469945355194
2023-10-10,7.185409836065574
2023-10-11,7.184972677595629
2023-10-12,7.184535519125683
2023-10-13,7.184098360655738
2023-10-14,7.183661202185792
2023-10-15,7.183224043715847
2023-10-16,7.182786885245902
2023-10-17,7.182349726775957
2023-10-18,7.181912568306012
2023-10-19,7.181475409836066
2023-10-20,7.181038251366121
2023-10-21,7.180601092896175
2023-10-22,7.18016393442623
2023-10-23,7.179726775956285
2023-10-24,7.179289617486339
2023-10-25,7.178852459016394
2023-10-26,7.178415300546448
2023-10-27,7.177978142076503
2023-10-28,7.177540983606558
2023-10-29,7.177103825136612
2023-10-30,7.176666666666667
2023-10-31,7.176229508196721
2023-11-01,7.175792349726776
2023-11-02,7.175355191256831
2023-11-03,7.174918032786886
2023-11-04,7.174480874316941
2023-11-05,7.174043715846995
2023-11-06,7.17360655737705
2023-11-07,7.173169398907104
2023-11-08,7.172732240437159
2023-11-09,7.1722950819672135
2023-11-10,7.171857923497268
2023-11-11,7.171420765027323
2023-11-12,7.170983606557377
2023-11-13,7.170546448087432
2023-11-14,7.1701092896174865
2023-11-15,7.169672131147541
2023-11-16,7.169234972677596
2023-11-17,7.16879781420765
2023-11-18,7.168360655737705
2023-11-19,7.16792349726776
2023-11-20,7.167486338797815
2023-11-21,7.1670491803278695
2023-11-22,7.166612021857924
2023-11-23,7.166174863387979
2023-11-24,7.165737704918033
2023-11-25,7.165300546448088
2023-11-26,7.1648633879781425
2023-11-27,7.164426229508197
2023-11-28,7.163989071038252
2023-11-29,7.163551912568306
2023-11-30,7.163114754098361
2023-12-01,7.162677595628415
2023-12-02,7.16224043715847
2023-12-03,7.161803278688525
2023-12-04,7.161366120218579
2023-12-05,7.160928961748634
2023-12-06,7.160491803278689
2023-12-07,7.160054644808744
2023-12-08,7.1596174863387985
2023-12-09,7.159180327868853
2023-12-10,7.158743169398908
2023-12-11,7.158306010928962
2023-12-12,7.157868852459017
2023-12-13,7.157431693989071
2023-12-14,7.156994535519126
2023-12-15,7.156557377049181
2023-12-16,7.156120218579235
2023-12-17,7.15568306010929
2023-12-18,7.155245901639344
2023-12-19,7.154808743169399
2023-12-20,7.154371584699454
2023-12-21,7.153934426229508
2023-12-22,7.153497267759564
2023-12-23,7.153060109289618
2023-12-24,7.152622950819673
2023-12-25,7.152185792349727
2023-12-26,7.151748633879782
2023-12-27,7.151311475409837
2023-12-28,7.150874316939891
2023-12-29,7.150437158469946
2023-12-30,7.15
2023-12-31,7.149562841530055
2024-01-01,7.1491256830601095
2024-01-02,7.148688524590164
2024-01-03,7.148251366120219
2024-01-04,7.147814207650273
2024-01-05,7.147377049180328
2024-01-06,7.1469398907103825
2024-01-07,7.146502732240437
2024-01-08,7.146065573770493
2024-01-09,7.145628415300547
2024-01-10,7.145191256830602
2024-01-11,7.144754098360656
2024-01-12,7.144316939890711
2024-01-13,7.1438797814207655
2024-01-14,7.14344262295082
2024-01-15,7.143005464480875
2024-01-16,7.142568306010929
2024-01-17,7.142131147540984
2024-01-18,7.1416939890710385
2024-01-19,7.141256830601093
2024-01-20,7.140819672131148
2024-01-21,7.140382513661202
2024-01-22,7.139945355191257
2024-01-23,7.139508196721311
2024-01-24,7.139071038251367
2024-01-25,7.1386338797814215
2024-01-26,7.138196721311476
2024-01-27,7.137759562841531
2024-01-28,7.137322404371585
2024-01-29,7.13688524590164
2024-01-30,7.1364480874316945
2024-01-31,7.136010928961749
2024-02-01,7.135573770491804
2024-02-02,7.135136612021858
2024-02-03,7.134699453551913
2024-02-04,7.134262295081967
2024-02-05,7.133825136612022
2024-02-06,7.133387978142077
2024-02-07,7.132950819672131
2024-02-08,7.132513661202186
2024-02-09,7.13207650273224
2024-02-10,7.131639344262296
2024-02-11,7.13120218579235
2024-02-12,7.130765027322405
2024-02-13,7.13032786885246
2024-02-14,7.129890710382514
2024-02-15,7.129453551912569
2024-02-16,7.129016393442623
2024-02-17,7.128579234972678
2024-02-18,7.128142076502733
2024-02-19,7.127704918032787
2024-02-20,7.127267759562842
2024-02-21,7.126830601092896
2024-02-22,7.126393442622951
2024-02-23,7.1259562841530055
2024-02-24,7.12551912568306
2024-02-25,7.125081967213115
2024-02-26,7.124644808743169
2024-02-27,7.124207650273225
2024-02-28,7.123770491803279
2024-02-29,7.123333333333334
2024-03-01,7.1228961748633886
2024-03-02,7.122459016393443
2024-03-03,7.122021857923498
2024-03-04,7.121584699453552
2024-03-05,7.121147540983607
2024-03-06,7.1207103825136615
2024-03-07,7.120273224043716
2024-03-08,7.119836065573771
2024-03-09,7.119398907103825
2024-03-10,7.11896174863388
2024-03-11,7.1185245901639345
2024-03-12,7.118087431693989
2024-03-13,7.117650273224044
2024-03-14,7.117213114754099
2024-03-15,7.116775956284154
2024-03-16,7.116338797814208
2024-03-17,7.115901639344263
2024-03-18,7.1154644808743175
2024-03-19,7.115027322404372
2024-03-20,7.114590163934427
2024-03-21,7.114153005464481
2024-03-22,7.113715846994536
2024-03-23,7.11327868852459
2024-03-24,7.112841530054645
2024-03-25,7.1124043715847
2024-03-26,7.111967213114754
2024-03-27,7.111530054644809
2024-03-28,7.111092896174863
2024-03-29,7.110655737704918
2024-03-30,7.110218579234973
2024-03-31,7.109781420765028
2024-04-01,7.109344262295083
2024-04-02,7.108907103825137
2024-04-03,7.108469945355192
2024-04-04,7.108032786885246
2024-04-05,7.107595628415301
2024-04-06,7.107158469945356
2024-04-07,7.10672131147541
2024-04-08,7.106284153005465
2024-04-09,7.105846994535519
2024-04-10,7.105409836065574
2024-04-11,7.104972677595629
2024-04-12,7.104535519125683
2024-04-13,7.104098360655738
2024-04-14,7.103661202185792
2024-04-15,7.103224043715847
2024-04-16,7.1027868852459015
2024-04-17,7.102349726775957
2024-04-18,7.101912568306012
2024-04-19,7.101475409836066
2024-04-20,7.101038251366121
2024-04-21,7.100601092896175
2024-04-22,7.10016393442623
2024-04-23,7.0997267759562845
2024-04-24,7.099289617486339
2024-04-25,7.098852459016394
2024-04-26,7.098415300546448
2024-04-27,7.097978142076503
2024-04-28,7.0975409836065575
2024-04-29,7.097103825136612
2024-04-30,7.096666666666667
2024-05-01,7.096229508196721
2024-05-02,7.095792349726776
2024-05-03,7.095355191256831
2024-05-04,7.094918032786886
2024-05-05,7.0944808743169405
2024-05-06,7.094043715846995
2024-05-07,7.09360655737705
2024-05-08,7.093169398907104
2024-05-09,7.092732240437159
2024-05-10,7.0922950819672135
2024-05-11,7.091857923497268
2024-05-12,7.091420765027323
2024-05-13,7.090983606557377
2024-05-14,7.090546448087432
2024-05-15,7.090109289617486
2024-05-16,7.089672131147541
2024-05-17,7.089234972677596
2024-05-18,7.08879781420765
2024-05-19,7.088360655737705
2024-05-20,7.08792349726776
2024-05-21,7.087486338797815
2024-05-22,7.0870491803278695
2024-05-23,7.086612021857924
2024-05-24,7.086174863387979
2024-05-25,7.085737704918033
2024-05-26,7.085300546448088
2024-05-27,7.084863387978142
2024-05-28,7.084426229508197
2024-05-29,7.083989071038252
2024-05-30,7.083551912568306
2024-05-31,7.083114754098361
2024-06-01,7.082677595628415
2024-06-02,7.08224043715847
2024-06-03,7.0818032786885245
2024-06-04,7.081366120218579
2024-06-05,7.080928961748634
2024-06-06,7.080491803278689
2024-06-07,7.080054644808744
2024-06-08,7.079617486338798
2024-06-09,7.079180327868853
2024-06-10,7.078743169398908
2024-06-11,7.078306010928962
2024-06-12,7.077868852459017
2024-06-13,7.077431693989071
2024-06-14,7.076994535519126
2024-06-15,7.0765573770491805
2024-06-16,7.076120218579235
2024-06-17,7.07568306010929
2024-06-18,7.075245901639344
2024-06-19,7.074808743169399
2024-06-20,7.0743715846994535
2024-06-21,7.073934426229508
2024-06-22,7.073497267759564
2024-06-23,7.073060109289618
2024-06-24,7.072622950819673
2024-06-25,7.072185792349727
2024-06-26,7.071748633879782
2024-06-27,7.0713114754098365
2024-06-28,7.070874316939891
2024-06-29,7.070437158469946
2024-06-30,7.07
2024-07-01,7.068383561643836
2024-07-02,7.066767123287671
2024-07-03,7.065150684931507
2024-07-04,7.063534246575343
2024-07-05,7.061917808219178
2024-07-06,7.060301369863014
2024-07-07,7.05868493150685
2024-07-08,7.057068493150685
2024-07-09,7.055452054794521
2024-07-10,7.053835616438357
2024-07-11,7.052219178082192
2024-07-12,7.050602739726028
2024-07-13,7.0489863013698635
2024-07-14,7.0473698630136985
2024-07-15,7.045753424657534
2024-07-16,7.04413698630137
2024-07-17,7.042520547945206
2024-07-18,7.040904109589041
2024-07-19,7.039287671232877
2024-07-20,7.037671232876713
2024-07-21,7.036054794520548
2024-07-22,7.034438356164384
2024-07-23,7.03282191780822
2024-07-24,7.031205479452055
2024-07-25,7.029589041095891
2024-07-26,7.027972602739727
2024-07-27,7.026356164383562
2024-07-28,7.024739726027398
2024-07-29,7.0231232876712335
2024-07-30,7.0215068493150685
2024-07-31,7.019890410958904
2024-08-01,7.01827397260274
2024-08-02,7.016657534246575
2024-08-03,7.015041095890411
2024-08-04,7.013424657534247
2024-08-05,7.011808219178082
2024-08-06,7.010191780821918
2024-08-07,7.008575342465754
2024-08-08,7.006958904109589
2024-08-09,7.005342465753425
2024-08-10,7.003726027397261
2024-08-11,7.002109589041096
2024-08-12,7.000493150684932
2024-08-13,6.998876712328768
2024-08-14,6.997260273972603
2024-08-15,6.9956438356164385
2024-08-16,6.9940273972602744
2024-08-17,6.9924109589041095
2024-08-18,6.990794520547945
2024-08-19,6.989178082191781
2024-08-20,6.987561643835617
2024-08-21,6.985945205479452
2024-08-22,6.984328767123288
2024-08-23,6.982712328767124
2024-08-24,6.981095890410959
2024-08-25,6.979479452054795
2024-08-26,6.977863013698631
2024-08-27,6.976246575342466
2024-08-28,6.974630136986302
2024-08-29,6.973013698630138
2024-08-30,6.971397260273973
2024-08-31,6.969780821917809
2024-09-01,6.9681643835616445
2024-09-02,6.9665479452054795
2024-09-03,6.964931506849315
2024-09-04,6.963315068493151
2024-09-05,6.961698630136986
2024-09-06,6.960082191780822
2024-09-07,6.958465753424658
2024-09-08,6.956849315068493
2024-09-09,6.955232876712329
2024-09-10,6.953616438356165
2024-09-11,6.952
2024-09-12,6.950383561643836
2024-09-13,6.948767123287672
2024-09-14,6.947150684931507
2024-09-15,6.945534246575343
2024-09-16,6.943917808219179
2024-09-17,6.942301369863014
2024-09-18,6.9406849315068495
2024-09-19,6.939068493150685
2024-09-20,6.93745205479452
2024-09-21,6.935835616438356
2024-09-22,6.934219178082192
2024-09-23,6.932602739726028
2024-09-24,6.930986301369863
2024-09-25,6.929369863013699
2024-09-26,6.927753424657535
2024-09-27,6.92613698630137
2024-09-28,6.924520547945206
2024-09-29,6.922904109589042
2024-09-30,6.921287671232877
2024-10-01,6.919671232876713
2024-10-02,6.918054794520549
2024-10-03,6.916438356164384
2024-10-04,6.9148219178082195
2024-10-05,6.913205479452055
2024-10-06,6.9115890410958905
2024-10-07,6.909972602739726
2024-10-08,6.908356164383562
2024-10-09,6.906739726027397
2024-10-10,6.905123287671233
2024-10-11,6.903506849315069
2024-10-12,6.901890410958904
2024-10-13,6.90027397260274
2024-10-14,6.898657534246576
2024-10-15,6.897041095890411
2024-10-16,6.895424657534247
2024-10-17,6.893808219178083
2024-10-18,6.892191780821918
2024-10-19,6.890575342465754
2024-10-20,6.8889589041095896
2024-10-21,6.887342465753425
2024-10-22,6.8857260273972605
2024-10-23,6.884109589041096
2024-10-24,6.882493150684931
2024-10-25,6.880876712328767
2024-10-26,6.879260273972603
2024-10-27,6.877643835616439
2024-10-28,6.876027397260274
2024-10-29,6.87441095890411
2024-10-30,6.872794520547946
2024-10-31,6.871178082191781
2024-11-01,6.869561643835617
2024-11-02,6.867945205479453
2024-11-03,6.866328767123288
2024-11-04,6.864712328767124
2024-11-05,6.86309589041096
2024-11-06,6.861479452054795
2024-11-07,6.8598630136986305
2024-11-08,6.858246575342466
2024-11-09,6.856630136986301
2024-11-10,6.855013698630137
2024-11-11,6.853397260273973
2024-11-12,6.851780821917808
2024-11-13,6.850164383561644
2024-11-14,6.84854794520548
2024-11-15,6.846931506849315
2024-11-16,6.845315068493151
2024-11-17,6.843698630136987
2024-11-18,6.842082191780822
2024-11-19,6.840465753424658
2024-11-20,6.838849315068494
2024-11-21,6.837232876712329
2024-11-22,6.835616438356165
2024-11-23,6.8340000000000005
2024-11-24,6.8323835616438355
2024-11-25,6.830767123287671
2024-11-26,6.829150684931507
2024-11-27,6.827534246575342
2024-11-28,6.825917808219178
2024-11-29,6.824301369863014
2024-11-30,6.82268493150685
2024-12-01,6.821068493150685
2024-12-02,6.819452054794521
2024-12-03,6.817835616438357
2024-12-04,6.816219178082192
2024-12-05,6.814602739726028
2024-12-06,6.812986301369864
2024-12-07,6.811369863013699
2024-12-08,6.809753424657535
2024-12-09,6.8081369863013705
2024-12-10,6.806520547945206
2024-12-11,6.8049041095890415
2024-12-12,6.803287671232877
2024-12-13,6.801671232876712
2024-12-14,6.800054794520548
2024-12-15,6.798438356164384
2024-12-16,6.796821917808219
2024-12-17,6.795205479452055
2024-12-18,6.793589041095891
2024-12-19,6.791972602739726
2024-12-20,6.790356164383562
2024-12-21,6.788739726027398
2024-12-22,6.787123287671233
2024-12-23,6.785506849315069
2024-12-24,6.783890410958905
2024-12-25,6.78227397260274
2024-12-26,6.780657534246576
2024-12-27,6.7790410958904115
2024-12-28,6.7774246575342465
2024-12-29,6.775808219178082
2024-12-30,6.774191780821918
2024-12-31,6.772575342465753
2025-01-01,6.770958904109589
2025-01-02,6.769342465753425
2025-01-03,6.767726027397261
2025-01-04,6.766109589041096
2025-01-05,6.764493150684932
2025-01-06,6.762876712328768
2025-01-07,6.761260273972603
2025-01-08,6.759643835616439
2025-01-09,6.758027397260275
2025-01-10,6.75641095890411
2025-01-11,6.754794520547946
2025-01-12,6.7531780821917815
2025-01-13,6.7515616438356165
2025-01-14,6.749945205479452
2025-01-15,6.748328767123288
2025-01-16,6.746712328767123
2025-01-17,6.745095890410959
2025-01-18,6.743479452054795
2025-01-19,6.74186301369863
2025-01-20,6.740246575342466
2025-01-21,6.738630136986302
2025-01-22,6.737013698630137
2025-01-23,6.735397260273973
2025-01-24,6.733780821917809
2025-01-25,6.732164383561644
2025-01-26,6.73054794520548
2025-01-27,6.728931506849316
2025-01-28,6.727315068493151
2025-01-29,6.7256986301369865
2025-01-30,6.7240821917808224
2025-01-31,6.7224657534246575
2025-02-01,6.720849315068493
2025-02-02,6.719232876712329
2025-02-03,6.717616438356164
2025-02-04,6.716
2025-02-05,6.714383561643836
2025-02-06,6.712767123287672
2025-02-07,6.711150684931507
2025-02-08,6.709534246575343
2025-02-09,6.707917808219179
2025-02-10,6.706301369863014
2025-02-11,6.70468493150685
2025-02-12,6.703068493150686
2025-02-13,6.701452054794521
2025-02-14,6.699835616438357
2025-02-15,6.6982191780821925
2025-02-16,6.6966027397260275
2025-02-17,6.694986301369863
2025-02-18,6.693369863013699
2025-02-19,6.691753424657534
2025-02-20,6.69013698630137
2025-02-21,6.688520547945206
2025-02-22,6.686904109589041
2025-02-23,6.685287671232877
2025-02-24,6.683671232876713
2025-02-25,6.682054794520548
2025-02-26,6.680438356164384
2025-02-27,6.67882191780822
2025-02-28,6.677205479452055
2025-03-01,6.675589041095891
2025-03-02,6.673972602739727
2025-03-03,6.672356164383562
2025-03-04,6.6707397260273975
2025-03-05,6.669123287671233
2025-03-06,6.667506849315068
2025-03-07,6.665890410958904
2025-03-08,6.66427397260274
2025-03-09,6.662657534246575
2025-03-10,6.661041095890411
2025-03-11,6.659424657534247
2025-03-12,6.657808219178083
2025-03-13,6.656191780821918
2025-03-14,6.654575342465754
2025-03-15,6.65295890410959
2025-03-16,6.651342465753425
2025-03-17,6.649726027397261
2025-03-18,6.648109589041097
2025-03-19,6.646493150684932
2025-03-20,6.6448767123287675
2025-03-21,6.643260273972603
2025-03-22,6.6416438356164385
2025-03-23,6.640027397260274
2025-03-24,6.63841095890411
2025-03-25,6.636794520547945
2025-03-26,6.635178082191781
2025-03-27,6.633561643835617
2025-03-28,6.631945205479452
2025-03-29,6.630328767123288
2025-03-30,6.628712328767124
2025-03-31,6.627095890410959
2025-04-01,6.625479452054795
2025-04-02,6.623863013698631
2025-04-03,6.622246575342466
2025-04-04,6.620630136986302
2025-04-05,6.6190136986301376
2025-04-06,6.617397260273973
2025-04-07,6.6157808219178085
2025-04-08,6.614164383561644
2025-04-09,6.612547945205479
2025-04-10,6.610931506849315
2025-04-11,6.609315068493151
2025-04-12,6.607698630136987
2025-04-13,6.606082191780822
2025-04-14,6.604465753424658
2025-04-15,6.602849315068494
2025-04-16,6.601232876712329
2025-04-17,6.599616438356165
2025-04-18,6.598000000000001
2025-04-19,6.596383561643836
2025-04-20,6.594767123287672
2025-04-21,6.593150684931508
2025-04-22,6.591534246575343
2025-04-23,6.5899178082191785
2025-04-24,6.588301369863014
2025-04-25,6.586684931506849
2025-04-26,6.585068493150685
2025-04-27,6.583452054794521
2025-04-28,6.581835616438356
2025-04-29,6.580219178082192
2025-04-30,6.578602739726028
2025-05-01,6.576986301369863
2025-05-02,6.575369863013699
2025-05-03,6.573753424657535
2025-05-04,6.57213698630137
2025-05-05,6.570520547945206
2025-05-06,6.568904109589042
2025-05-07,6.567287671232877
2025-05-08,6.565671232876713
2025-05-09,6.5640547945205485
2025-05-10,6.5624383561643835
2025-05-11,6.560821917808219
2025-05-12,6.559205479452055
2025-05-13,6.55758904109589
2025-05-14,6.555972602739726
2025-05-15,6.554356164383562
2025-05-16,6.552739726027398
2025-05-17,6.551123287671233
2025-05-18,6.549506849315069
2025-05-19,6.547890410958905
2025-05-20,6.54627397260274
2025-05-21,6.544657534246576
2025-05-22,6.543041095890412
2025-05-23,6.541424657534247
2025-05-24,6.539808219178083
2025-05-25,6.5381917808219185
2025-05-26,6.536575342465754
2025-05-27,6.5349589041095895
2025-05-28,6.533342465753425
2025-05-29,6.53172602739726
2025-05-30,6.530109589041096
2025-05-31,6.528493150684932
2025-06-01,6.526876712328767
2025-06-02,6.525260273972603
2025-06-03,6.523643835616439
2025-06-04,6.522027397260274
2025-06-05,6.52041095890411
2025-06-06,6.518794520547946
2025-06-07,6.517178082191781
2025-06-08,6.515561643835617
2025-06-09,6.513945205479453
2025-06-10,6.512328767123288
2025-06-11,6.510712328767124
2025-06-12,6.5090958904109595
2025-06-13,6.5074794520547945
2025-06-14,6.50586301369863
2025-06-15,6.504246575342466
2025-06-16,6.502630136986301
2025-06-17,6.501013698630137
2025-06-18,6.499397260273973
2025-06-19,6.497780821917809
2025-06-20,6.496164383561644
2025-06-21,6.49454794520548
2025-06-22,6.492931506849316
2025-06-23,6.491315068493151
2025-06-24,6.489698630136987
2025-06-25,6.488082191780823
2025-06-26,6.486465753424658
2025-06-27,6.484849315068494
2025-06-28,6.4832328767123295
2025-06-29,6.4816164383561645
2025-06-30,6.48
2025-07-01,6.48
2025-07-02,6.48
2025-07-03,6.48
2025-07-04,6.48
2025-07-05,6.48
2025-07-06,6.48
2025-07-07,6.48
2025-07-08,6.48
2025-07-09,6.48
2025-07-10,6.48
2025-07-11,6.48
2025-07-12,6.48
2025-07-13,6.48
2025-07-14,6.48
2025-07-15,6.48
2025-07-16,6.48
2025-07-17,6.48
2025-07-18,6.48
2025-07-19,6.48
2025-07-20,6.48
2025-07-21,6.48
2025-07-22,6.48
2025-07-23,6.48
2025-07-24,6.48
2025-07-25,6.48
2025-07-26,6.48
2025-07-27,6.48
2025-07-28,6.48
2025-07-29,6.48
2025-07-30,6.48
2025-07-31,6.48
2025-08-01,6.48
2025-08-02,6.48
2025-08-03,6.48
2025-08-04,6.48
2025-08-05,6.48
2025-08-06,6.48
2025-08-07,6.48
2025-08-08,6.48
2025-08-09,6.48
2025-08-10,6.48
2025-08-11,6.48
2025-08-12,6.48
2025-08-13,6.48
2025-08-14,6.48
2025-08-15,6.48
2025-08-16,6.48
2025-08-17,6.48
2025-08-18,6.48
2025-08-19,6.48
2025-08-20,6.48
2025-08-21,6.48
2025-08-22,6.48
2025-08-23,6.48
2025-08-24,6.48
2025-08-25,6.48
2025-08-26,6.48
2025-08-27,6.48
2025-08-28,6.48
2025-08-29,6.48
2025-08-30,6.48
2025-08-31,6.48
2025-09-01,6.48
2025-09-02,6.48
2025-09-03,6.48
2025-09-04,6.48
2025-09-05,6.48
2025-09-06,6.48
2025-09-07,6.48
2025-09-08,6.48
2025-09-09,6.48
2025-09-10,6.48
2025-09-11,6.48
2025-09-12,6.48
2025-09-13,6.48
2025-09-14,6.48
2025-09-15,6.48
2025-09-16,6.48
2025-09-17,6.48
2025-09-18,6.48
2025-09-19,6.48
2025-09-20,6.48
2025-09-21,6.48
2025-09-22,6.48
2025-09-23,6.48
2025-09-24,6.48
2025-09-25,6.48
2025-09-26,6.48
2025-09-27,6.48
2025-09-28,6.48
2025-09-29,6.48
2025-09-30,6.48
2025-10-01,6.48
2025-10-02,6.48
2025-10-03,6.48
2025-10-04,6.48
2025-10-05,6.48
2025-10-06,6.48
2025-10-07,6.48
2025-10-08,6.48
2025-10-09,6.48
2025-10-10,6.48
2025-10-11,6.48
2025-10-12,6.48
2025-10-13,6.48
2025-10-14,6.48
2025-10-15,6.48
2025-10-16,6.48
2025-10-17,6.48
2025-10-18,6.48
2025-10-19,6.48
2025-10-20,6.48
2025-10-21,6.48
2025-10-22,6.48
2025-10-23,6.48
2025-10-24,6.48
2025-10-25,6.48
2025-10-26,6.48
2025-10-27,6.48
2025-10-28,6.48
2025-10-29,6.48
2025-10-30,6.48
2025-10-31,6.48
2025-11-01,6.48
2025-11-02,6.48
2025-11-03,6.48
2025-11-04,6.48
2025-11-05,6.48
2025-11-06,6.48
2025-11-07,6.48
2025-11-08,6.48
2025-11-09,6.48
2025-11-10,6.48
2025-11-11,6.48
2025-11-12,6.48
2025-11-13,6.48
2025-11-14,6.48
2025-11-15,6.48
2025-11-16,6.48
2025-11-17,6.48
2025-11-18,6.48
2025-11-19,6.48
2025-11-20,6.48
2025-11-21,6.48
2025-11-22,6.48
2025-11-23,6.48
2025-11-24,6.48
2025-11-25,6.48
2025-11-26,6.48
2025-11-27,6.48
2025-11-28,6.48
2025-11-29,6.48
2025-11-30,6.48
2025-12-01,6.48
2025-12-02,6.48
2025-12-03,6.48
2025-12-04,6.48
2025-12-05,6.48
2025-12-06,6.48
2025-12-07,6.48
2025-12-08,6.48
2025-12-09,6.48
2025-12-10,6.48
2025-12-11,6.48
2025-12-12,6.48
2025-12-13,6.48
2025-12-14,6.48
2025-12-15,6.48
2025-12-16,6.48
2025-12-17,6.48
2025-12-18,6.48
2025-12-19,6.48
2025-12-20,6.48
2025-12-21,6.48
2025-12-22,6.48
2025-12-23,6.48
2025-12-24,6.48
2025-12-25,6.48
2025-12-26,6.48
2025-12-27,6.48
2025-12-28,6.48
2025-12-29,6.48
2025-12-30,6.48
2025-12-31,6.48
