{
  "num_trades": 1380,
  "win_rate": 70.94202898550725,
  "avg_profit_pct": 5.400838415008591,
  "final_equity": 347.86096572265257,
  "total_return": 34686.096572265255
}