{
  "CAGR": 0.6167825941154659,
  "Sharpe": 1.2412412870135243,
  "maxDD": -0.7712580378056617,
  "turnover": 1.8816326530612244,
  "win_rate": 0.5303687635574837,
  "avg_hold_days": 10.0
}