Code,Name,Country,Exchange,Currency,Type,Isin
20MICRONS,20 Microns Limited,India,NSE,INR,Common Stock,INE144J01027
21STCENMGM,21st Century Management Services Limited,India,NSE,INR,Common Stock,INE253B01015
360ONE,360 ONE WAM LIMITED,India,NSE,INR,Common Stock,INE466L01038
3IINFOLTD,3i Infotech Limited,India,NSE,INR,Common Stock,INE748C01038
3MINDIA,3M India Limited,India,NSE,INR,Common Stock,INE470A01017
3PLAND,3P Land Holdings Limited,India,NSE,INR,Common Stock,INE105C01023
5PAISA,5paisa Capital Ltd,India,NSE,INR,Common Stock,INE618L01018
63MOONS,63 moons technologies limited,India,NSE,INR,Common Stock,INE111B01023
A2ZINFRA,A2Z Infra Engineering Limited,India,NSE,INR,Common Stock,INE619I01012
AAATECH,AAA Technologies Limited,India,NSE,INR,Common Stock,INE0D0U01013
AADHARHFC,Aadhar Housing Finance Ltd,India,NSE,INR,Common Stock,INE883F01010
AAKASH,Aakash Exploration Services Limited,India,NSE,INR,Common Stock,INE087Z01024
AAREYDRUGS,Aarey Drugs & Pharmaceuticals Limited,India,NSE,INR,Common Stock,INE198H01019
AARON,Aaron Industries Limited,India,NSE,INR,Common Stock,INE721Z01010
AARTECH,Aartech Solonics Limited,India,NSE,INR,Common Stock,
AARTIDRUGS,Aarti Drugs Limited,India,NSE,INR,Common Stock,INE767A01016
AARTIIND,Aarti Industries Limited,India,NSE,INR,Common Stock,INE769A01020
AARTIPHARM,Aarti Pharmalabs Limited,India,NSE,INR,Common Stock,INE0LRU01027
AARTISURF,Aarti Surfactants Limited,India,NSE,INR,Common Stock,INE09EO01013
AARVEEDEN,Aarvee Denims & Exports Limited,India,NSE,INR,Common Stock,INE273D01019
AARVI,Aarvi Encon Limited,India,NSE,INR,Common Stock,INE754X01016
AATMAJ-SM,AATMAJ-SM,India,NSE,INR,Common Stock,
AAVAS,Aavas Financiers Limited,India,NSE,INR,Common Stock,INE216P01012
ABAN,Aban Offshore Limited,India,NSE,INR,Common Stock,INE421A01028
ABB,ABB India Limited,India,NSE,INR,Common Stock,INE117A01022
ABBOTINDIA,Abbott India Limited,India,NSE,INR,Common Stock,INE358A01014
ABCAPITAL,Aditya Birla Capital Limited,India,NSE,INR,Common Stock,INE674K01013
ABDL,Allied Blenders & Distillers Ltd,India,NSE,INR,Common Stock,INE552Z01027
ABFRL,Aditya Birla Fashion and Retail Limited,India,NSE,INR,Common Stock,INE647O01011
ABGSEC,ABGSEC,India,NSE,INR,Common Stock,
ABINFRA,ABINFRA,India,NSE,INR,Common Stock,
ABLBL,ADITYA BIRLA LIFESTYLE BRANDS LTD,India,NSE,INR,Common Stock,
ABMINTLLTD,ABM International Limited,India,NSE,INR,Common Stock,INE251C01025
ABREL,Aditya Birla Real Estate Limited,India,NSE,INR,Common Stock,
ABSLAMC,Aditya Birla Sun Life AMC Limited,India,NSE,INR,Common Stock,INE404A01024
ABSLLIQUID,ABSLLIQUID,India,NSE,INR,Common Stock,
ABSMARINE-SM,ABS Marine Services Ltd,India,NSE,INR,Common Stock,
ACC,ACC Limited,India,NSE,INR,Common Stock,INE012A01025
ACCELYA,Accelya Solutions India Limited,India,NSE,INR,Common Stock,INE793A01012
ACCPL-SM,ACCPL-SM,India,NSE,INR,Common Stock,
ACCURACY,Accuracy Shipping Limited,India,NSE,INR,Common Stock,INE648Z01023
ACE,Action Construction Equipment Limited,India,NSE,INR,Common Stock,INE731H01025
ACEINTEG,Ace Integrated Solutions Limited,India,NSE,INR,Common Stock,INE543V01017
ACI,Archean Chemical Industries Limited,India,NSE,INR,Common Stock,INE128X01021
ACL,Andhra Cements Limited,India,NSE,INR,Common Stock,
ACLGATI,Allcargo Gati Limited,India,NSE,INR,Common Stock,INE152B01027
ACMESOLAR,ACME Solar Holdings Limited,India,NSE,INR,Common Stock,INE622W01025
ACTIVEINFR-SM,ACTIVEINFR-SM,India,NSE,INR,Common Stock,
ACUTAAS,ACUTAAS CHEMICALS LTD,India,NSE,INR,Common Stock,
ADANIENSOL,Adani Energy Solutions Limited,India,NSE,INR,Common Stock,INE931S01010
ADANIENT,Adani Enterprises Limited,India,NSE,INR,Common Stock,INE423A01024
ADANIGREEN,Adani Green Energy Limited,India,NSE,INR,Common Stock,INE364U01010
ADANIPORTS,Adani Ports and Special Economic Zone Limited,India,NSE,INR,Common Stock,INE742F01042
ADANIPOWER,Adani Power Limited,India,NSE,INR,Common Stock,INE814H01011
ADFFOODS,ADF Foods Limited,India,NSE,INR,Common Stock,INE982B01019
ADL,Archidply Decor Limited,India,NSE,INR,Common Stock,INE0CHO01012
ADOR,Ador Welding Limited,India,NSE,INR,Common Stock,
ADROITINFO,Adroit Infotech Limited,India,NSE,INR,Common Stock,INE737B01033
ADSL,Allied Digital Services Limited,India,NSE,INR,Common Stock,INE102I01027
ADVANIHOTR,Advani Hotels & Resorts (India) Limited,India,NSE,INR,Common Stock,INE199C01026
ADVENZYMES,Advanced Enzyme Technologies Limited,India,NSE,INR,Common Stock,INE837H01020
AEGISLOG,Aegis Logistics Limited,India,NSE,INR,Common Stock,INE208C01025
AEGISVOPAK,Aegis Vopak Terminals Ltd,India,NSE,INR,Common Stock,
AEROENTER,Aeroflex Enterprises Limited,India,NSE,INR,Common Stock,
AEROFLEX,Aeroflex Industries Limited,India,NSE,INR,Common Stock,INE024001021
AERON-SM,AERON-SM,India,NSE,INR,Common Stock,
AETHER,Aether Industries Limited,India,NSE,INR,Common Stock,INE0BWX01014
AFCONS,AFCONS INFRASTRUCTURE LTD,India,NSE,INR,Common Stock,INE101I01011
AFFLE,Affle (India) Limited,India,NSE,INR,Common Stock,INE00WC01027
AFFORDABLE,Affordable Robotic & Automation Limited,India,NSE,INR,Common Stock,
AFIL,Akme Fintrade India Ltd,India,NSE,INR,Common Stock,INE916Y01019
AFSL,Abans Financial Services Limited,India,NSE,INR,Common Stock,
AGARIND,Agarwal Industrial Corporation Limited,India,NSE,INR,Common Stock,INE204E01012
AGARWALEYE,AGARWALEYE,India,NSE,INR,Common Stock,
AGARWALFT-SM,AGARWALFT-SM,India,NSE,INR,Common Stock,
AGI,AGI Greenpac Limited,India,NSE,INR,Common Stock,INE415A01038
AGIIL,AGI Infra Limited,India,NSE,INR,Common Stock,
AGNI,AGNI,India,NSE,INR,Common Stock,
AGRITECH,Agri-Tech (India) Limited,India,NSE,INR,Common Stock,INE449G01018
AGROPHOS,Agro Phos India Limited,India,NSE,INR,Common Stock,INE740V01019
AGSTRA,AGS Transact Technologies Limited,India,NSE,INR,Common Stock,INE583L01014
AGUL-SM,AGUL-SM,India,NSE,INR,Common Stock,
AHLADA,Ahlada Engineers Limited,India,NSE,INR,Common Stock,INE00PV01013
AHLEAST,Asian Hotels (East) Limited,India,NSE,INR,Common Stock,INE926K01017
AHLUCONT,Ahluwalia Contracts (India) Limited,India,NSE,INR,Common Stock,INE758C01029
AIAENG,AIA Engineering Limited,India,NSE,INR,Common Stock,INE212H01026
AIIL,AUTHUM INVESTMENT & INFRASTRUCTU ORD (BSE),India,NSE,INR,Common Stock,INE206F01022
AIMTRON-SM,AIMTRON-SM,India,NSE,INR,Common Stock,
AIRAN,Airan Limited,India,NSE,INR,Common Stock,INE645W01026
AIROLAM,Airo Lam limited,India,NSE,INR,Common Stock,INE801L01010
AIRTELPP-E1,AIRTELPP-E1,India,NSE,INR,Common Stock,
AISL-SM,AISL-SM,India,NSE,INR,Common Stock,
AJANTPHARM,Ajanta Pharma Limited,India,NSE,INR,Common Stock,INE031B01049
AJAXENGG,AJAXENGG,India,NSE,INR,Common Stock,
AJMERA,Ajmera Realty & Infra India Limited,India,NSE,INR,Common Stock,INE298G01027
AJOONI,Ajooni Biotech Limited,India,NSE,INR,Common Stock,INE820Y01021
AKANKSHA,Akanksha Power and Infrastructure Ltd,India,NSE,INR,Common Stock,
AKASH,Akash Infra-Projects Limited,India,NSE,INR,Common Stock,INE737W01013
AKG,Akg Exim Limited,India,NSE,INR,Common Stock,INE00Y801016
AKI,AKI India Limited,India,NSE,INR,Common Stock,
AKSHAR,Akshar Spintex Limited,India,NSE,INR,Common Stock,INE256Z01017
AKSHARCHEM,AksharChem India Limited,India,NSE,INR,Common Stock,INE542B01011
AKSHOPTFBR,Aksh Optifibre Limited,India,NSE,INR,Common Stock,INE523B01011
AKUMS,Akums Drugs and Pharmaceutical,India,NSE,INR,Common Stock,INE09XN01023
AKZOINDIA,Akzo Nobel India Limited,India,NSE,INR,Common Stock,INE133A01011
ALANKIT,Alankit Limited,India,NSE,INR,Common Stock,INE914E01040
ALBERTDAVD,Albert David Limited,India,NSE,INR,Common Stock,INE155C01010
ALEMBICLTD,Alembic Limited,India,NSE,INR,Common Stock,INE426A01027
ALICON,Alicon Castalloy Limited,India,NSE,INR,Common Stock,INE062D01024
ALIVUS,Alivus Life Sciences Limited,India,NSE,INR,Common Stock,
ALKALI,Alkali Metals Limited,India,NSE,INR,Common Stock,INE773I01017
ALKEM,Alkem Laboratories Limited,India,NSE,INR,Common Stock,INE540L01014
ALKYLAMINE,Alkyl Amines Chemicals Limited,India,NSE,INR,Common Stock,INE150B01039
ALLCARGO,Allcargo Logistics Limited,India,NSE,INR,Common Stock,INE418H01029
ALLDIGI,Alldigi Tech Limited,India,NSE,INR,Common Stock,INE835G01018
ALLETEC-SM,ALLETEC-SM,India,NSE,INR,Common Stock,
ALLTIME,ALLTIME,India,NSE,INR,Common Stock,
ALMONDZ,Almondz Global Securities Limited,India,NSE,INR,Common Stock,INE326B01027
ALOKINDS,Alok Industries Limited,India,NSE,INR,Common Stock,INE270A01029
ALPA,Alpa Laboratories Limited,India,NSE,INR,Common Stock,INE385I01010
ALPEXSOLAR-SM,ALPEXSOLAR-SM,India,NSE,INR,Common Stock,
ALPHAGEO,Alphageo (India) Limited,India,NSE,INR,Common Stock,INE137C01018
ALPSINDUS,Alps Industries Limited,India,NSE,INR,Common Stock,INE093B01015
AMBANIORGO-SM,AMBANIORGO-SM,India,NSE,INR,Common Stock,
AMBER,Amber Enterprises India Limited,India,NSE,INR,Common Stock,INE371P01015
AMBEY-SM,AMBEY-SM,India,NSE,INR,Common Stock,
AMBICAAGAR,Ambica Agarbathies & Aroma industries Limited,India,NSE,INR,Common Stock,INE792B01012
AMBIKCO,Ambika Cotton Mills Limited,India,NSE,INR,Common Stock,INE540G01014
AMBUJACEM,Ambuja Cements Limited,India,NSE,INR,Common Stock,INE079A01024
AMDIND,AMD Industries Limited,India,NSE,INR,Common Stock,INE005I01014
AMEYA-SM,AMEYA-SM,India,NSE,INR,Common Stock,
AMJLAND,Amj Land Holdings Limited,India,NSE,INR,Common Stock,INE606A01024
AMJUMBO-SM,AMJUMBO-SM,India,NSE,INR,Common Stock,
AMNPLST,Amines & Plasticizers Limited,India,NSE,INR,Common Stock,
AMRUTANJAN,Amrutanjan Health Care Limited,India,NSE,INR,Common Stock,INE098F01031
ANANDRATHI,Anand Rathi Wealth Limited,India,NSE,INR,Common Stock,INE463V01026
ANANTAM-IV,ANANTAM-IV,India,NSE,INR,Common Stock,
ANANTRAJ,Anant Raj Limited,India,NSE,INR,Common Stock,INE242C01024
ANDHRAPAP,ANDHRA PAPER LIMITED,India,NSE,INR,Common Stock,INE435A01028
ANDHRSUGAR,The Andhra Sugars Limited,India,NSE,INR,Common Stock,INE715B01021
ANGELONE,Angel One Limited,India,NSE,INR,Common Stock,INE732I01013
ANIKINDS,Anik Industries Limited,India,NSE,INR,Common Stock,INE087B01017
ANKITMETAL,Ankit Metal & Power Limited,India,NSE,INR,Common Stock,INE106I01010
ANMOL,Anmol India Limited,India,NSE,INR,Common Stock,INE02AR01019
ANNAPURNA-SM,ANNAPURNA-SM,India,NSE,INR,Common Stock,
ANSALAPI,Ansal Properties & Infrastructure Limited,India,NSE,INR,Common Stock,INE436A01026
ANTELOPUS,ANTELOPUS SELAN ENRGY LTD,India,NSE,INR,Common Stock,
ANTGRAPHIC,Antarctica Limited,India,NSE,INR,Common Stock,INE414B01021
ANTHEM,Anthem Biosciences Ltd,India,NSE,INR,Common Stock,
ANUHPHR,Anuh Pharma Limited,India,NSE,INR,Common Stock,
ANUP,The Anup Engineering Limited,India,NSE,INR,Common Stock,INE294Z01018
ANURAS,Anupam Rasayan India Limited,India,NSE,INR,Common Stock,INE930P01018
ANYA-SM,ANYA-SM,India,NSE,INR,Common Stock,
APARINDS,Apar Industries Limited,India,NSE,INR,Common Stock,INE372A01015
APCL,Anjani Portland Cement Limited,India,NSE,INR,Common Stock,INE071F01012
APCOTEXIND,Apcotex Industries Limited,India,NSE,INR,Common Stock,INE116A01032
APEX,Apex Frozen Foods Limited,India,NSE,INR,Common Stock,INE346W01013
APLAPOLLO,APL Apollo Tubes Limited,India,NSE,INR,Common Stock,INE702C01027
APLLTD,Alembic Pharmaceuticals Limited,India,NSE,INR,Common Stock,INE901L01018
APOLLO,Apollo Micro Systems Limited,India,NSE,INR,Common Stock,INE713T01010
APOLLOHOSP,Apollo Hospitals Enterprise Limited,India,NSE,INR,Common Stock,INE437A01024
APOLLOPIPE,Apollo Pipes Limited,India,NSE,INR,Common Stock,INE126J01016
APOLLOTYRE,Apollo Tyres Limited,India,NSE,INR,Common Stock,INE438A01022
APOLSINHOT,Apollo Sindoori Hotels Limited,India,NSE,INR,Common Stock,INE451F01024
APTECHT,Aptech Limited,India,NSE,INR,Common Stock,INE266F01018
APTUS,Aptus Value Housing Finance India Limited,India,NSE,INR,Common Stock,INE852O01025
ARABIAN-SM,ARABIAN-SM,India,NSE,INR,Common Stock,
ARCHIDPLY,Archidply Industries Limited,India,NSE,INR,Common Stock,INE877I01016
ARCHIES,Archies Limited,India,NSE,INR,Common Stock,INE731A01012
ARE&M,Amara Raja Batteries Limited,India,NSE,INR,Common Stock,INE885A01032
ARENTERP,Rajdarshan Industries Limited,India,NSE,INR,Common Stock,INE610C01014
ARFIN,Arfin India Limited,India,NSE,INR,Common Stock,
ARHAM-SM,ARHAM-SM,India,NSE,INR,Common Stock,
ARIES,Aries Agro Limited,India,NSE,INR,Common Stock,INE298I01015
ARIHANTACA-SM,ARIHANTACA-SM,India,NSE,INR,Common Stock,
ARIHANTCAP,Arihant Capital Markets Limited,India,NSE,INR,Common Stock,INE420B01036
ARIHANTSUP,Arihant Superstructures Limited,India,NSE,INR,Common Stock,INE643K01018
ARISINFRA,ARISINFRA,India,NSE,INR,Common Stock,
ARKADE,Arkade Developers Ltd,India,NSE,INR,Common Stock,INE0QRL01017
ARMANFIN,Arman Financial Services Limited,India,NSE,INR,Common Stock,INE109C01017
AROGRANITE,Aro Granite Industries Limited,India,NSE,INR,Common Stock,INE210C01013
ARROWGREEN,Arrow Greentech Limited,India,NSE,INR,Common Stock,INE570D01018
ARSHIYA,Arshiya Limited,India,NSE,INR,Common Stock,INE968D01022
ARSSBL,ANAND RATHI SH N STK BR L,India,NSE,INR,Common Stock,
ARSSINFRA,ARSS Infrastructure Projects Limited,India,NSE,INR,Common Stock,INE267I01010
ARTEMISMED,Artemis Medicare Services Limited,India,NSE,INR,Common Stock,INE025R01021
ARTNIRMAN,Art Nirman Limited,India,NSE,INR,Common Stock,INE738V01013
ARVEE,Arvee Laboratories (India) Limited,India,NSE,INR,Common Stock,INE006Z01016
ARVIND,Arvind Limited,India,NSE,INR,Common Stock,INE034A01011
ARVINDFASN,Arvind Fashions Limited,India,NSE,INR,Common Stock,INE955V01021
ARVSMART,Arvind SmartSpaces Limited,India,NSE,INR,Common Stock,INE034S01021
ASAHIINDIA,Asahi India Glass Limited,India,NSE,INR,Common Stock,INE439A01020
ASAHISONG,Asahi Songwon Colors Limited,India,NSE,INR,Common Stock,INE228I01012
ASAL,Automotive Stampings and Assemblies Limited,India,NSE,INR,Common Stock,INE900C01027
ASALCBR,Associated Alcohols & Breweries Ltd.,India,NSE,INR,Common Stock,INE073G01016
ASHALOG-SM,ASHALOG-SM,India,NSE,INR,Common Stock,
ASHAPURMIN,Ashapura Minechem Limited,India,NSE,INR,Common Stock,INE348A01023
ASHIANA,Ashiana Housing Limited,India,NSE,INR,Common Stock,INE365D01021
ASHIMASYN,Ashima Limited,India,NSE,INR,Common Stock,INE440A01010
ASHOKA,Ashoka Buildcon Limited,India,NSE,INR,Common Stock,INE442H01029
ASHOKAMET,Ashoka Metcast Limited,India,NSE,INR,Common Stock,
ASHOKLEY,Ashok Leyland Limited,India,NSE,INR,Common Stock,INE208A01029
ASIANENE,Asian Energy Services Limited,India,NSE,INR,Common Stock,INE276G01015
ASIANHOTNR,Asian Hotels (North) Limited,India,NSE,INR,Common Stock,INE363A01022
ASIANPAINT,Asian Paints Limited,India,NSE,INR,Common Stock,INE021A01026
ASIANTILES,Asian Granito India Limited,India,NSE,INR,Common Stock,INE022I01019
ASKAUTOLTD,ASK AUTOMOTIVE LIMITED,India,NSE,INR,Common Stock,INE491J01022
ASMS,Bartronics India Limited,India,NSE,INR,Common Stock,INE855F01042
ASPINWALL,Aspinwall and Company Limited,India,NSE,INR,Common Stock,INE991I01015
ASTEC,Astec LifeSciences Limited,India,NSE,INR,Common Stock,INE563J01010
ASTERDM,Aster DM Healthcare Limited,India,NSE,INR,Common Stock,INE914M01019
ASTRAL,Astral Limited,India,NSE,INR,Common Stock,INE006I01046
ASTRAMICRO,Astra Microwave Products Limited,India,NSE,INR,Common Stock,INE386C01029
ASTRAZEN,AstraZeneca Pharma India Limited,India,NSE,INR,Common Stock,INE203A01020
ASTRON,Astron Paper & Board Mill Limited,India,NSE,INR,Common Stock,INE646X01014
ATALREAL,Atal Realtech Limited,India,NSE,INR,Common Stock,
ATAM,ATAM VALVES ORD (BSE),India,NSE,INR,Common Stock,INE09KD01013
ATCENERGY-SM,ATCENERGY-SM,India,NSE,INR,Common Stock,
ATGL,Adani Total Gas Limited,India,NSE,INR,Common Stock,INE399L01023
ATHERENERG,Ather Energy Limited,India,NSE,INR,Common Stock,
ATL,Allcargo Terminals Ltd,India,NSE,INR,Common Stock,INE0NN701020
ATLANTAA,Atlantaa Limited,India,NSE,INR,Common Stock,INE285H01022
ATLANTAELE,ATLANTA ELECTRICALS LTD,India,NSE,INR,Common Stock,
ATLASCYCLE,Atlas Cycles (Haryana) Limited,India,NSE,INR,Common Stock,INE446A01025
ATMASTCO-SM,ATMASTCO-SM,India,NSE,INR,Common Stock,
ATUL,Atul Limited,India,NSE,INR,Common Stock,INE100A01010
ATULAUTO,Atul Auto Limited,India,NSE,INR,Common Stock,INE951D01028
AUBANK,AU Small Finance Bank Limited,India,NSE,INR,Common Stock,INE949L01017
AURDIS-SM,AURDIS-SM,India,NSE,INR,Common Stock,
AURIONPRO,Aurionpro Solutions Limited,India,NSE,INR,Common Stock,INE132H01018
AUROIMPEX-SM,AUROIMPEX-SM,India,NSE,INR,Common Stock,
AUROPHARMA,Aurobindo Pharma Limited,India,NSE,INR,Common Stock,INE406A01037
AURUM,Aurum PropTech Limited,India,NSE,INR,Common Stock,INE898S01029
AUSOMENT,Ausom Enterprise Limited,India,NSE,INR,Common Stock,INE218C01016
AUTOAXLES,Automotive Axles Limited,India,NSE,INR,Common Stock,INE449A01011
AUTOIND,Autoline Industries Limited,India,NSE,INR,Common Stock,INE718H01014
AVADHSUGAR,Avadh Sugar & Energy Limited,India,NSE,INR,Common Stock,INE349W01017
AVALON,AVALON TECHNOLOGIES LTD,India,NSE,INR,Common Stock,INE0LCL01028
AVANTEL,Avantel Limited,India,NSE,INR,Common Stock,
AVANTIFEED,Avanti Feeds Limited,India,NSE,INR,Common Stock,INE871C01038
AVG,AVG Logistics Limited,India,NSE,INR,Common Stock,
AVIANSH-SM,AVIANSH-SM,India,NSE,INR,Common Stock,
AVL,ADITYA VISION LTD,India,NSE,INR,Common Stock,INE679V01027
AVONMORE,Avonmore Capital & Management Services Limited,India,NSE,INR,Common Stock,INE323B01016
AVPINFRA-SM,AVPINFRA-SM,India,NSE,INR,Common Stock,
AVROIND,AVRO INDIA LIMITED,India,NSE,INR,Common Stock,INE652Z01017
AVTNPL,AVT Natural Products Limited,India,NSE,INR,Common Stock,INE488D01021
AWFIS,Awfis Space Solutions Ltd,India,NSE,INR,Common Stock,INE108V01019
AWHCL,Antony Waste Handling Cell Limited,India,NSE,INR,Common Stock,INE01BK01022
AWL,Adani Wilmar Limited,India,NSE,INR,Common Stock,INE699H01024
AXISBANK,Axis Bank Limited,India,NSE,INR,Common Stock,INE238A01034
AXISCADES,AXISCADES Technologies Limited,India,NSE,INR,Common Stock,INE555B01013
AXISILVER,AXISILVER,India,NSE,INR,Common Stock,
AXITA,Axita Cotton Limited,India,NSE,INR,Common Stock,INE02EZ01022
AXSENSEX,AXSENSEX,India,NSE,INR,Common Stock,
AYMSYNTEX,AYM Syntex Limited,India,NSE,INR,Common Stock,INE193B01039
AZAD,Azad Engineering Limited,India,NSE,INR,Common Stock,INE02IJ01035
BABAFP-SM,BABAFP-SM,India,NSE,INR,Common Stock,
BAFNAPH,Bafna Pharmaceuticals Limited,India,NSE,INR,Common Stock,INE878I01022
BAGFILMS,B.A.G Films and Media Limited,India,NSE,INR,Common Stock,INE116D01028
BAHETI-SM,BAHETI-SM,India,NSE,INR,Common Stock,
BAIDFIN,Baid Finserv Limited,India,NSE,INR,Common Stock,INE020D01022
BAJAJ-AUTO,Bajaj Auto Limited,India,NSE,INR,Common Stock,INE917I01010
BAJAJCON,Bajaj Consumer Care Limited,India,NSE,INR,Common Stock,INE933K01021
BAJAJELEC,Bajaj Electricals Limited,India,NSE,INR,Common Stock,INE193E01025
BAJAJFINSV,Bajaj Finserv Limited,India,NSE,INR,Common Stock,INE918I01026
BAJAJHCARE,Bajaj Healthcare Limited,India,NSE,INR,Common Stock,INE411U01027
BAJAJHFL,Bajaj Housing Finance,India,NSE,INR,Common Stock,INE377Y01014
BAJAJHIND,Bajaj Hindusthan Sugar Limited,India,NSE,INR,Common Stock,INE306A01021
BAJAJHLDNG,Bajaj Holdings & Investment Limited,India,NSE,INR,Common Stock,INE118A01012
BAJAJINDEF,BAJAJINDEF,India,NSE,INR,Common Stock,
BAJEL,BAJEL PROJECTS LTD,India,NSE,INR,Common Stock,INE0KQN01018
BAJFINANCE,Bajaj Finance Limited,India,NSE,INR,Common Stock,INE296A01024
BALAJEE,BALAJEE,India,NSE,INR,Common Stock,
BALAJITELE,Balaji Telefilms Limited,India,NSE,INR,Common Stock,INE794B01026
BALAMINES,Balaji Amines Limited,India,NSE,INR,Common Stock,INE050E01027
BALAXI,BALAXI PHARMACEUTICALS LIMITED,India,NSE,INR,Common Stock,INE618N01014
BALKRISHNA,Balkrishna Paper Mills Limited,India,NSE,INR,Common Stock,INE875R01011
BALKRISIND,Balkrishna Industries Limited,India,NSE,INR,Common Stock,INE787D01026
BALLARPUR,Ballarpur Industries Limited,India,NSE,INR,Common Stock,INE294A01037
BALMLAWRIE,Balmer Lawrie & Company Limited,India,NSE,INR,Common Stock,INE164A01016
BALPHARMA,Bal Pharma Limited,India,NSE,INR,Common Stock,INE083D01012
BALRAMCHIN,Balrampur Chini Mills Limited,India,NSE,INR,Common Stock,INE119A01028
BALUFORGE,BELL AGROMACHINA ORD T (BSE),India,NSE,INR,Common Stock,INE011E01029
BANARBEADS,Banaras Beads Limited,India,NSE,INR,Common Stock,INE655B01011
BANARISUG,Bannari Amman Sugars Limited,India,NSE,INR,Common Stock,INE459A01010
BANCOINDIA,Banco Products (I) Limited,India,NSE,INR,Common Stock,INE213C01025
BANDHANBNK,Bandhan Bank Limited,India,NSE,INR,Common Stock,INE545U01014
BANG,Bang Overseas Limited,India,NSE,INR,Common Stock,INE863I01016
BANKA,Banka BioLoo Limited,India,NSE,INR,Common Stock,INE862Y01015
BANKBARODA,Bank of Baroda,India,NSE,INR,Common Stock,INE028A01039
BANKINDIA,Bank of India,India,NSE,INR,Common Stock,INE084A01016
BANKPSU,BANKPSU,India,NSE,INR,Common Stock,
BANSALWIRE,Bansal Wire Industries Ltd,India,NSE,INR,Common Stock,INE0B9K01025
BANSWRAS,Banswara Syntex Limited,India,NSE,INR,Common Stock,INE629D01020
BARBEQUE,Barbeque Nation Hospitality Limited,India,NSE,INR,Common Stock,INE382M01027
BASF,BASF India Limited,India,NSE,INR,Common Stock,INE373A01013
BASML,Bannari Amman Spinning Mills Limited,India,NSE,INR,Common Stock,INE186H01022
BATAINDIA,Bata India Limited,India,NSE,INR,Common Stock,INE176A01028
BAWEJA-SM,BAWEJA-SM,India,NSE,INR,Common Stock,
BAYERCROP,Bayer Cropscience Limited,India,NSE,INR,Common Stock,INE462A01022
BBL,Bharat Bijlee Limited,India,NSE,INR,Common Stock,INE464A01028
BBOX,Black Box Limited,India,NSE,INR,Common Stock,INE676A01027
BBTC,Bombay Burmah Trading Corporation Limited,India,NSE,INR,Common Stock,INE050A01025
BBTCL,B&B Triplewall Containers Limited,India,NSE,INR,Common Stock,INE01EE01011
BCLIND,Bcl Industries Limited,India,NSE,INR,Common Stock,INE412G01016
BCONCEPTS,Brand Concepts Limited,India,NSE,INR,Common Stock,INE977Y01011
BDL,Bharat Dynamics Limited,India,NSE,INR,Common Stock,INE171Z01018
BEACON-SM,BEACON-SM,India,NSE,INR,Common Stock,
BEARDSELL,Beardsell Limited,India,NSE,INR,Common Stock,INE520H01022
BECTORFOOD,Mrs. Bectors Food Specialities Limited,India,NSE,INR,Common Stock,INE495P01012
BEDMUTHA,Bedmutha Industries Limited,India,NSE,INR,Common Stock,INE844K01012
BEL,Bharat Electronics Limited,India,NSE,INR,Common Stock,
BELLACASA,Bella Casa Fashion & Retail Limited,India,NSE,INR,Common Stock,
BELRISE,BELRISE INDUSTRIES LTD,India,NSE,INR,Common Stock,
BEML,BEML Limited,India,NSE,INR,Common Stock,INE258A01016
BEPL,Bhansali Engineering Polymers Limited,India,NSE,INR,Common Stock,INE922A01025
BERGEPAINT,Berger Paints (I) Limited,India,NSE,INR,Common Stock,INE463A01038
BESTAGRO,Best Agrolife Limited,India,NSE,INR,Common Stock,INE052T01013
BETA,Beta Drugs Ltd.,India,NSE,INR,Common Stock,
BETA-SM,BETA-SM,India,NSE,INR,Common Stock,
BFINVEST,BF Investment Limited,India,NSE,INR,Common Stock,INE878K01010
BFUTILITIE,BF Utilities Limited,India,NSE,INR,Common Stock,INE243D01012
BGLOBAL,Bharatiya Global Infomedia Limited,India,NSE,INR,Common Stock,INE224M01013
BGRENERGY,BGR Energy Systems Limited,India,NSE,INR,Common Stock,INE661I01014
BHAGCHEM,Bhagiradha Chemicals & Industries Limited,India,NSE,INR,Common Stock,INE414D01019
BHAGERIA,Bhageria Industries Limited,India,NSE,INR,Common Stock,INE354C01027
BHAGYANGR,Bhagyanagar India Limited,India,NSE,INR,Common Stock,INE458B01036
BHANDARI,Bhandari Hosiery Exports Limited,India,NSE,INR,Common Stock,INE474E01029
BHARATFORG,Bharat Forge Limited,India,NSE,INR,Common Stock,INE465A01025
BHARATGEAR,Bharat Gears Limited,India,NSE,INR,Common Stock,INE561C01019
BHARATRAS,Bharat Rasayan Limited,India,NSE,INR,Common Stock,INE838B01013
BHARATSE,Bharat Seats Limited,India,NSE,INR,Common Stock,
BHARATWIRE,Bharat Wire Ropes Limited,India,NSE,INR,Common Stock,INE316L01019
BHARTIARTL,Bharti Airtel Limited,India,NSE,INR,Common Stock,INE397D01024
BHARTIHEXA,Bharti Hexacom Ltd,India,NSE,INR,Common Stock,INE343G01021
BHEL,Bharat Heavy Electricals Limited,India,NSE,INR,Common Stock,INE257A01026
BIGBLOC,Bigbloc Construction Limited,India,NSE,INR,Common Stock,INE412U01025
BIKAJI,Bikaji Foods International Limited,India,NSE,INR,Common Stock,INE00E101023
BIL,Bhartiya International Limited,India,NSE,INR,Common Stock,INE828A01016
BILVYAPAR,BIL Vyapar Limited,India,NSE,INR,Common Stock,
BIOCON,Biocon Limited,India,NSE,INR,Common Stock,INE376G01013
BIOFILCHEM,Biofil Chemicals & Pharmaceuticals Limited,India,NSE,INR,Common Stock,INE829A01014
BIRET-RR,Brookfield India Real Estate Trust,India,NSE,INR,Common Stock,INE0FDU25010
BIRLACABLE,Birla Cable Limited,India,NSE,INR,Common Stock,INE800A01015
BIRLACORPN,Birla Corporation Limited,India,NSE,INR,Common Stock,INE340A01012
BIRLAMONEY,Aditya Birla Money Limited,India,NSE,INR,Common Stock,INE865C01022
BIRLANU,BirlaNu Limited,India,NSE,INR,Common Stock,
BLACKBUCK,ZINKA LOGISTICS SOL LTD,India,NSE,INR,Common Stock,INE0UIZ01018
BLAL,BEML LAND ASSETS LTD,India,NSE,INR,Common Stock,INE0N7W01012
BLBLIMITED,BLB Limited,India,NSE,INR,Common Stock,INE791A01024
BLISSGVS,Bliss GVS Pharma Limited,India,NSE,INR,Common Stock,INE416D01022
BLKASHYAP,B. L. Kashyap and Sons Limited,India,NSE,INR,Common Stock,INE350H01032
BLS,BLS International Services Limited,India,NSE,INR,Common Stock,INE153T01027
BLSE,BLS E-Services Limited,India,NSE,INR,Common Stock,INE0NLT01010
BLUECHIP,Blue Chip India Limited,India,NSE,INR,Common Stock,INE657B01025
BLUECOAST,Blue Coast Hotels Limited,India,NSE,INR,Common Stock,INE472B01011
BLUEDART,Blue Dart Express Limited,India,NSE,INR,Common Stock,INE233B01017
BLUEJET,Blue Jet Healthcare Limited,India,NSE,INR,Common Stock,INE0KBH01020
BLUEPEBBLE-SM,BLUEPEBBLE-SM,India,NSE,INR,Common Stock,
BLUESTARCO,Blue Star Limited,India,NSE,INR,Common Stock,INE472A01039
BLUSPRING,BLUSPRING ENTERPRISES LTD,India,NSE,INR,Common Stock,
BMETRICS-SM,BMETRICS-SM,India,NSE,INR,Common Stock,
BODALCHEM,Bodal Chemicals Limited,India,NSE,INR,Common Stock,INE338D01028
BOHRAIND,Bohra Industries Limited,India,NSE,INR,Common Stock,INE802W01023
BOMDYEING,Bombay Dyeing & Mfg Company Limited,India,NSE,INR,Common Stock,INE032A01023
BORANA,BORANA,India,NSE,INR,Common Stock,
BOROLTD,Borosil Limited,India,NSE,INR,Common Stock,INE02PY01013
BORORENEW,BOROSIL RENEWABLES LIMITED,India,NSE,INR,Common Stock,INE666D01022
BOROSCI,Borosil Scientific,India,NSE,INR,Common Stock,INE02L001032
BOSCHLTD,Bosch Limited,India,NSE,INR,Common Stock,INE323A01026
BOSS-SM,BOSS-SM,India,NSE,INR,Common Stock,
BPCL,Bharat Petroleum Corporation Limited,India,NSE,INR,Common Stock,INE029A01011
BPL,BPL Limited,India,NSE,INR,Common Stock,INE110A01019
BRACEPORT-SM,BRACEPORT-SM,India,NSE,INR,Common Stock,
BRIGADE,Brigade Enterprises Limited,India,NSE,INR,Common Stock,INE791I01019
BRIGHOTEL,BRIGHOTEL,India,NSE,INR,Common Stock,
BRITANNIA,Britannia Industries Limited,India,NSE,INR,Common Stock,INE216A01030
BRNL,Bharat Road Network Limited,India,NSE,INR,Common Stock,INE727S01012
BROOKS,Brooks Laboratories Limited,India,NSE,INR,Common Stock,INE650L01011
BSE,BSE Limited,India,NSE,INR,Common Stock,INE118H01025
BSHSL,Bombay Super Hybrid Seeds Limited,India,NSE,INR,Common Stock,INE032Z01020
BSL,BSL Limited,India,NSE,INR,Common Stock,INE594B01012
BSOFT,BIRLASOFT LIMITED,India,NSE,INR,Common Stock,INE836A01035
BTML,Bodhi Tree Multimedia Limited,India,NSE,INR,Common Stock,INE0EEJ01015
BUTTERFLY,Butterfly Gandhimathi Appliances Limited,India,NSE,INR,Common Stock,INE295F01017
BVCL,Barak Valley Cements Limited,India,NSE,INR,Common Stock,INE139I01011
BYKE,The Byke Hospitality Ltd,India,NSE,INR,Common Stock,INE319B01014
CALSOFT,California Software Company Limited,India,NSE,INR,Common Stock,INE526B01014
CAMLINFINE,Camlin Fine Sciences Limited,India,NSE,INR,Common Stock,INE052I01032
CAMPUS,Campus Activewear Limited,India,NSE,INR,Common Stock,INE278Y01022
CAMS,Computer Age Management Services Limited,India,NSE,INR,Common Stock,INE596I01012
CANARYS-SM,Canarys Automation,India,NSE,INR,Common Stock,
CANBK,Canara Bank,India,NSE,INR,Common Stock,INE476A01014
CANFINHOME,Can Fin Homes Limited,India,NSE,INR,Common Stock,INE477A01020
CANTABIL,Cantabil Retail India Limited,India,NSE,INR,Common Stock,INE068L01016
CAPACITE,Capacit'e Infraprojects Limited,India,NSE,INR,Common Stock,INE264T01014
CAPITALSFB,Capital Small Finance Bank Limited,India,NSE,INR,Common Stock,INE646H01017
CAPLIPOINT,Caplin Point Laboratories Limited,India,NSE,INR,Common Stock,INE475E01026
CAPTRUST,Capital Trust Limited,India,NSE,INR,Common Stock,INE707C01018
CARBORUNIV,Carborundum Universal Limited,India,NSE,INR,Common Stock,INE120A01034
CARERATING,CARE Ratings Limited,India,NSE,INR,Common Stock,INE752H01013
CARRARO,CARRARO,India,NSE,INR,Common Stock,
CARTRADE,Cartrade Tech Limited,India,NSE,INR,Common Stock,INE290S01011
CARYSIL,CARYSIL LIMITED,India,NSE,INR,Common Stock,INE482D01024
CASTROLIND,Castrol India Limited,India,NSE,INR,Common Stock,INE172A01027
CCCL,Consolidated Construction Consortium Limited,India,NSE,INR,Common Stock,INE429I01024
CCHHL,Country Club Hospitality & Holidays Limited,India,NSE,INR,Common Stock,INE652F01027
CCL,CCL Products (India) Limited,India,NSE,INR,Common Stock,INE421D01022
CDSL,Central Depository Services (India) Limited,India,NSE,INR,Common Stock,INE736A01011
CEATLTD,CEAT Limited,India,NSE,INR,Common Stock,INE482A01020
CEIGALL,Ceigall India,India,NSE,INR,Common Stock,INE0AG901020
CELEBRITY,Celebrity Fashions Limited,India,NSE,INR,Common Stock,INE185H01016
CELLO,Cello World Limited,India,NSE,INR,Common Stock,INE0LMW01024
CELLPOINT-SM,CELLPOINT-SM,India,NSE,INR,Common Stock,
CEMPRO,Cemindia Projects Limited,India,NSE,INR,Common Stock,
CENTENKA,Century Enka Limited,India,NSE,INR,Common Stock,INE485A01015
CENTEXT,Century Extrusions Limited,India,NSE,INR,Common Stock,INE281A01026
CENTRALBK,Central Bank of India,India,NSE,INR,Common Stock,INE483A01010
CENTRUM,Centrum Capital Limited,India,NSE,INR,Common Stock,INE660C01027
CENTUM,Centum Electronics Limited,India,NSE,INR,Common Stock,INE320B01020
CENTURYPLY,Century Plyboards (India) Limited,India,NSE,INR,Common Stock,INE348B01021
CERA,Cera Sanitaryware Limited,India,NSE,INR,Common Stock,INE739E01017
CEREBRAINT,Cerebra Integrated Technologies Limited,India,NSE,INR,Common Stock,INE345B01019
CESC,CESC Limited,India,NSE,INR,Common Stock,INE486A01021
CEWATER,CONCORD ENVIRO SYSTEMS L,India,NSE,INR,Common Stock,INE037Z01029
CGCL,Capri Global Capital Limited,India,NSE,INR,Common Stock,INE180C01026
CGPOWER,CG Power and Industrial Solutions Limited,India,NSE,INR,Common Stock,INE067A01029
CGRAPHICS-SM,Creative Graphics Solutions India Ltd,India,NSE,INR,Common Stock,
CHALET,Chalet Hotels Limited,India,NSE,INR,Common Stock,INE427F01016
CHAMBLFERT,Chambal Fertilizers & Chemicals Limited,India,NSE,INR,Common Stock,INE085A01013
CHAVDA-SM,CHAVDA-SM,India,NSE,INR,Common Stock,
CHEMBOND,Chembond Chemicals Ltd,India,NSE,INR,Common Stock,INE995D01025
CHEMBONDCH,Chembond Chemicals Limited,India,NSE,INR,Common Stock,
CHEMCON,Chemcon Speciality Chemicals Limited,India,NSE,INR,Common Stock,INE03YM01018
CHEMFAB,Chemfab Alkalis Limited,India,NSE,INR,Common Stock,INE783X01023
CHEMPLASTS,Chemplast Sanmar Limited,India,NSE,INR,Common Stock,INE488A01050
CHENNPETRO,Chennai Petroleum Corporation Limited,India,NSE,INR,Common Stock,INE178A01016
CHETANA-SM,CHETANA-SM,India,NSE,INR,Common Stock,
CHEVIOT,Cheviot Company Limited,India,NSE,INR,Common Stock,INE974B01016
CHOICEIN,Choice International Limited,India,NSE,INR,Common Stock,INE102B01014
CHOLAFIN,Cholamandalam Investment and Finance Company Limited,India,NSE,INR,Common Stock,INE121A01024
CHOLAHLDNG,Cholamandalam Financial Holdings Limited,India,NSE,INR,Common Stock,INE149A01033
CIEINDIA,CIE Automotive India Limited,India,NSE,INR,Common Stock,INE536H01010
CIFL,Capital India Finance Limited,India,NSE,INR,Common Stock,
CIGNITITEC,Cigniti Technologies Limited,India,NSE,INR,Common Stock,INE675C01017
CINELINE,Cineline India Limited,India,NSE,INR,Common Stock,INE704H01014
CINEVISTA,Cinevista Limited,India,NSE,INR,Common Stock,INE039B01026
CIPLA,Cipla Limited,India,NSE,INR,Common Stock,INE059A01026
CLEAN,Clean Science and Technology Limited,India,NSE,INR,Common Stock,INE227W01023
CLEDUCATE,CL Educate Limited,India,NSE,INR,Common Stock,INE201M01029
CLSEL,Chaman Lal Setia Exports Limited,India,NSE,INR,Common Stock,INE419D01026
CLSL-SM,CLSL-SM,India,NSE,INR,Common Stock,
CMICABLES,CMI Limited,India,NSE,INR,Common Stock,INE981B01011
CMNL-SM,CMNL-SM,India,NSE,INR,Common Stock,
CMRSL,Cyber Media Research & Services Ltd,India,NSE,INR,Common Stock,
CMRSL-SM,CMRSL-SM,India,NSE,INR,Common Stock,
CMSINFO,CMS Info Systems Limited,India,NSE,INR,Common Stock,INE925R01014
COALINDIA,Coal India Limited,India,NSE,INR,Common Stock,INE522F01014
COASTCORP,Coastal Corporation Limited,India,NSE,INR,Common Stock,INE377E01016
COCHINSHIP,Cochin Shipyard Limited,India,NSE,INR,Common Stock,INE704P01017
COFFEEDAY,Coffee Day Enterprises Limited,India,NSE,INR,Common Stock,INE335K01011
COFORGE,Coforge Limited,India,NSE,INR,Common Stock,INE591G01017
COHANCE,COHANCE,India,NSE,INR,Common Stock,
COLPAL,Colgate Palmolive (India) Limited,India,NSE,INR,Common Stock,INE259A01022
COMMITTED-ST,COMMITTED-ST,India,NSE,INR,Common Stock,
COMPINFO,Compuage Infocom Limited,India,NSE,INR,Common Stock,INE070C01037
COMPUSOFT,Compucom Software Limited,India,NSE,INR,Common Stock,INE453B01029
COMSYN,COMMERCIAL SYN BAGS ORD (BSE),India,NSE,INR,Common Stock,INE073V01015
CONCOR,Container Corporation of India Limited,India,NSE,INR,Common Stock,INE111A01025
CONCORDBIO,Concord Biotech Limited,India,NSE,INR,Common Stock,INE338H01029
CONFIPET,Confidence Petroleum India Limited,India,NSE,INR,Common Stock,INE552D01024
CONS,CONS,India,NSE,INR,Common Stock,
CONSOFINVT,Consolidated Finvest & Holdings Limited,India,NSE,INR,Common Stock,INE025A01027
CONSUMER,CONSUMER,India,NSE,INR,Common Stock,
CONTI-SM,CONTI-SM,India,NSE,INR,Common Stock,
CONTROLPR,Control Print Limited,India,NSE,INR,Common Stock,INE663B01015
COOLCAPS-SM,Cool Caps Industries,India,NSE,INR,Common Stock,
CORALFINAC,Coral India Finance & Housing Limited,India,NSE,INR,Common Stock,INE558D01021
CORDSCABLE,Cords Cable Industries Limited,India,NSE,INR,Common Stock,INE792I01017
COROMANDEL,Coromandel International Limited,India,NSE,INR,Common Stock,INE169A01031
COSMOFIRST,COSMO FIRST LIMITED,India,NSE,INR,Common Stock,INE757A01017
COUNCODOS,Country Condo's Limited,India,NSE,INR,Common Stock,INE695B01025
CPCAP,CP Capital Limited,India,NSE,INR,Common Stock,
CPPLUS,CPPLUS,India,NSE,INR,Common Stock,
CRAFTSMAN,Craftsman Automation Limited,India,NSE,INR,Common Stock,INE00LO01017
CRAMC,CRAMC,India,NSE,INR,Common Stock,
CREATIVE,Creative Newtech Limited,India,NSE,INR,Common Stock,INE985W01018
CREATIVEYE,Creative Eye Limited,India,NSE,INR,Common Stock,INE230B01021
CREDITACC,CREDITACCESS GRAMEEN LIMITED,India,NSE,INR,Common Stock,INE741K01010
CREST,Crest Ventures Limited,India,NSE,INR,Common Stock,INE559D01011
CRISIL,CRISIL Limited,India,NSE,INR,Common Stock,INE007A01025
CRIZAC,CRIZAC,India,NSE,INR,Common Stock,
CROMPTON,Crompton Greaves Consumer Electricals Limited,India,NSE,INR,Common Stock,INE299U01018
CROWN,Crown Lifters Limited,India,NSE,INR,Common Stock,INE491V01019
CSBBANK,CSB Bank Limited,India,NSE,INR,Common Stock,INE679A01013
CSLFINANCE,CSL Finance Limited,India,NSE,INR,Common Stock,INE718F01018
CTE,Cambridge Technology Enterprises Limited,India,NSE,INR,Common Stock,INE627H01017
CUB,City Union Bank Limited,India,NSE,INR,Common Stock,INE491A01021
CUBEINVIT,Cube Highways Trust,India,NSE,INR,Common Stock,
CUBEXTUB,Cubex Tubings Limited,India,NSE,INR,Common Stock,INE144D01012
CUMMINSIND,Cummins India Limited,India,NSE,INR,Common Stock,INE298A01020
CUPID,Cupid Limited,India,NSE,INR,Common Stock,INE509F01011
CURAA,CURAA,India,NSE,INR,Common Stock,
CYBERMEDIA,Cyber Media (India) Limited,India,NSE,INR,Common Stock,INE278G01037
CYBERTECH,Cybertech Systems And Software Limited,India,NSE,INR,Common Stock,INE214A01019
CYIENT,Cyient Limited,India,NSE,INR,Common Stock,INE136B01020
CYIENTDLM,Cyient DLM Limited,India,NSE,INR,Common Stock,INE055S01018
DABUR,Dabur India Limited,India,NSE,INR,Common Stock,INE016A01026
DALBHARAT,Dalmia Bharat Limited,India,NSE,INR,Common Stock,INE00R701025
DALMIASUG,Dalmia Bharat Sugar and Industries Limited,India,NSE,INR,Common Stock,INE495A01022
DAMCAPITAL,DAM CAPITAL ADVISORS LTD,India,NSE,INR,Common Stock,INE284H01025
DAMODARIND,Damodar Industries Limited,India,NSE,INR,Common Stock,INE497D01022
DANGEE,Dangee Dums Limited,India,NSE,INR,Common Stock,INE688Y01022
DANISH-SM,DANISH-SM,India,NSE,INR,Common Stock,
DATAMATICS,Datamatics Global Services Limited,India,NSE,INR,Common Stock,INE365B01017
DATAPATTNS,Data Patterns (India) Limited,India,NSE,INR,Common Stock,INE0IX101010
DAVANGERE,Davangere Sugar Company Limited,India,NSE,INR,Common Stock,
DBCORP,D.B.Corp Limited,India,NSE,INR,Common Stock,INE950I01011
DBEIL,DBEIL,India,NSE,INR,Common Stock,
DBL,Dilip Buildcon Limited,India,NSE,INR,Common Stock,INE917M01012
DBOL,Dhampur Bio Organics Limited,India,NSE,INR,Common Stock,INE0I3401014
DBREALTY,Valor Estate Limited,India,NSE,INR,Common Stock,INE879I01012
DBSTOCKBRO,DB (International) Stock Brokers Limited,India,NSE,INR,Common Stock,INE921B01025
DCAL,Dishman Carbogen Amcis Limited,India,NSE,INR,Common Stock,INE385W01011
DCBBANK,DCB Bank Limited,India,NSE,INR,Common Stock,INE503A01015
DCG,DCG Cables & Wires Ltd,India,NSE,INR,Common Stock,
DCI,Dc Infotech And Communication Limited,India,NSE,INR,Common Stock,INE0A1101019
DCM,DCM  Limited,India,NSE,INR,Common Stock,INE498A01018
DCMFINSERV,DCM Financial Services Limited,India,NSE,INR,Common Stock,INE891B01012
DCMNVL,DCM Nouvelle Limited,India,NSE,INR,Common Stock,INE08KP01019
DCMSHRIRAM,DCM Shriram Limited,India,NSE,INR,Common Stock,INE499A01024
DCMSRIND,DCM Shriram Industries Limited,India,NSE,INR,Common Stock,INE843D01027
DCW,DCW Limited,India,NSE,INR,Common Stock,INE500A01029
DCXINDIA,DCX Systems Limited,India,NSE,INR,Common Stock,INE0KL801015
DDEVPLSTIK,Ddev Plastiks Industries Limited,India,NSE,INR,Common Stock,
DECCANCE,Deccan Cements Limited,India,NSE,INR,Common Stock,INE583C01021
DECCANTRAN-SM,DECCANTRAN-SM,India,NSE,INR,Common Stock,
DEEDEV,DEE Development Eng Ltd,India,NSE,INR,Common Stock,INE841L01016
DEEM-SM,DEEM-SM,India,NSE,INR,Common Stock,
DEEPAKFERT,Deepak Fertilizers and Petrochemicals Corporation Limited,India,NSE,INR,Common Stock,INE501A01019
DEEPAKNTR,Deepak Nitrite Limited,India,NSE,INR,Common Stock,INE288B01029
DEEPINDS,Deep Industries Limited,India,NSE,INR,Common Stock,INE0FHS01016
DELAPLEX-SM,DELAPLEX-SM,India,NSE,INR,Common Stock,
DELHIVERY,Delhivery Limited,India,NSE,INR,Common Stock,INE148O01028
DELPHIFX,DELPHI WORLD MONEY LIMITED,India,NSE,INR,Common Stock,INE726L01019
DELTACORP,Delta Corp Limited,India,NSE,INR,Common Stock,INE124G01033
DELTAMAGNT,Delta Manufacturing Limited,India,NSE,INR,Common Stock,INE393A01011
DEN,Den Networks Limited,India,NSE,INR,Common Stock,INE947J01015
DENEERS-SM,DENEERS-SM,India,NSE,INR,Common Stock,
DENORA,De Nora India Limited,India,NSE,INR,Common Stock,INE244A01016
DENTA,DENTA,India,NSE,INR,Common Stock,
DENTALKART-SM,DENTALKART-SM,India,NSE,INR,Common Stock,
DEVIT,Dev Information Technology Limited,India,NSE,INR,Common Stock,INE060X01026
DEVYANI,Devyani International Limited,India,NSE,INR,Common Stock,INE872J01023
DGCONTENT,Digicontent Limited,India,NSE,INR,Common Stock,INE03JI01017
DHAMPURSUG,Dhampur Sugar Mills Limited,India,NSE,INR,Common Stock,INE041A01016
DHANBANK,Dhanlaxmi Bank Limited,India,NSE,INR,Common Stock,INE680A01011
DHANI,Dhani Services Limited,India,NSE,INR,Common Stock,INE274G01010
DHANLAXMI-SM,DHANLAXMI-SM,India,NSE,INR,Common Stock,
DHANUKA,Dhanuka Agritech Limited,India,NSE,INR,Common Stock,INE435G01025
DHARAN,Dharan Infra-EPC Limited,India,NSE,INR,Common Stock,
DHARMAJ,Dharmaj Crop Guard Limited,India,NSE,INR,Common Stock,INE00OQ01016
DHARSUGAR,Dharani Sugars&Chemicals Limited,India,NSE,INR,Common Stock,INE988C01014
DHRUV,Dhruv Consultancy Services Limited,India,NSE,INR,Common Stock,INE506Z01015
DHUNINV,Dhunseri Investments Limited,India,NSE,INR,Common Stock,INE320L01011
DIACABS,Diamond Power Infrastructure Limited,India,NSE,INR,Common Stock,INE989C01038
DIAMINESQ,DIAMINES AND CHEMICALS ORD (BSE),India,NSE,INR,Common Stock,INE591D01014
DIAMONDYD,Prataap Snacks Limited,India,NSE,INR,Common Stock,INE393P01035
DICIND,DIC India Limited,India,NSE,INR,Common Stock,INE303A01010
DIFFNKG,Diffusion Engineers Ltd,India,NSE,INR,Common Stock,INE184O01015
DIGIDRIVE,DIGIDRIVE DISTRIBUTORS LTD,India,NSE,INR,Common Stock,INE0PSC01024
DIGISPICE,DiGiSPICE Technologies Limited,India,NSE,INR,Common Stock,INE927C01020
DIGITIDE,Digitide Solutions Limited,India,NSE,INR,Common Stock,
DIGJAMLMTD,Digjam Limited,India,NSE,INR,Common Stock,INE731U01028
DIGJAMLTD,Digjam Limited,India,NSE,INR,Common Stock,INE731U01010
DIL,Debock Industries Limited,India,NSE,INR,Common Stock,INE411Y01011
DISHTV,Dish TV India Limited,India,NSE,INR,Common Stock,INE836F01026
DIVGIITTS,Divgi Torqtransfer Systems Limited,India,NSE,INR,Common Stock,INE753U01022
DIVISLAB,Divi's Laboratories Limited,India,NSE,INR,Common Stock,INE361B01024
DIXON,Dixon Technologies (India) Limited,India,NSE,INR,Common Stock,INE935N01020
DJML,DJ Mediaprint & Logistics Limited,India,NSE,INR,Common Stock,INE0B1K01014
DKEGL-SM,DKEGL-SM,India,NSE,INR,Common Stock,
DLF,DLF Limited,India,NSE,INR,Common Stock,INE271C01023
DLINKINDIA,D-Link (India) Limited,India,NSE,INR,Common Stock,INE250K01012
DMART,Avenue Supermarts Limited,India,NSE,INR,Common Stock,INE192R01011
DMCC,DMCC SPECIALITY CHEMICALS LIMITED,India,NSE,INR,Common Stock,INE505A01010
DNAMEDIA,Diligent Media Corporation Limited,India,NSE,INR,Common Stock,INE016M01021
DODLA,Dodla Dairy Limited,India,NSE,INR,Common Stock,INE021O01019
DOLATALGO,Dolat Algotech Limited,India,NSE,INR,Common Stock,INE966A01022
DOLLAR,Dollar Industries Limited,India,NSE,INR,Common Stock,INE325C01035
DOLLEX-SM,DOLLEX-SM,India,NSE,INR,Common Stock,
DOLPHIN,Dolphin Offshore Enterprises (India) Limited,India,NSE,INR,Common Stock,
DOMS,DOMS Industries Limited,India,NSE,INR,Common Stock,INE321T01012
DONEAR,Donear Industries Limited,India,NSE,INR,Common Stock,INE668D01028
DPABHUSHAN,D. P. Abhushan Limited,India,NSE,INR,Common Stock,INE266Y01019
DPSCLTD,DPSC Limited,India,NSE,INR,Common Stock,INE360C01024
DPWIRES,D P Wires Limited,India,NSE,INR,Common Stock,INE864X01013
DRCSYSTEMS,DRC Systems India Limited,India,NSE,INR,Common Stock,INE03RS01027
DREAMFOLKS,Dreamfolks Services Limited,India,NSE,INR,Common Stock,INE0JS101016
DREDGECORP,Dredging Corporation of India Limited,India,NSE,INR,Common Stock,INE506A01018
DRL,DHANUKA REALTY LIMITED,India,NSE,INR,Common Stock,
DRL-SM,DRL-SM,India,NSE,INR,Common Stock,
DRREDDY,Dr. Reddy's Laboratories Limited,India,NSE,INR,Common Stock,INE089A01023
DRSDILIP-SM,DRSDILIP-SM,India,NSE,INR,Common Stock,
DSSL,Dynacons Systems & Solutions Limited,India,NSE,INR,Common Stock,INE417B01040
DTIL,Dhunseri Tea & Industries Limited,India,NSE,INR,Common Stock,INE341R01014
DTL-SM,DTL-SM,India,NSE,INR,Common Stock,
DUCOL-SM,DUCOL-SM,India,NSE,INR,Common Stock,
DUCON,Ducon Infratechnologies Limited,India,NSE,INR,Common Stock,INE741L01018
DUGLOBAL-SM,DUGLOBAL-SM,India,NSE,INR,Common Stock,
DURLAX-SM,DURLAX-SM,India,NSE,INR,Common Stock,
DVL,Dhunseri Ventures Limited,India,NSE,INR,Common Stock,INE477B01010
DWARKESH,Dwarikesh Sugar Industries Limited,India,NSE,INR,Common Stock,INE366A01041
DYCL,Dynamic Cables Limited,India,NSE,INR,Common Stock,INE600Y01019
DYNAMATECH,Dynamatic Technologies Limited,India,NSE,INR,Common Stock,INE221B01012
DYNPRO,Dynemic Products Limited,India,NSE,INR,Common Stock,INE256H01015
E2E,E2E Networks Limited,India,NSE,INR,Common Stock,INE255Z01019
EASEMYTRIP,Easy Trip Planners Limited,India,NSE,INR,Common Stock,INE07O001026
EASF,ESAF Small Finance Bank Limited,India,NSE,INR,Common Stock,
EBANKNIFTY,EBANKNIFTY,India,NSE,INR,Common Stock,
EBGNG,EBGNG,India,NSE,INR,Common Stock,
ECAPINSURE,ECAPINSURE,India,NSE,INR,Common Stock,
ECLERX,eClerx Services Limited,India,NSE,INR,Common Stock,INE738I01010
ECOSMOBLTY,Ecos India Mobility & Hospitality Ltd,India,NSE,INR,Common Stock,INE06HJ01020
EDELWEISS,Edelweiss Financial Services Limited,India,NSE,INR,Common Stock,INE532F01054
EDUCOMP,Educomp Solutions Limited,India,NSE,INR,Common Stock,INE216H01027
EFACTOR-SM,EFACTOR-SM,India,NSE,INR,Common Stock,
EFCIL,EFC (I) Limited,India,NSE,INR,Common Stock,
EICHERMOT,Eicher Motors Limited,India,NSE,INR,Common Stock,INE066A01021
EIDPARRY,EID Parry India Limited,India,NSE,INR,Common Stock,INE126A01031
EIEL,Enviro Infra Engineers Ltd,India,NSE,INR,Common Stock,INE0LLY01014
EIFFL,Euro India Fresh Foods Limited,India,NSE,INR,Common Stock,INE546V01010
EIHAHOTELS,EIH Associated Hotels Limited,India,NSE,INR,Common Stock,INE276C01014
EIHOTEL,EIH Limited,India,NSE,INR,Common Stock,INE230A01023
EIMCOELECO,Eimco Elecon (India) Limited,India,NSE,INR,Common Stock,INE158B01016
EKC,Everest Kanto Cylinder Limited,India,NSE,INR,Common Stock,INE184H01027
ELDEHSG,Eldeco Housing And Industries Limited,India,NSE,INR,Common Stock,INE668G01021
ELECON,Elecon Engineering Company Limited,India,NSE,INR,Common Stock,INE205B01023
ELECTCAST,Electrosteel Castings Limited,India,NSE,INR,Common Stock,INE086A01029
ELECTHERM,Electrotherm (India) Limited,India,NSE,INR,Common Stock,INE822G01016
ELEE,Electro Force,India,NSE,INR,Common Stock,
ELGIEQUIP,Elgi Equipments Limited,India,NSE,INR,Common Stock,INE285A01027
ELGIRUBCO,Elgi Rubber Company Limited,India,NSE,INR,Common Stock,INE819L01012
ELGNZ-SM,ELGNZ-SM,India,NSE,INR,Common Stock,
ELIN,Elin Electronics Limited,India,NSE,INR,Common Stock,INE050401020
ELLEN,ELLEN,India,NSE,INR,Common Stock,
EMAMILTD,Emami Limited,India,NSE,INR,Common Stock,INE548C01032
EMAMIPAP,Emami Paper Mills Limited,India,NSE,INR,Common Stock,INE830C01026
EMAMIREAL,Emami Realty Limited,India,NSE,INR,Common Stock,INE778K01012
EMAPARTNER-SM,EMAPARTNER-SM,India,NSE,INR,Common Stock,
EMBASSY,EMBASSY OFFICE PARKS REIT UNITS,India,NSE,INR,Common Stock,INE041025011
EMBASSY-RR,Embassy Office Parks REIT,India,NSE,INR,Common Stock,
EMBDL,Equinox India Developments Ltd,India,NSE,INR,Common Stock,
EMCURE,Emcure Pharmaceuticals Ltd,India,NSE,INR,Common Stock,INE168P01015
EMIL,Electronics Mart India Limited,India,NSE,INR,Common Stock,INE02YR01019
EMKAY,Emkay Global Financial Services Limited,India,NSE,INR,Common Stock,INE296H01011
EMMBI,Emmbi Industries Limited,India,NSE,INR,Common Stock,INE753K01015
EMMIL-SM,EMMIL-SM,India,NSE,INR,Common Stock,
EMSLIMITED,EMS Limited,India,NSE,INR,Common Stock,INE0OV601013
EMUDHRA,eMudhra Limited,India,NSE,INR,Common Stock,INE01QM01018
EMULTIMQ,EMULTIMQ,India,NSE,INR,Common Stock,
ENDURANCE,Endurance Technologies Limited,India,NSE,INR,Common Stock,INE913H01037
ENERGYDEV,Energy Development Company Limited,India,NSE,INR,Common Stock,INE306C01019
ENFUSE-SM,ENFUSE-SM,India,NSE,INR,Common Stock,
ENGINERSIN,Engineers India Limited,India,NSE,INR,Common Stock,INE510A01028
ENIL,Entertainment Network (India) Limited,India,NSE,INR,Common Stock,INE265F01028
ENRIN,Siemens Energy India Limited,India,NSE,INR,Common Stock,
ENTERO,Entero Healthcare Solutions Ltd.,India,NSE,INR,Common Stock,INE010601016
ENVIRO-SM,ENVIRO-SM,India,NSE,INR,Common Stock,
EPACK,EPACK Durable Limited,India,NSE,INR,Common Stock,INE0G5901015
EPACKPEB,EPACK PREFAB TECHN LTD,India,NSE,INR,Common Stock,
EPIGRAL,Epigral Ltd.,India,NSE,INR,Common Stock,INE071N01016
EPL,EPL Limited,India,NSE,INR,Common Stock,INE255A01020
EQUAL200,EQUAL200,India,NSE,INR,Common Stock,
EQUAL50ADD,EQUAL50ADD,India,NSE,INR,Common Stock,
EQUIPPP,Equippp Social Impact Technologies Limited,India,NSE,INR,Common Stock,INE217G01035
EQUITASBNK,Equitas Small Finance Bank Limited,India,NSE,INR,Common Stock,INE063P01018
ERIS,Eris Lifesciences Limited,India,NSE,INR,Common Stock,INE406M01024
EROSMEDIA,Eros International Media Limited,India,NSE,INR,Common Stock,INE416L01017
ESABINDIA,Esab India Limited,India,NSE,INR,Common Stock,INE284A01012
ESAFSFB,ESAF Small Finance Bank,India,NSE,INR,Common Stock,INE818W01011
ESCORTS,Escorts Kubota Limited,India,NSE,INR,Common Stock,INE042A01014
ESFL-SM,ESFL-SM,India,NSE,INR,Common Stock,
ESILVER,ESILVER,India,NSE,INR,Common Stock,
ESPRIT-SM,ESPRIT-SM,India,NSE,INR,Common Stock,
ESSARSHPNG,Essar Shipping Limited,India,NSE,INR,Common Stock,INE122M01019
ESSENTIA,Integra Essentia Limited,India,NSE,INR,Common Stock,INE418N01035
ESTER,Ester Industries Limited,India,NSE,INR,Common Stock,INE778B01011
ETERNAL,Eternal Limited,India,NSE,INR,Common Stock,
ETHOSLTD,Ethos Limited,India,NSE,INR,Common Stock,INE04TZ01018
ETML-SM,ETML-SM,India,NSE,INR,Common Stock,
EUREKAFORB,EUREKA FORBES LTD,India,NSE,INR,Common Stock,INE0KCE01017
EUROBOND,EUROBOND,India,NSE,INR,Common Stock,
EUROPRATIK,EURO PRATIK SALES LIMITED,India,NSE,INR,Common Stock,
EUROTEXIND,Eurotex Industries and Exports Limited,India,NSE,INR,Common Stock,INE022C01012
EVEREADY,Eveready Industries India Limited,India,NSE,INR,Common Stock,INE128A01029
EVERESTIND,Everest Industries Limited,India,NSE,INR,Common Stock,INE295A01018
EVINDIA,EVINDIA,India,NSE,INR,Common Stock,
EXCEL,Excel Realty N Infra Limited,India,NSE,INR,Common Stock,INE688J01023
EXCELINDUS,Excel Industries Limited,India,NSE,INR,Common Stock,INE369A01029
EXICOM,Exicom Tele-Systems Limited,India,NSE,INR,Common Stock,INE777F01014
EXIDEIND,Exide Industries Limited,India,NSE,INR,Common Stock,INE302A01020
EXPLEOSOL,Expleo Solutions Limited,India,NSE,INR,Common Stock,INE201K01015
EXXARO,Exxaro Tiles Limited,India,NSE,INR,Common Stock,INE0GFE01018
FACT,Fertilizers and Chemicals Travancore Limited,India,NSE,INR,Common Stock,INE188A01015
FAIRCHEMOR,Fairchem Organics Limited,India,NSE,INR,Common Stock,INE0DNW01011
FAZE3Q,Faze Three Limited,India,NSE,INR,Common Stock,INE963C01033
FCL,Fineotex Chemical Limited,India,NSE,INR,Common Stock,INE045J01026
FCONSUMER,Future Consumer Limited,India,NSE,INR,Common Stock,INE220J01025
FCSSOFT,FCS Software Solutions Limited,India,NSE,INR,Common Stock,INE512B01022
FDC,FDC Limited,India,NSE,INR,Common Stock,INE258B01022
FEDERALBNK,The Federal Bank  Limited,India,NSE,INR,Common Stock,INE171A01029
FEDFINA,Fedbank Financial Services Limited,India,NSE,INR,Common Stock,INE007N01010
FEL,Future Enterprises Limited,India,NSE,INR,Common Stock,INE623B01027
FELDVR,Future Enterprises Limited,India,NSE,INR,Common Stock,IN9623B01058
FIBERWEB,Fiberweb (India) Limited,India,NSE,INR,Common Stock,INE296C01020
FIEMIND,Fiem Industries Limited,India,NSE,INR,Common Stock,INE737H01014
FILATEX,Filatex India Limited,India,NSE,INR,Common Stock,INE816B01035
FILATFASH,Filatex Fashions Limited,India,NSE,INR,Common Stock,
FINCABLES,Finolex Cables Limited,India,NSE,INR,Common Stock,INE235A01022
FINEORG,Fine Organic Industries Limited,India,NSE,INR,Common Stock,INE686Y01026
FINKURVE,Finkurve Financial Services Limited,India,NSE,INR,Common Stock,
FINOPB,Fino Payments Bank Limited,India,NSE,INR,Common Stock,INE02NC01014
FINPIPE,Finolex Industries Limited,India,NSE,INR,Common Stock,INE183A01024
FIRSTCRY,Brainbees Solutions Limited,India,NSE,INR,Common Stock,INE02RE01045
FIVESTAR,Five-Star Business Finance Limited,India,NSE,INR,Common Stock,INE128S01021
FLAIR,FLAIR,India,NSE,INR,Common Stock,INE00Y201027
FLEXITUFF,Flexituff Ventures International Limited,India,NSE,INR,Common Stock,INE060J01017
FLFL,Future Lifestyle Fashions Limited,India,NSE,INR,Common Stock,INE452O01016
FLUOROCHEM,Gujarat Fluorochemicals Limited,India,NSE,INR,Common Stock,INE09N301011
FMGOETZE,Federal-Mogul Goetze (India) Limited.,India,NSE,INR,Common Stock,INE529A01010
FMNL,Future Market Networks Limited,India,NSE,INR,Common Stock,INE360L01017
FOCUS,Focus Lighting and Fixtures Limited,India,NSE,INR,Common Stock,INE593W01010
FONEBOX-SM,FONEBOX-SM,India,NSE,INR,Common Stock,
FOODSIN,Foods & Inns Limited,India,NSE,INR,Common Stock,INE976E01023
FORCEMOT,FORCE MOTORS LTD,India,NSE,INR,Common Stock,INE451A01017
FORTIS,Fortis Healthcare Limited,India,NSE,INR,Common Stock,INE061F01013
FOSECOIND,Foseco India Limited,India,NSE,INR,Common Stock,INE519A01011
FRESHARA-SM,FRESHARA-SM,India,NSE,INR,Common Stock,
FSC,Future Supply Chain Solutions Limited,India,NSE,INR,Common Stock,INE935Q01015
FSL,Firstsource Solutions Limited,India,NSE,INR,Common Stock,INE684F01012
FUSION,Fusion Micro Finance Limited,India,NSE,INR,Common Stock,INE139R01012
FUSIONPP-E1,FUSIONPP-E1,India,NSE,INR,Common Stock,
GABRIEL,Gabriel India Limited,India,NSE,INR,Common Stock,INE524A01029
GAEL,Gujarat Ambuja Exports Limited,India,NSE,INR,Common Stock,INE036B01030
GAIL,GAIL (India) Limited,India,NSE,INR,Common Stock,INE129A01019
GALAPREC,Gala Precision Engineering,India,NSE,INR,Common Stock,INE0RE001014
GALAXYSURF,Galaxy Surfactants Limited,India,NSE,INR,Common Stock,INE600K01018
GALLANTT,Gallantt Ispat Limited,India,NSE,INR,Common Stock,INE297H01019
GANDHAR,Gandhar Oil Refinery (India) Limited,India,NSE,INR,Common Stock,INE717W01049
GANDHITUBE,Gandhi Special Tubes Limited,India,NSE,INR,Common Stock,INE524B01027
GANECOS,Ganesha Ecosphere Limited,India,NSE,INR,Common Stock,INE845D01014
GANESHBE,Ganesh Benzoplast Limited,India,NSE,INR,Common Stock,INE388A01029
GANESHCP,GANESH CONSUMER PRODUCT L,India,NSE,INR,Common Stock,
GANESHHOU,Ganesh Housing Limited,India,NSE,INR,Common Stock,
GANGAFORGE,Ganga Forging Limited,India,NSE,INR,Common Stock,INE691Z01023
GANGESSECU,Ganges Securities Limited,India,NSE,INR,Common Stock,INE335W01016
GANGOTRI,Gangotri Textiles Limited,India,NSE,INR,Common Stock,INE670B01028
GARFIBRES,Garware Technical Fibres Limited,India,NSE,INR,Common Stock,INE276A01018
GARUDA,Garuda Construction & Engineering,India,NSE,INR,Common Stock,INE0JVO01026
GATECH,GACM Technologies Limited,India,NSE,INR,Common Stock,INE224E01028
GATECHDVR,GACM Technologies Limited,India,NSE,INR,Common Stock,INE224E01036
GATEWAY,Gateway Distriparks Limited,India,NSE,INR,Common Stock,INE079J01017
GAYAHWS,Gayatri Highways Limited,India,NSE,INR,Common Stock,INE287Z01012
GAYAPROJ,Gayatri Projects Limited,India,NSE,INR,Common Stock,INE336H01023
GEECEE,GeeCee Ventures Limited,India,NSE,INR,Common Stock,INE916G01016
GEEKAYWIRE,Geekay Wires Limited,India,NSE,INR,Common Stock,INE669X01016
GENCON,Generic Engineering Construction and Projects Limited,India,NSE,INR,Common Stock,INE854S01022
GENESYS,Genesys International Corporation Limited,India,NSE,INR,Common Stock,INE727B01026
GENSOL,GENSOL ENGINEERING ORD (BSE),India,NSE,INR,Common Stock,INE06H201014
GENUSPAPER,Genus Paper & Boards Limited,India,NSE,INR,Common Stock,INE949P01018
GENUSPOWER,Genus Power Infrastructures Limited,India,NSE,INR,Common Stock,INE955D01029
GEOJITFSL,Geojit Financial Services Limited,India,NSE,INR,Common Stock,INE007B01023
GEPIL,GE Power India Limited,India,NSE,INR,Common Stock,INE878A01011
GESHIP,The Great Eastern Shipping Company Limited,India,NSE,INR,Common Stock,INE017A01032
GFLLIMITED,GFL Limited,India,NSE,INR,Common Stock,INE538A01037
GFSTEELS,Grand Foundry Limited,India,NSE,INR,Common Stock,INE534A01028
GHCL,GHCL Limited,India,NSE,INR,Common Stock,INE539A01019
GHCLTEXTIL,GHCL TEXTILES LTD,India,NSE,INR,Common Stock,INE0PA801013
GICHSGFIN,GIC Housing Finance Limited,India,NSE,INR,Common Stock,INE289B01019
GICL-SM,GICL-SM,India,NSE,INR,Common Stock,
GICRE,General Insurance Corporation of India,India,NSE,INR,Common Stock,INE481Y01014
GILLANDERS,Gillanders Arbuthnot & Company Limited,India,NSE,INR,Common Stock,INE047B01011
GILLETTE,Gillette India Limited,India,NSE,INR,Common Stock,INE322A01010
GINNIFILA,Ginni Filaments Limited,India,NSE,INR,Common Stock,INE424C01010
GIPCL,Gujarat Industries Power Company Limited,India,NSE,INR,Common Stock,INE162A01010
GKENERGY,GK ENERGY LIMITED,India,NSE,INR,Common Stock,
GKWLIMITED,GKW Limited,India,NSE,INR,Common Stock,INE528A01020
GLAND,Gland Pharma Limited,India,NSE,INR,Common Stock,INE068V01023
GLAXO,GlaxoSmithKline Pharmaceuticals Limited,India,NSE,INR,Common Stock,INE159A01016
GLENMARK,Glenmark Pharmaceuticals Limited,India,NSE,INR,Common Stock,INE935A01035
GLFL,Gujarat Lease Financing Limited,India,NSE,INR,Common Stock,INE540A01017
GLOBAL,Global Education Limited,India,NSE,INR,Common Stock,INE291W01029
GLOBALE,Globale Tessile Limited,India,NSE,INR,Common Stock,
GLOBALPET-SM,GLOBALPET-SM,India,NSE,INR,Common Stock,
GLOBALVECT,Global Vectra Helicorp Limited,India,NSE,INR,Common Stock,INE792H01019
GLOBE,Globe Textiles (India) Limited,India,NSE,INR,Common Stock,INE581X01021
GLOBECIVIL,GLOBECIVIL,India,NSE,INR,Common Stock,
GLOBUSSPR,Globus Spirits Limited,India,NSE,INR,Common Stock,INE615I01010
GLOSTERLTD,GLOSTER LTD (BSE),India,NSE,INR,Common Stock,INE350Z01018
GMBREW,GM Breweries Limited,India,NSE,INR,Common Stock,INE075D01018
GMDCLTD,Gujarat Mineral Development Corporation Limited,India,NSE,INR,Common Stock,INE131A01031
GMMPFAUDLR,GMM Pfaudler Limited,India,NSE,INR,Common Stock,INE541A01023
GMRAIRPORT,GMR Airports Limited,India,NSE,INR,Common Stock,
GMRP&UI,GMR Power and Urban Infra Limited,India,NSE,INR,Common Stock,INE0CU601026
GNA,GNA Axles Limited,India,NSE,INR,Common Stock,INE934S01014
GNFC,Gujarat Narmada Valley Fertilizers and Chemicals Limited,India,NSE,INR,Common Stock,INE113A01013
GOACARBON,Goa Carbon Limited,India,NSE,INR,Common Stock,INE426D01013
GOCLCORP,GOCL Corporation Limited,India,NSE,INR,Common Stock,INE077F01035
GOCOLORS,Go Fashion (India) Limited,India,NSE,INR,Common Stock,INE0BJS01011
GODAVARIB,GODAVARIB,India,NSE,INR,Common Stock,
GODFRYPHLP,Godfrey Phillips India Limited,India,NSE,INR,Common Stock,INE260B01028
GODHA,Godha Cabcon & Insulation Limited,India,NSE,INR,Common Stock,INE925Y01036
GODIGIT,Go Digit General Insurance Ltd,India,NSE,INR,Common Stock,INE03JT01014
GODREJAGRO,Godrej Agrovet Limited,India,NSE,INR,Common Stock,INE850D01014
GODREJCP,Godrej Consumer Products Limited,India,NSE,INR,Common Stock,INE102D01028
GODREJIND,Godrej Industries Limited,India,NSE,INR,Common Stock,INE233A01035
GODREJPROP,Godrej Properties Limited,India,NSE,INR,Common Stock,INE484J01027
GOENKA,Goenka Diamond and Jewels Limited,India,NSE,INR,Common Stock,INE516K01024
GOKEX,Gokaldas Exports Limited,India,NSE,INR,Common Stock,INE887G01027
GOKUL,Gokul Refoils and Solvent Limited,India,NSE,INR,Common Stock,INE020J01011
GOKULAGRO,Gokul Agro Resources Limited,India,NSE,INR,Common Stock,INE314T01025
GOLDENTOBC,Golden Tobacco Limited,India,NSE,INR,Common Stock,INE973A01010
GOLDIAM,Goldiam International Limited,India,NSE,INR,Common Stock,INE025B01025
GOLDKART-ST,GOLDKART-ST,India,NSE,INR,Common Stock,
GOLDTECH,Goldstone Technologies Limited,India,NSE,INR,Common Stock,INE805A01014
GOODLUCK,Goodluck India Limited,India,NSE,INR,Common Stock,INE127I01024
GOPAL,Gopal Snacks Ltd,India,NSE,INR,Common Stock,INE0L9R01028
GOYALALUM,Goyal Aluminiums Limited,India,NSE,INR,Common Stock,INE705X01018
GOYALSALT-SM,GOYALSALT-SM,India,NSE,INR,Common Stock,
GPIL,Godawari Power And Ispat limited,India,NSE,INR,Common Stock,INE177H01021
GPPL,Gujarat Pipavav Port Limited,India,NSE,INR,Common Stock,INE517F01014
GPTHEALTH,GPT Healthcare Ltd,India,NSE,INR,Common Stock,INE486R01017
GPTINFRA,GPT Infraprojects Limited,India,NSE,INR,Common Stock,INE390G01014
GRANULES,Granules India Limited,India,NSE,INR,Common Stock,INE101D01020
GRAPHISAD-SM,GRAPHISAD-SM,India,NSE,INR,Common Stock,
GRAPHITE,Graphite India Limited,India,NSE,INR,Common Stock,INE371A01025
GRASIM,Grasim Industries Limited,India,NSE,INR,Common Stock,INE047A01021
GRAVITA,Gravita India Limited,India,NSE,INR,Common Stock,INE024L01027
GRCL-SM,GRCL-SM,India,NSE,INR,Common Stock,
GREAVESCOT,Greaves Cotton Limited,India,NSE,INR,Common Stock,INE224A01026
GREENCHEF-SM,GREENCHEF-SM,India,NSE,INR,Common Stock,
GREENLAM,Greenlam Industries Limited,India,NSE,INR,Common Stock,INE544R01021
GREENPANEL,Greenpanel Industries Limited,India,NSE,INR,Common Stock,INE08ZM01014
GREENPLY,Greenply Industries Limited,India,NSE,INR,Common Stock,INE461C01038
GREENPOWER,Orient Green Power Company Limited,India,NSE,INR,Common Stock,INE999K01014
GRETEX,GRETEX,India,NSE,INR,Common Stock,
GRINDWELL,Grindwell Norton Limited,India,NSE,INR,Common Stock,INE536A01023
GRINFRA,G R Infraprojects Limited,India,NSE,INR,Common Stock,INE201P01022
GRMOVER,GRM Overseas Limited,India,NSE,INR,Common Stock,INE192H01020
GROBTEA,The Grob Tea Company Limited,India,NSE,INR,Common Stock,INE646C01018
GROWW,Billionbrains Garage Ventures Ltd,India,NSE,INR,Common Stock,
GROWWDEFNC,GROWWDEFNC,India,NSE,INR,Common Stock,
GROWWEV,GROWWEV,India,NSE,INR,Common Stock,
GROWWLIQID,GROWWLIQID,India,NSE,INR,Common Stock,
GROWWRAIL,GROWWRAIL,India,NSE,INR,Common Stock,
GRPLTD,GRP Limited,India,NSE,INR,Common Stock,INE137I01015
GRSE,Garden Reach Shipbuilders & Engineers Limited,India,NSE,INR,Common Stock,INE382Z01011
GRWRHITECH,Garware Hi-Tech Films Limited,India,NSE,INR,Common Stock,INE291A01017
GSEC10ABSL,GSEC10ABSL,India,NSE,INR,Common Stock,
GSEC10YEAR,GSEC10YEAR,India,NSE,INR,Common Stock,
GSFC,Gujarat State Fertilizers & Chemicals Limited,India,NSE,INR,Common Stock,INE026A01025
GSLSU,Global Surfaces Limited,India,NSE,INR,Common Stock,INE0JSX01015
GSMFOILS,GSM Foils Ltd,India,NSE,INR,Common Stock,
GSPL,Gujarat State Petronet Limited,India,NSE,INR,Common Stock,INE246F01010
GSS,GSS Infotech Limited,India,NSE,INR,Common Stock,INE871H01011
GTECJAINX,G-Tec Jainx Education Limited,India,NSE,INR,Common Stock,INE586X01012
GTL,GTL Limited,India,NSE,INR,Common Stock,INE043A01012
GTLINFRA,GTL Infrastructure Limited,India,NSE,INR,Common Stock,INE221H01019
GTPL,GTPL Hathway Limited,India,NSE,INR,Common Stock,INE869I01013
GUFICBIO,Gufic Biosciences Limited,India,NSE,INR,Common Stock,INE742B01025
GUJALKALI,Gujarat Alkalies and Chemicals Limited,India,NSE,INR,Common Stock,INE186A01019
GUJAPOLLO,Gujarat Apollo Industries Limited,India,NSE,INR,Common Stock,INE826C01016
GUJGASLTD,Gujarat Gas Limited,India,NSE,INR,Common Stock,INE844O01030
GUJRAFFIA,Gujarat Raffia Industries Limited,India,NSE,INR,Common Stock,INE610B01024
GUJTHEM,Gujarat Themis Biosyn Limited,India,NSE,INR,Common Stock,
GULFOILLUB,Gulf Oil Lubricants India Limited,India,NSE,INR,Common Stock,INE635Q01029
GULFPETRO,GP Petroleums Limited,India,NSE,INR,Common Stock,INE586G01017
GULPOLY,Gulshan Polyols Limited,India,NSE,INR,Common Stock,INE255D01024
GVKPIL,GVK Power & Infrastructure Limited,India,NSE,INR,Common Stock,INE251H01024
GVPTECH,GVP Infotech Limited,India,NSE,INR,Common Stock,
GVT&D,GE Vernova T&D India Limited,India,NSE,INR,Common Stock,
HAL,Hindustan Aeronautics Limited,India,NSE,INR,Common Stock,INE066F01012
HAPPSTMNDS,Happiest Minds Technologies Limited,India,NSE,INR,Common Stock,INE419U01012
HAPPYFORGE,Happy Forgings Limited,India,NSE,INR,Common Stock,INE330T01021
HARDWYN,Hardwyn India Limited,India,NSE,INR,Common Stock,INE626Z01011
HARIOMPIPE,Hariom Pipe Industries Limited,India,NSE,INR,Common Stock,INE00EV01017
HARRMALAYA,Harrisons  Malayalam Limited,India,NSE,INR,Common Stock,INE544A01019
HARSHA,Harsha Engineers International Limited,India,NSE,INR,Common Stock,INE0JUS01029
HATHWAY,Hathway Cable & Datacom Limited,India,NSE,INR,Common Stock,INE982F01036
HATSUN,Hatsun Agro Product Limited,India,NSE,INR,Common Stock,INE473B01035
HAVELLS,Havells India Limited,India,NSE,INR,Common Stock,INE176B01034
HAVISHA,Sri Havisha Hospitality and Infrastructure Limited,India,NSE,INR,Common Stock,INE293B01029
HBLENGINE,HBL ENGINEERING LTD,India,NSE,INR,Common Stock,
HBSL,HB Stockholdings Limited,India,NSE,INR,Common Stock,INE550B01022
HCC,Hindustan Construction Company Limited,India,NSE,INR,Common Stock,INE549A01026
HCG,Healthcare Global Enterprises Limited,India,NSE,INR,Common Stock,INE075I01017
HCL-INSYS,HCL Infosystems Limited,India,NSE,INR,Common Stock,INE236A01020
HCLTECH,HCL Technologies Limited,India,NSE,INR,Common Stock,INE860A01027
HDBFS,HDB Financial Services Limited,India,NSE,INR,Common Stock,
HDFCAMC,HDFC Asset Management Company Limited,India,NSE,INR,Common Stock,INE127D01025
HDFCBANK,HDFC Bank Limited,India,NSE,INR,Common Stock,INE040A01034
HDFCBSE500,HDFCBSE500,India,NSE,INR,Common Stock,
HDFCGROWTH,HDFCGROWTH,India,NSE,INR,Common Stock,
HDFCLIFE,HDFC Life Insurance Company Limited,India,NSE,INR,Common Stock,INE795G01014
HDFCLOWVOL,HDFCLOWVOL,India,NSE,INR,Common Stock,
HDFCNIFBAN,HDFCNIFBAN,India,NSE,INR,Common Stock,
HDFCPSUBK,HDFCPSUBK,India,NSE,INR,Common Stock,
HDFCQUAL,HDFCQUAL,India,NSE,INR,Common Stock,
HDFCSENSEX,HDFCSENSEX,India,NSE,INR,Common Stock,
HDFCVALUE,HDFCVALUE,India,NSE,INR,Common Stock,
HDIL,Housing Development and Infrastructure Limited,India,NSE,INR,Common Stock,INE191I01012
HEADSUP,Heads UP Ventures Limited,India,NSE,INR,Common Stock,INE759V01019
HEALTHADD,HEALTHADD,India,NSE,INR,Common Stock,
HECPROJECT,HEC Infra Projects Limited,India,NSE,INR,Common Stock,INE558R01013
HEG,HEG Limited,India,NSE,INR,Common Stock,INE545A01016
HEIDELBERG,HeidelbergCement India Limited,India,NSE,INR,Common Stock,INE578A01017
HEMIPROP,Hemisphere Properties India Limited,India,NSE,INR,Common Stock,INE0AJG01018
HERANBA,Heranba Industries Limited,India,NSE,INR,Common Stock,INE694N01015
HERCULES,Hercules Hoists Limited,India,NSE,INR,Common Stock,INE688E01024
HERITGFOOD,Heritage Foods Limited,India,NSE,INR,Common Stock,INE978A01027
HEROMOTOCO,Hero MotoCorp Limited,India,NSE,INR,Common Stock,INE158A01026
HESTERBIO,Hester Biosciences Limited,India,NSE,INR,Common Stock,INE782E01017
HEUBACHIND,Heubach Colorants India Limited,India,NSE,INR,Common Stock,INE492A01029
HEXATRADEX,Hexa Tradex Limited,India,NSE,INR,Common Stock,INE750M01017
HEXT,Hexaware Technologies Limited,India,NSE,INR,Common Stock,
HFCL,HFCL Limited,India,NSE,INR,Common Stock,INE548A01028
HGINFRA,H.G. Infra Engineering Limited,India,NSE,INR,Common Stock,INE926X01010
HGS,Hinduja Global Solutions Limited,India,NSE,INR,Common Stock,INE170I01016
HIGREEN-SM,HIGREEN-SM,India,NSE,INR,Common Stock,
HIKAL,Hikal Limited,India,NSE,INR,Common Stock,INE475B01022
HILINFRA,HILINFRA,India,NSE,INR,Common Stock,
HILTON,Hilton Metal Forging Limited,India,NSE,INR,Common Stock,INE788H01017
HIMATSEIDE,Himatsingka Seide Limited,India,NSE,INR,Common Stock,INE049A01027
HINDALCO,Hindalco Industries Limited,India,NSE,INR,Common Stock,INE038A01020
HINDCOMPOS,Hindustan Composites Limited,India,NSE,INR,Common Stock,INE310C01029
HINDCON,Hindcon Chemicals Limited,India,NSE,INR,Common Stock,INE642Y01011
HINDCOPPER,Hindustan Copper Limited,India,NSE,INR,Common Stock,INE531E01026
HINDOILEXP,Hindustan Oil Exploration Company Limited,India,NSE,INR,Common Stock,INE345A01011
HINDPETRO,Hindustan Petroleum Corporation Limited,India,NSE,INR,Common Stock,INE094A01015
HINDUNILVR,Hindustan Unilever Limited,India,NSE,INR,Common Stock,INE030A01027
HINDWAREAP,Hindware Home Innovation Limited,India,NSE,INR,Common Stock,INE05AN01011
HINDZINC,Hindustan Zinc Limited,India,NSE,INR,Common Stock,INE267A01025
HIRECT,Hind Rectifiers Limited,India,NSE,INR,Common Stock,INE835D01023
HISARMETAL,Hisar Metal Industries Limited,India,NSE,INR,Common Stock,INE598C01011
HITECH,Hi-Tech Pipes Limited,India,NSE,INR,Common Stock,INE106T01025
HITECHCORP,Hitech Corporation Limited,India,NSE,INR,Common Stock,INE120D01012
HITECHGEAR,The Hi-Tech Gears Limited,India,NSE,INR,Common Stock,INE127B01011
HLEGLAS,HLE Glascoat Limited,India,NSE,INR,Common Stock,INE461D01028
HLVLTD,HLV LIMITED,India,NSE,INR,Common Stock,INE102A01024
HMAAGRO,HMA AGRO INDUSTRIES ORD (BSE),India,NSE,INR,Common Stock,INE0ECP01024
HMT,HMT Limited,India,NSE,INR,Common Stock,INE262A01018
HMVL,Hindustan Media Ventures Limited,India,NSE,INR,Common Stock,INE871K01015
HNDFDS,Hindustan Foods Limited,India,NSE,INR,Common Stock,INE254N01026
HOLMARC-SM,HOLMARC-SM,India,NSE,INR,Common Stock,
HOMEFIRST,Home First Finance Company India Limited,India,NSE,INR,Common Stock,INE481N01025
HOMESFY-SM,HOMESFY-SM,India,NSE,INR,Common Stock,
HONASA,Honasa Consumer Limited,India,NSE,INR,Common Stock,INE0J5401028
HONAUT,Honeywell Automation India Limited,India,NSE,INR,Common Stock,INE671A01010
HONDAPOWER,Honda India Power Products Limited,India,NSE,INR,Common Stock,INE634A01018
HOVS,HOV Services Limited,India,NSE,INR,Common Stock,INE596H01014
HPAL,HP Adhesives Limited,India,NSE,INR,Common Stock,INE0GSL01016
HPIL,Hindprakash Industries Limited,India,NSE,INR,Common Stock,INE05X901010
HPL,HPL Electric & Power Limited,India,NSE,INR,Common Stock,INE495S01016
HSCL,Himadri Speciality Chemical Limited,India,NSE,INR,Common Stock,INE019C01026
HTMEDIA,HT Media Limited,India,NSE,INR,Common Stock,INE501G01024
HUBTOWN,Hubtown Limited,India,NSE,INR,Common Stock,INE703H01016
HUDCO,Housing & Urban Development Corporation Limited,India,NSE,INR,Common Stock,INE031A01017
HUHTAMAKI,Huhtamaki India Limited,India,NSE,INR,Common Stock,INE275B01026
HYBRIDFIN,Hybrid Financial Services Limited,India,NSE,INR,Common Stock,INE965B01022
HYUNDAI,Hyundai Motor India Ltd,India,NSE,INR,Common Stock,INE0V6F01027
IBLFL-SM,IBLFL-SM,India,NSE,INR,Common Stock,
IBREALEST,Equinox India Developments Ltd,India,NSE,INR,Common Stock,INE069I01010
ICDSLTD,ICDS Limited,India,NSE,INR,Common Stock,INE613B01010
ICEMAKE,Ice Make Refrigeration Limited,India,NSE,INR,Common Stock,INE520Y01019
ICICIBANK,ICICI Bank Limited,India,NSE,INR,Common Stock,INE090A01021
ICICIGI,ICICI Lombard General Insurance Company Limited,India,NSE,INR,Common Stock,INE765G01017
ICICIPRULI,ICICI Prudential Life Insurance Company Limited,India,NSE,INR,Common Stock,INE726G01019
ICIL,Indo Count Industries Limited,India,NSE,INR,Common Stock,INE483B01026
ICRA,ICRA Limited,India,NSE,INR,Common Stock,INE725G01011
IDBI,IDBI Bank Limited,India,NSE,INR,Common Stock,INE008A01015
IDEA,Vodafone Idea Limited,India,NSE,INR,Common Stock,INE669E01016
IDEAFORGE,ideaForge Technology Limited ,India,NSE,GBP,Common Stock,INE349Y01013
IDENTICAL-SM,IDENTICAL-SM,India,NSE,INR,Common Stock,
IDFCFIRSTB,IDFC First Bank Limited,India,NSE,INR,Common Stock,INE092T01019
IEL,Indiabulls Enterprises Limited,India,NSE,INR,Common Stock,INE059901020
IEX,Indian Energy Exchange Limited,India,NSE,INR,Common Stock,INE022Q01020
IFBAGRO,IFB Agro Industries Limited,India,NSE,INR,Common Stock,INE076C01018
IFBIND,IFB Industries Limited,India,NSE,INR,Common Stock,INE559A01017
IFCI,IFCI Limited,India,NSE,INR,Common Stock,INE039A01010
IFGLEXPOR,IFGL Refractories Limited,India,NSE,INR,Common Stock,INE133Y01011
IGARASHI,Igarashi Motors India Limited,India,NSE,INR,Common Stock,INE188B01013
IGCL,IGCL,India,NSE,INR,Common Stock,
IGIL,International Gemmological Institute (India) Limited,India,NSE,INR,Common Stock,
IGL,Indraprastha Gas Limited,India,NSE,INR,Common Stock,INE203G01027
IGPL,IG Petrochemicals Limited,India,NSE,INR,Common Stock,INE204A01010
IIFL,IIFL Finance Limited,India,NSE,INR,Common Stock,INE530B01024
IIFLCAPS,IIFL Capital Services Limited,India,NSE,INR,Common Stock,
IITL,Industrial Investment Trust Limited,India,NSE,INR,Common Stock,INE886A01014
IKIO,IKIO Lighting Limited,India,NSE,INR,Common Stock,INE0LOJ01019
IKS,INVENTURUS KNOWLEDGE SO L,India,NSE,INR,Common Stock,INE115Q01022
IL&FSENGG,IL&FS Engineering and Construction Company Limited,India,NSE,INR,Common Stock,INE369I01014
IL&FSTRANS,IL&FS Transportation Networks Limited,India,NSE,INR,Common Stock,INE975G01012
IMAGICAA,Imagicaaworld Entertainment Limited,India,NSE,INR,Common Stock,INE172N01012
IMFA,Indian Metals & Ferro Alloys Limited,India,NSE,INR,Common Stock,INE919H01018
IMPAL,India Motor Parts and Accessories Limited,India,NSE,INR,Common Stock,INE547E01014
IMPEXFERRO,Impex Ferro Tech Limited,India,NSE,INR,Common Stock,INE691G01015
INCREDIBLE,INCREDIBLE INDUSTRIES LIMITED,India,NSE,INR,Common Stock,INE452L01012
INDBANK,Indbank Merchant Banking Services Limited,India,NSE,INR,Common Stock,INE841B01017
INDGN,Indegene Ltd,India,NSE,INR,Common Stock,INE065X01017
INDHOTEL,The Indian Hotels Company Limited,India,NSE,INR,Common Stock,INE053A01029
INDIACEM,The India Cements Limited,India,NSE,INR,Common Stock,INE383A01012
INDIAGLYCO,India Glycols Limited,India,NSE,INR,Common Stock,INE560A01015
INDIAMART,Indiamart Intermesh Limited,India,NSE,INR,Common Stock,INE933S01016
INDIANB,Indian Bank,India,NSE,INR,Common Stock,INE562A01011
INDIANCARD,Indian Card Clothing Company Limited,India,NSE,INR,Common Stock,INE061A01014
INDIANHUME,Indian Hume Pipe Company Limited,India,NSE,INR,Common Stock,INE323C01030
INDIASHLTR,INDIA SHELTER FINANCE CORPORATION LIMITED,India,NSE,INR,Common Stock,INE922K01024
INDIGO,InterGlobe Aviation Limited,India,NSE,INR,Common Stock,INE646L01027
INDIGOPNTS,Indigo Paints Limited,India,NSE,INR,Common Stock,INE09VQ01012
INDIGRID-IV,India Grid Trust,India,NSE,INR,Common Stock,INE219X23014
INDIQUBE,INDIQUBE,India,NSE,INR,Common Stock,
INDNIPPON,India Nippon Electricals Limited,India,NSE,INR,Common Stock,INE092B01025
INDOAMIN,Indo Amines Limited,India,NSE,INR,Common Stock,INE760F01028
INDOBORAX,Indo Borax & Chemicals Limited,India,NSE,INR,Common Stock,INE803D01021
INDOCO,Indoco Remedies Limited,India,NSE,INR,Common Stock,INE873D01016
INDOFARM,INDOFARM,India,NSE,INR,Common Stock,
INDORAMA,Indo Rama Synthetics (India) Limited,India,NSE,INR,Common Stock,INE156A01012
INDOSTAR,IndoStar Capital Finance Limited,India,NSE,INR,Common Stock,INE896L01010
INDOTECH,Indo Tech Transformers Limited,India,NSE,INR,Common Stock,INE332H01014
INDOTHAI,Indo Thai Securities Limited,India,NSE,INR,Common Stock,INE337M01013
INDOUS,Indo Us Bio-Tech Limited,India,NSE,INR,Common Stock,
INDOWIND,Indowind Energy Limited,India,NSE,INR,Common Stock,INE227G01018
INDRAMEDCO,Indraprastha Medical Corporation Limited,India,NSE,INR,Common Stock,INE681B01017
INDSWFTLAB,Ind-Swift Laboratories Limited,India,NSE,INR,Common Stock,INE915B01019
INDTERRAIN,Indian Terrain Fashions Limited,India,NSE,INR,Common Stock,INE611L01021
INDUSINDBK,IndusInd Bank Limited,India,NSE,INR,Common Stock,INE095A01012
INDUSINVIT,INDUSINVIT,India,NSE,INR,Common Stock,
INDUSINVIT-IV,INDUSINVIT-IV,India,NSE,INR,Common Stock,
INDUSTOWER,Indus Towers Limited,India,NSE,INR,Common Stock,INE121J01017
INFIBEAM,Infibeam Avenues Limited,India,NSE,INR,Common Stock,INE483S01020
INFINIUM-SM,INFINIUM-SM,India,NSE,INR,Common Stock,
INFOBEAN,InfoBeans Technologies Limited,India,NSE,INR,Common Stock,INE344S01016
INFOLLION-SM,INFOLLION-SM,India,NSE,INR,Common Stock,
INFOMEDIA,Infomedia Press Limited,India,NSE,INR,Common Stock,INE669A01022
INFY,Infosys Limited,India,NSE,INR,Common Stock,INE009A01021
INGERRAND,Ingersoll Rand (India) Limited,India,NSE,INR,Common Stock,INE177A01018
INNOVACAP,Innova Captab Limited,India,NSE,INR,Common Stock,INE0DUT01020
INNOVANA,INNOVANA,India,NSE,INR,Common Stock,
INOXGREEN,Inox Green Energy Services Limited,India,NSE,INR,Common Stock,INE510W01014
INOXINDIA,INOX India Limited,India,NSE,INR,Common Stock,INE616N01034
INOXWIND,Inox Wind Limited,India,NSE,INR,Common Stock,INE066P01011
INSECTICID,Insecticides (India) Limited,India,NSE,INR,Common Stock,INE070I01018
INSPIRE-SM,INSPIRE-SM,India,NSE,INR,Common Stock,
INSPIRISYS,Inspirisys Solutions Limited,India,NSE,INR,Common Stock,INE020G01017
INTEGRITY-SM,INTEGRITY-SM,India,NSE,INR,Common Stock,
INTELLECT,Intellect Design Arena Limited,India,NSE,INR,Common Stock,INE306R01017
INTENTECH,Intense Technologies Limited,India,NSE,INR,Common Stock,INE781A01025
INTERARCH,Interarch Building Products Limited,India,NSE,INR,Common Stock,INE00M901018
INTLCONV,International Conveyors Limited,India,NSE,INR,Common Stock,INE575C01027
INVENTURE,Inventure Growth & Securities Limited,India,NSE,INR,Common Stock,INE878H01024
IOB,Indian Overseas Bank,India,NSE,INR,Common Stock,INE565A01014
IOC,Indian Oil Corporation Limited,India,NSE,INR,Common Stock,INE242A01010
IOLCP,IOL Chemicals and Pharmaceuticals Limited,India,NSE,INR,Common Stock,INE485C01011
IONEXCHANG,ION Exchange (India) Limited,India,NSE,INR,Common Stock,INE570A01014
IPCALAB,IPCA Laboratories Limited,India,NSE,INR,Common Stock,INE571A01038
IPL,India Pesticides Limited,India,NSE,INR,Common Stock,INE0D6701023
IPSL-SM,IPSL-SM,India,NSE,INR,Common Stock,
IRB,IRB Infrastructure Developers Limited,India,NSE,INR,Common Stock,INE821I01022
IRCON,Ircon International Limited,India,NSE,INR,Common Stock,INE962Y01021
IRCTC,Indian Railway Catering And Tourism Corporation Limited,India,NSE,INR,Common Stock,INE335Y01020
IREDA,Indian Renewable Energy Development Agency Limited,India,NSE,INR,Common Stock,
IRFC,Indian Railway Finance Corporation Limited,India,NSE,INR,Common Stock,INE053F01010
IRIS,Iris Business Services Limited,India,NSE,INR,Common Stock,INE864K01010
IRISDOREME,Iris Clothings Limited,India,NSE,INR,Common Stock,INE01GN01017
IRMENERGY,IRM ENERGY LTD,India,NSE,INR,Common Stock,INE07U701015
ISFT,Intrasoft Technologies Limited,India,NSE,INR,Common Stock,INE566K01011
ISGEC,Isgec Heavy Engineering Limited,India,NSE,INR,Common Stock,INE858B01029
ISHANCH,Ishan Dyes and Chemicals Limited,India,NSE,INR,Common Stock,
ITALIANE-SM,ITALIANE-SM,India,NSE,INR,Common Stock,
ITC,ITC Limited,India,NSE,INR,Common Stock,INE154A01025
ITCHOTELS,ITCHOTELS,India,NSE,INR,Common Stock,
ITDC,India Tourism Development Corporation Limited,India,NSE,INR,Common Stock,INE353K01014
ITDCEM,ITD Cementation India Limited,India,NSE,INR,Common Stock,INE686A01026
ITI,ITI Limited,India,NSE,INR,Common Stock,INE248A01017
ITTL-ST,ITTL-ST,India,NSE,INR,Common Stock,
IVALUE,iValue Infosolutions Limited,India,NSE,INR,Common Stock,
IVC,IL&FS Investment Managers Limited,India,NSE,INR,Common Stock,INE050B01023
IVP,IVP Limited,India,NSE,INR,Common Stock,INE043C01018
IXIGO,Le Travenues Technology Ltd,India,NSE,INR,Common Stock,INE0HV901016
IZMO,IZMO Limited,India,NSE,INR,Common Stock,INE848A01014
J&KBANK,The Jammu & Kashmir Bank Limited,India,NSE,INR,Common Stock,INE168A01041
JAGRAN,Jagran Prakashan Limited,India,NSE,INR,Common Stock,INE199G01027
JAGSNPHARM,Jagsonpal Pharmaceuticals Limited,India,NSE,INR,Common Stock,INE048B01027
JAIBALAJI,Jai Balaji Industries Limited,India,NSE,INR,Common Stock,INE091G01018
JAICORPLTD,Jai Corp Limited,India,NSE,INR,Common Stock,INE070D01027
JAINREC,Jain Resource Recycling Limited,India,NSE,INR,Common Stock,
JAIPURKURT,Nandani Creation Limited,India,NSE,INR,Common Stock,INE696V01013
JAMNAAUTO,Jamna Auto Industries Limited,India,NSE,INR,Common Stock,INE039C01032
JASH,Jash Engineering Limited,India,NSE,INR,Common Stock,INE039O01011
JAYAGROGN,Jayant Agro Organics Limited,India,NSE,INR,Common Stock,INE785A01026
JAYBARMARU,Jay Bharat Maruti Limited,India,NSE,INR,Common Stock,INE571B01028
JAYBEE-SM,JAYBEE-SM,India,NSE,INR,Common Stock,
JAYNECOIND,Jayaswal Neco Industries Limited,India,NSE,INR,Common Stock,INE854B01010
JAYSREETEA,Jayshree Tea & Industries Limited,India,NSE,INR,Common Stock,INE364A01020
JBCHEPHARM,JB Chemicals & Pharmaceuticals Limited,India,NSE,INR,Common Stock,INE572A01028
JBMA,JBM Auto Limited,India,NSE,INR,Common Stock,INE927D01051
JCHAC,Johnson Controls - Hitachi Air Conditioning India Limited,India,NSE,INR,Common Stock,INE782A01015
JETFREIGHT,Jet Freight Logistics Limited,India,NSE,INR,Common Stock,INE982V01025
JEYYAM-SM,JEYYAM-SM,India,NSE,INR,Common Stock,
JFLLIFE-SM,JFLLIFE-SM,India,NSE,INR,Common Stock,
JGCHEM,J.G.CHEMICALS LIMITED,India,NSE,INR,Common Stock,INE0MB501011
JHS,JHS Svendgaard Laboratories Limited,India,NSE,INR,Common Stock,INE544H01014
JINDALPHOT,Jindal Photo Limited,India,NSE,INR,Common Stock,INE796G01012
JINDALPOLY,Jindal Poly Films Limited,India,NSE,INR,Common Stock,INE197D01010
JINDALSAW,Jindal Saw Limited,India,NSE,INR,Common Stock,INE324A01024
JINDALSTEL,Jindal Steel & Power Limited,India,NSE,INR,Common Stock,INE749A01030
JINDRILL,Jindal Drilling And Industries Limited,India,NSE,INR,Common Stock,INE742C01031
JINDWORLD,Jindal Worldwide Limited,India,NSE,INR,Common Stock,INE247D01039
JIOFIN,JIO Financial Services Ltd,India,NSE,INR,Common Stock,INE758E01017
JISLDVREQS,Jain Irrigation Systems Limited,India,NSE,INR,Common Stock,IN9175A01010
JISLJALEQS,Jain Irrigation Systems Limited,India,NSE,INR,Common Stock,INE175A01038
JITFINFRA,JITF Infralogistics Limited,India,NSE,INR,Common Stock,INE863T01013
JIWANRAM-SM,JIWANRAM-SM,India,NSE,INR,Common Stock,
JKCEMENT,JK Cement Limited,India,NSE,INR,Common Stock,INE823G01014
JKIL,J.Kumar Infraprojects Limited,India,NSE,INR,Common Stock,INE576I01022
JKLAKSHMI,JK Lakshmi Cement Limited,India,NSE,INR,Common Stock,INE786A01032
JKPAPER,JK Paper Limited,India,NSE,INR,Common Stock,INE789E01012
JKTYRE,JK Tyre & Industries Limited,India,NSE,INR,Common Stock,INE573A01042
JLHL,Jupiter Life Line Hospitals Limited,India,NSE,INR,Common Stock,INE682M01012
JMA,Jullundur Motor Agency (Delhi) Limited,India,NSE,INR,Common Stock,INE412C01023
JMFINANCIL,JM Financial Limited,India,NSE,INR,Common Stock,INE780C01023
JNKINDIA,JNK India Ltd,India,NSE,INR,Common Stock,INE0OAF01028
JOCIL,Jocil Limited,India,NSE,INR,Common Stock,INE839G01010
JPASSOCIAT,Jaiprakash Associates Limited,India,NSE,INR,Common Stock,INE455F01025
JPOLYINVST,Jindal Poly Investment and Finance Company Limited,India,NSE,INR,Common Stock,INE147P01019
JPPOWER,Jaiprakash Power Ventures Limited,India,NSE,INR,Common Stock,INE351F01018
JSFB,Jana Small Finance Bank,India,NSE,INR,Common Stock,INE953L01027
JSL,Jindal Stainless Limited,India,NSE,INR,Common Stock,INE220G01021
JSLL,JEENA SIKHO LIFECARE LTD,India,NSE,INR,Common Stock,
JSWCEMENT,JSW Cement Ltd,India,NSE,INR,Common Stock,
JSWENERGY,JSW Energy Limited,India,NSE,INR,Common Stock,INE121E01018
JSWHL,JSW Holdings Limited,India,NSE,INR,Common Stock,INE824G01012
JSWINFRA,JSW Infrastructure Limited,India,NSE,INR,Common Stock,INE880J01026
JSWSTEEL,JSW Steel Limited,India,NSE,INR,Common Stock,INE019A01038
JTEKTINDIA,Jtekt India Limited,India,NSE,INR,Common Stock,INE643A01035
JTLIND,JTL Industries Ltd,India,NSE,INR,Common Stock,INE391J01024
JUBLCPL,Jubilant Agri and Consumer Products Limited,India,NSE,INR,Common Stock,
JUBLFOOD,Jubilant Foodworks Limited,India,NSE,INR,Common Stock,INE797F01020
JUBLINGREA,Jubilant Ingrevia Limited,India,NSE,INR,Common Stock,INE0BY001018
JUBLPHARMA,Jubilant Pharmova Limited,India,NSE,INR,Common Stock,INE700A01033
JUNIPER,Juniper Hotels Ltd,India,NSE,INR,Common Stock,INE696F01016
JUSTDIAL,Just Dial Limited,India,NSE,INR,Common Stock,INE599M01018
JWL,Jupiter Wagons Limited,India,NSE,INR,Common Stock,INE209L01016
JYOTHYLAB,Jyothy Labs Limited,India,NSE,INR,Common Stock,INE668F01031
JYOTICNC,Jyoti CNC Automation Limited,India,NSE,INR,Common Stock,INE980O01024
JYOTISTRUC,Jyoti Structures Limited,India,NSE,INR,Common Stock,INE197A01024
KABRAEXTRU,Kabra Extrusion Technik Limited,India,NSE,INR,Common Stock,INE900B01029
KAJARIACER,Kajaria Ceramics Limited,India,NSE,INR,Common Stock,INE217B01036
KAKATCEM,Kakatiya Cement Sugar & Industries Limited,India,NSE,INR,Common Stock,INE437B01014
KALAMANDIR,"SAI SILKS (KALAMANDIR) LIMITED",India,NSE,INR,Common Stock,INE438K01021
KALANA-SM,KALANA-SM,India,NSE,INR,Common Stock,
KALPATARU,KALPATARU,India,NSE,INR,Common Stock,
KALYANIFRG,Kalyani Forge Limited,India,NSE,INR,Common Stock,INE314G01014
KALYANKJIL,Kalyan Jewellers India Limited,India,NSE,INR,Common Stock,INE303R01014
KAMATHOTEL,Kamat Hotels (I) Limited,India,NSE,INR,Common Stock,INE967C01018
KAMDHENU,Kamdhenu Limited,India,NSE,INR,Common Stock,INE390H01012
KAMOPAINTS,Kamdhenu Ventures Limited,India,NSE,INR,Common Stock,INE0BTI01029
KANANIIND,Kanani Industries Limited,India,NSE,INR,Common Stock,INE879E01037
KANORICHEM,Kanoria Chemicals & Industries Limited,India,NSE,INR,Common Stock,INE138C01024
KANPRPLA,Kanpur Plastipack Limited,India,NSE,INR,Common Stock,INE694E01014
KANSAINER,Kansai Nerolac Paints Limited,India,NSE,INR,Common Stock,INE531A01024
KAPSTON,Kapston Services Limited,India,NSE,INR,Common Stock,INE542Z01010
KARMAENG,Karma Energy Limited,India,NSE,INR,Common Stock,INE725L01011
KARNIKA-SM,KARNIKA INDUSTRIES LTD,India,NSE,INR,Common Stock,
KARURVYSYA,Karur Vysya Bank Limited,India,NSE,INR,Common Stock,INE036D01028
KATARIA-SM,KATARIA-SM,India,NSE,INR,Common Stock,
KAUSHALYA,Kaushalya Infrastructure Development Corporation Limited,India,NSE,INR,Common Stock,INE234I01010
KAVDEFENCE,KAVDEFENCE,India,NSE,INR,Common Stock,
KAYA,Kaya Limited,India,NSE,INR,Common Stock,INE587G01015
KAYNES,Kaynes Technology India Limited,India,NSE,INR,Common Stock,INE918Z01012
KCP,KCP Limited,India,NSE,INR,Common Stock,INE805C01028
KCPSUGIND,KCP Sugar and Industries Corporation Limited,India,NSE,INR,Common Stock,INE790B01024
KDDL,KDDL Limited,India,NSE,INR,Common Stock,INE291D01011
KDL-SM,KDL-SM,India,NSE,INR,Common Stock,
KEC,KEC International Limited,India,NSE,INR,Common Stock,INE389H01022
KECL,Kirloskar Electric Company Limited,India,NSE,INR,Common Stock,INE134B01017
KEEPLEARN,DSJ Keep Learning Limited,India,NSE,INR,Common Stock,INE055C01020
KEI,KEI Industries Limited,India,NSE,INR,Common Stock,INE878B01027
KEL-SM,KEL-SM,India,NSE,INR,Common Stock,
KELLTONTEC,Kellton Tech Solutions Limited,India,NSE,INR,Common Stock,INE164B01022
KERNEX,Kernex Microsystems (India) Limited,India,NSE,INR,Common Stock,INE202H01019
KESORAMIND,Kesoram Industries Limited,India,NSE,INR,Common Stock,
KEYFINSERV,Keynote Financial Services Limited,India,NSE,INR,Common Stock,INE681C01015
KFINTECH,Kfin Technologies Limited,India,NSE,INR,Common Stock,INE138Y01010
KHADIM,Khadim India Limited,India,NSE,INR,Common Stock,INE834I01025
KHAICHEM,Khaitan Chemicals & Fertilizers Limited,India,NSE,INR,Common Stock,INE745B01028
KHAITANLTD,Khaitan (India) Limited,India,NSE,INR,Common Stock,INE731C01018
KHANDSE,Khandwala Securities Limited,India,NSE,INR,Common Stock,INE060B01014
KICL,Kalyani Investment Company Limited,India,NSE,INR,Common Stock,INE029L01018
KILITCH,Kilitch Drugs (India) Limited,India,NSE,INR,Common Stock,INE729D01010
KIMS,Krishna Institute of Medical Sciences Limited,India,NSE,INR,Common Stock,INE967H01017
KINGFA,Kingfa Science & Technology (India) Limited,India,NSE,INR,Common Stock,INE473D01015
KIOCL,KIOCL Limited,India,NSE,INR,Common Stock,INE880L01014
KIRIINDUS,Kiri Industries Limited,India,NSE,INR,Common Stock,INE415I01015
KIRLOSBROS,Kirloskar Brothers Limited,India,NSE,INR,Common Stock,INE732A01036
KIRLOSENG,Kirloskar Oil Engines Limited,India,NSE,INR,Common Stock,INE146L01010
KIRLOSIND,Kirloskar Industries Limited,India,NSE,INR,Common Stock,INE250A01039
KIRLPNU,KIRLOSKAR PNEUMATIC CO LTD,India,NSE,INR,Common Stock,INE811A01020
KITEX,Kitex Garments Limited,India,NSE,INR,Common Stock,INE602G01020
KKCL,Kewal Kiran Clothing Limited,India,NSE,INR,Common Stock,INE401H01017
KKVAPOW,KKVAPOW,India,NSE,INR,Common Stock,
KLL-SM,KLL-SM,India,NSE,INR,Common Stock,
KMEW,Knowledge Marine & Engineering Works Limited,India,NSE,INR,Common Stock,
KMSUGAR,K.M.Sugar Mills Limited,India,NSE,INR,Common Stock,INE157H01023
KNAGRI-SM,KN Agri Resources,India,NSE,INR,Common Stock,
KNRCON,KNR Constructions Limited,India,NSE,INR,Common Stock,INE634I01029
KOHINOOR,Kohinoor Foods Limited,India,NSE,INR,Common Stock,INE080B01012
KOKUYOCMLN,Kokuyo Camlin Limited,India,NSE,INR,Common Stock,INE760A01029
KOLTEPATIL,Kolte - Patil Developers Limited,India,NSE,INR,Common Stock,INE094I01018
KONSTELEC-SM,KONSTELEC-SM,India,NSE,INR,Common Stock,
KOPRAN,Kopran Limited,India,NSE,INR,Common Stock,INE082A01010
KOTAKBANK,Kotak Mahindra Bank Limited,India,NSE,INR,Common Stock,INE237A01028
KOTARISUG,Kothari Sugars And Chemicals Limited,India,NSE,INR,Common Stock,INE419A01022
KOTHARIPET,Kothari Petrochemicals Limited,India,NSE,INR,Common Stock,INE720A01015
KOTHARIPRO,Kothari Products Limited,India,NSE,INR,Common Stock,INE823A01017
KPEL,K.P. Energy Limited,India,NSE,INR,Common Stock,
KPIGREEN,KPI Green Energy Limited,India,NSE,INR,Common Stock,INE542W01017
KPIL,Kalpataru Projects International Ltd.,India,NSE,INR,Common Stock,INE220B01022
KPITTECH,KPIT Technologies Limited,India,NSE,INR,Common Stock,INE04I401011
KPRMILL,K.P.R. Mill Limited,India,NSE,INR,Common Stock,INE930H01031
KRBL,KRBL Limited,India,NSE,INR,Common Stock,INE001B01026
KREBSBIO,Krebs Biochemicals and Industries Limited,India,NSE,INR,Common Stock,INE268B01013
KRIDHANINF,Kridhan Infra Limited,India,NSE,INR,Common Stock,INE524L01026
KRISHANA,Krishana Phoschem Limited,India,NSE,INR,Common Stock,INE506W01012
KRISHCA-SM,KRISHCA-SM,India,NSE,INR,Common Stock,
KRISHIVAL,KRISHIVAL,India,NSE,INR,Common Stock,
KRISHNADEF-SM,KRISHNA DEFENCE AN,India,NSE,INR,Common Stock,
KRITI,Kriti Industries (India) Limited,India,NSE,INR,Common Stock,INE479D01038
KRITIKA,Kritika Wires Limited,India,NSE,INR,Common Stock,INE00Z501029
KRITINUT,Kriti Nutrients Limited,India,NSE,INR,Common Stock,INE798K01010
KRN,KRN Heat Exchanger and Refrigeration,India,NSE,INR,Common Stock,INE0Q3J01015
KRONOX,Kronox Lab Sciences Ltd,India,NSE,INR,Common Stock,INE0ATZ01017
KROSS,Kross Ltd,India,NSE,INR,Common Stock,INE0O6601022
KRSNAA,Krsnaa Diagnostics Limited,India,NSE,INR,Common Stock,INE08LI01020
KRT-RR,Knowledge Realty Trust REIT Ltd,India,NSE,INR,Common Stock,
KRYSTAL,Krystal Integrated Services Ltd,India,NSE,INR,Common Stock,INE0QN801017
KSB,KSB Ltd,India,NSE,INR,Common Stock,INE999A01015
KSCL,Kaveri Seed Company Limited,India,NSE,INR,Common Stock,INE455I01029
KSHITIJPOL,Kshitij Polyline Limited,India,NSE,INR,Common Stock,INE013801027
KSL,Kalyani Steels Limited,India,NSE,INR,Common Stock,INE907A01026
KSOLVES,Ksolves India Limited,India,NSE,INR,Common Stock,INE0D6I01015
KTKBANK,The Karnataka Bank Limited,India,NSE,INR,Common Stock,INE614B01018
KUANTUM,Kuantum Papers Limited,India,NSE,INR,Common Stock,INE529I01021
LAGNAM,Lagnam Spintex Limited,India,NSE,INR,Common Stock,INE548Z01017
LAKPRE,Lakshmi Precision Screws Limited,India,NSE,INR,Common Stock,INE651C01018
LAKSHYA-SM,LAKSHYA-SM,India,NSE,INR,Common Stock,
LAL,Lorenzini Apparels Limited,India,NSE,INR,Common Stock,
LALPATHLAB,Dr. Lal Path Labs Ltd.,India,NSE,INR,Common Stock,INE600L01024
LAMBODHARA,Lambodhara Textiles Limited,India,NSE,INR,Common Stock,INE112F01022
LANCORHOL,LANCOR HOLDINGS LTD.,India,NSE,INR,Common Stock,INE572G01025
LANDMARK,Landmark Cars Limited,India,NSE,INR,Common Stock,INE559R01029
LAOPALA,La Opala RG Limited,India,NSE,INR,Common Stock,INE059D01020
LASA,Lasa Supergenerics Limited,India,NSE,INR,Common Stock,INE670X01014
LATENTVIEW,Latent View Analytics Limited,India,NSE,INR,Common Stock,INE0I7C01011
LATTEYS,Latteys Industries Limited,India,NSE,INR,Common Stock,
LAURUSLABS,Laurus Labs Limited,India,NSE,INR,Common Stock,INE947Q01028
LAXMICOT,Laxmi Cotspin Limited,India,NSE,INR,Common Stock,INE801V01019
LAXMIDENTL,LAXMIDENTL,India,NSE,INR,Common Stock,
LAXMIINDIA,LAXMIINDIA,India,NSE,INR,Common Stock,
LAXMIMACH,Lakshmi Machine Works Limited,India,NSE,INR,Common Stock,INE269B01029
LCCINFOTEC,LCC Infotech Limited,India,NSE,INR,Common Stock,INE938A01021
LEMONTREE,Lemon Tree Hotels Limited,India,NSE,INR,Common Stock,INE970X01018
LEXUS,Lexus Granito (India) Limited,India,NSE,INR,Common Stock,INE500X01013
LFIC,Lakshmi Finance & Industrial Corporation Limited,India,NSE,INR,Common Stock,INE850E01012
LGBBROSLTD,LG Balakrishnan & Bros Limited,India,NSE,INR,Common Stock,INE337A01034
LGEINDIA,LG Electronics India Ltd,India,NSE,INR,Common Stock,
LGHL,Laxmi Goldorna House Ltd,India,NSE,INR,Common Stock,INE258Y01016
LIBAS,Libas Consumer Products Limited,India,NSE,INR,Common Stock,INE908V01012
LIBERTSHOE,Liberty Shoes Limited,India,NSE,INR,Common Stock,INE557B01019
LICHSGFIN,LIC Housing Finance Limited,India,NSE,INR,Common Stock,INE115A01026
LICI,Life Insurance Corporation Of India,India,NSE,INR,Common Stock,INE0J1Y01017
LICNMID100,LICNMID100,India,NSE,INR,Common Stock,
LIKHITHA,Likhitha Infrastructure Limited,India,NSE,INR,Common Stock,INE060901027
LINC,Linc Limited,India,NSE,INR,Common Stock,INE802B01019
LINCOLN,Lincoln Pharmaceuticals Limited,India,NSE,INR,Common Stock,INE405C01035
LINDEINDIA,Linde India Limited,India,NSE,INR,Common Stock,INE473A01011
LIQUIDPLUS,LIQUIDPLUS,India,NSE,INR,Common Stock,
LIQUIDSHRI,LIQUIDSHRI,India,NSE,INR,Common Stock,
LLOYDS,LLOYDS ENGINEERING WORKS RIGHTS LT,India,NSE,INR,Common Stock,
LLOYDSENGG,Lloyds Engineering Works Limited,India,NSE,INR,Common Stock,INE093R01011
LLOYDSENT,Lloyds Enterprises Limited,India,NSE,INR,Common Stock,
LLOYDSME,LLOYDS METALS AND ENERGY LTD.,India,NSE,INR,Common Stock,INE281B01032
LMW,LMW Limited,India,NSE,INR,Common Stock,INE269B01029
LODHA,Macrotech Developers Limited,India,NSE,INR,Common Stock,INE670K01029
LOKESHMACH,Lokesh Machines Limited,India,NSE,INR,Common Stock,INE397H01017
LORDSCHLO,LORDS CHLORO ALKALI ORD T (BSE),India,NSE,INR,Common Stock,INE846D01012
LOTUSDEV,LOTUSDEV,India,NSE,INR,Common Stock,
LOTUSEYE,Lotus Eye Hospital and Institute Limited,India,NSE,INR,Common Stock,INE947I01017
LOVABLE,Lovable Lingerie Limited,India,NSE,INR,Common Stock,INE597L01014
LOWVOL,LOWVOL,India,NSE,INR,Common Stock,
LOWVOL1,LOWVOL1,India,NSE,INR,Common Stock,
LOYALTEX,Loyal Textile Mills Limited,India,NSE,INR,Common Stock,INE970D01010
LPDC,Landmark Property Development Company Limited,India,NSE,INR,Common Stock,INE197J01017
LT,Larsen & Toubro Limited,India,NSE,INR,Common Stock,INE018A01030
LTF,L&T Finance Limited,India,NSE,INR,Common Stock,
LTFOODS,LT Foods Limited,India,NSE,INR,Common Stock,INE818H01020
LTIM,LTIMindtree Limited,India,NSE,INR,Common Stock,INE214T01019
LTTS,L&T Technology Services Limited,India,NSE,INR,Common Stock,INE010V01017
LUMAXIND,Lumax Industries Limited,India,NSE,INR,Common Stock,INE162B01018
LUMAXTECH,Lumax Auto Technologies Limited,India,NSE,INR,Common Stock,INE872H01027
LUPIN,Lupin Limited,India,NSE,INR,Common Stock,INE326A01037
LUXIND,Lux Industries Limited,India,NSE,INR,Common Stock,INE150G01020
LXCHEM,Laxmi Organic Industries Limited,India,NSE,INR,Common Stock,INE576O01020
LYKALABS,Lyka Labs Limited,India,NSE,INR,Common Stock,INE933A01014
LYPSAGEMS,Lypsa Gems & Jewellery Limited,India,NSE,INR,Common Stock,INE142K01011
M&M,Mahindra & Mahindra Limited,India,NSE,INR,Common Stock,INE101A01026
M&MFIN,Mahindra & Mahindra Financial Services Limited,India,NSE,INR,Common Stock,INE774D01024
MAANALU,Maan Aluminium Limited,India,NSE,INR,Common Stock,INE215I01019
MACOBSTECH-SM,MACOBSTECH-SM,India,NSE,INR,Common Stock,
MACPOWER,Macpower CNC Machines Limited,India,NSE,INR,Common Stock,INE155Z01011
MADHAV,Madhav Marbles and Granites Limited,India,NSE,INR,Common Stock,INE925C01016
MADHUCON,Madhucon Projects Limited,India,NSE,INR,Common Stock,INE378D01032
MADHUSUDAN-SM,MADHUSUDAN-SM,India,NSE,INR,Common Stock,
MADRASFERT,Madras Fertilizers Limited,India,NSE,INR,Common Stock,INE414A01015
MAGADSUGAR,Magadh Sugar & Energy Limited,India,NSE,INR,Common Stock,INE347W01011
MAGNUM,Magnum Ventures Limited,India,NSE,INR,Common Stock,INE387I01016
MAHABANK,Bank of Maharashtra,India,NSE,INR,Common Stock,INE457A01014
MAHAPEXLTD,Maha Rashtra Apex Corporation Limited,India,NSE,INR,Common Stock,INE843B01013
MAHASTEEL,Mahamaya Steel Industries Limited,India,NSE,INR,Common Stock,INE451L01014
MAHEPC,Mahindra EPC Irrigation Limited,India,NSE,INR,Common Stock,INE215D01010
MAHESHWARI,Maheshwari Logistics Limited,India,NSE,INR,Common Stock,INE263W01010
MAHICKRA-SM,MAHICKRA-SM,India,NSE,INR,Common Stock,
MAHLIFE,Mahindra Lifespace Developers Limited,India,NSE,INR,Common Stock,INE813A01018
MAHLOG,Mahindra Logistics Limited,India,NSE,INR,Common Stock,INE766P01016
MAHSCOOTER,Maharashtra Scooters Limited,India,NSE,INR,Common Stock,INE288A01013
MAHSEAMLES,Maharashtra Seamless Limited,India,NSE,INR,Common Stock,INE271B01025
MAITHANALL,Maithan Alloys Limited,India,NSE,INR,Common Stock,INE683C01011
MAITREYA-SM,MAITREYA,India,NSE,INR,Common Stock,
MALLCOM,Mallcom (India) Limited,India,NSE,INR,Common Stock,INE389C01015
MALUPAPER,Malu Paper Mills Limited,India,NSE,INR,Common Stock,INE383H01017
MAMATA,MAMATA,India,NSE,INR,Common Stock,
MANAKALUCO,Manaksia Aluminium Company Limited,India,NSE,INR,Common Stock,INE859Q01017
MANAKCOAT,Manaksia Coated Metals & Industries Limited,India,NSE,INR,Common Stock,INE830Q01018
MANAKSIA,Manaksia Limited,India,NSE,INR,Common Stock,INE015D01022
MANAKSTEEL,Manaksia Steels Limited,India,NSE,INR,Common Stock,INE824Q01011
MANALIPETC,Manali Petrochemicals Limited,India,NSE,INR,Common Stock,INE201A01024
MANAPPURAM,Manappuram Finance Limited,India,NSE,INR,Common Stock,INE522D01027
MANAV,MANAV,India,NSE,INR,Common Stock,
MANAV-SM,MANAV-SM,India,NSE,INR,Common Stock,
MANBA,Manba Finance Ltd,India,NSE,INR,Common Stock,INE939X01013
MANCREDIT,Mangal Credit and Fincorp Limited,India,NSE,INR,Common Stock,
MANGALAM,Mangalam Drugs And Organics Limited,India,NSE,INR,Common Stock,INE584F01014
MANGCHEFER,Mangalore Chemicals & Fertilizers Limited,India,NSE,INR,Common Stock,INE558B01017
MANGLMCEM,Mangalam Cement Limited,India,NSE,INR,Common Stock,INE347A01017
MANINDS,Man Industries (India) Limited,India,NSE,INR,Common Stock,INE993A01026
MANINFRA,Man Infraconstruction Limited,India,NSE,INR,Common Stock,INE949H01023
MANKIND,Mankind Pharma Ltd,India,NSE,INR,Common Stock,INE634S01028
MANOMAY,Manomay Tex India Limited,India,NSE,INR,Common Stock,INE784W01015
MANORAMA,Manorama Industries Limited,India,NSE,INR,Common Stock,INE00VM01010
MANORG,Mangalam Organics Limited,India,NSE,INR,Common Stock,INE370D01013
MANUGRAPH,Manugraph India Limited,India,NSE,INR,Common Stock,INE867A01022
MANYAVAR,Vedant Fashions Limited,India,NSE,INR,Common Stock,INE825V01034
MAPMYINDIA,C.E. Info Systems Limited,India,NSE,INR,Common Stock,INE0BV301023
MARALOVER,Maral Overseas Limited,India,NSE,INR,Common Stock,INE882A01013
MARATHON,Marathon Nextgen Realty Limited,India,NSE,INR,Common Stock,INE182D01020
MARCO-SM,MARCO-SM,India,NSE,INR,Common Stock,
MARICO,Marico Limited,India,NSE,INR,Common Stock,INE196A01026
MARINE,Marine Electricals (India) Limited,India,NSE,INR,Common Stock,INE01JE01028
MARKSANS,Marksans Pharma Limited,India,NSE,INR,Common Stock,INE750C01026
MARSHALL,Marshall Machines Limited,India,NSE,INR,Common Stock,INE00SZ01018
MARUTI,Maruti Suzuki India Limited,India,NSE,INR,Common Stock,INE585B01010
MASFIN,MAS Financial Services Limited,India,NSE,INR,Common Stock,INE348L01012
MASKINVEST,Mask Investments Limited,India,NSE,INR,Common Stock,INE885F01015
MASTEK,Mastek Limited,India,NSE,INR,Common Stock,INE759A01021
MASTERTR,Master Trust Limited,India,NSE,INR,Common Stock,
MATRIMONY,Matrimony.Com Limited,India,NSE,INR,Common Stock,INE866R01028
MAWANASUG,Mawana Sugars Limited,India,NSE,INR,Common Stock,INE636A01013
MAXESTATES,Max Estates Limited,India,NSE,INR,Common Stock,INE03EI01018
MAXHEALTH,Max Healthcare Institute Limited,India,NSE,INR,Common Stock,INE027H01010
MAXIND,Max India Limited,India,NSE,INR,Common Stock,INE0CG601016
MAXPOSURE-SM,MAXPOSURE-SM,India,NSE,INR,Common Stock,
MAYURUNIQ,Mayur Uniquoters Ltd,India,NSE,INR,Common Stock,INE040D01038
MAZDA,Mazda Limited,India,NSE,INR,Common Stock,INE885E01034
MAZDOCK,Mazagon Dock Shipbuilders Limited,India,NSE,INR,Common Stock,INE249Z01012
MBAPL,Madhya Bharat Agro Products Limited,India,NSE,INR,Common Stock,INE900L01010
MBEL,MBEL,India,NSE,INR,Common Stock,
MBLINFRA,MBL Infrastructure Limited,India,NSE,INR,Common Stock,INE912H01013
MCDOWELL-N,United Spirits Limited,India,NSE,INR,Common Stock,INE854D01024
MCL,Madhav Copper Limited,India,NSE,INR,Common Stock,INE813V01022
MCLEODRUSS,Mcleod Russel India Limited,India,NSE,INR,Common Stock,INE942G01012
MCLOUD,MAGELLANIC CLOUD LTD,India,NSE,INR,Common Stock,
MCON-SM,MCON-SM,India,NSE,INR,Common Stock,
MCX,Multi Commodity Exchange of India Limited,India,NSE,INR,Common Stock,INE745G01035
MDL-SM,MDL-SM,India,NSE,INR,Common Stock,
MEDANTA,Global Health Limited,India,NSE,INR,Common Stock,INE474Q01031
MEDIASSIST,MEDI ASSIST HEALTHCARE SERVICES LIMITED,India,NSE,INR,Common Stock,INE456Z01021
MEDICAMEQ,Medicamen Biotech Limited,India,NSE,INR,Common Stock,INE646B01010
MEDICO,Medico Remedies Limited,India,NSE,INR,Common Stock,INE630Y01024
MEDIORG,Medicamen Organics Ltd,India,NSE,INR,Common Stock,
MEDPLUS,Medplus Health Services Limited,India,NSE,INR,Common Stock,INE804L01022
MEGAFLEX-SM,MEGAFLEX-SM,India,NSE,INR,Common Stock,
MEGASOFT,Megasoft Limited,India,NSE,INR,Common Stock,INE933B01012
MEGASTAR,Megastar Foods Limited,India,NSE,INR,Common Stock,INE00EM01016
MEGATHERM-SM,MEGATHERM-SM,India,NSE,INR,Common Stock,
MENONBE,Menon Bearings Limited,India,NSE,INR,Common Stock,INE071D01033
MEP,MEP Infrastructure Developers Limited,India,NSE,INR,Common Stock,INE776I01010
MERCATOR,Mercator Limited,India,NSE,INR,Common Stock,INE934B01028
METAL,METAL,India,NSE,INR,Common Stock,
METROBRAND,Metro Brands Limited,India,NSE,INR,Common Stock,INE317I01021
METROPOLIS,Metropolis Healthcare Limited,India,NSE,INR,Common Stock,INE112L01020
MFML,Mahalaxmi Fabric Mills Limited,India,NSE,INR,Common Stock,
MFSL,Max Financial Services Limited,India,NSE,INR,Common Stock,INE180A01020
MGEL,Mangalam Global Enterprise Limited,India,NSE,INR,Common Stock,INE0APB01024
MGL,Mahanagar Gas Limited,India,NSE,INR,Common Stock,INE002S01010
MHHL-SM,MHHL-SM,India,NSE,INR,Common Stock,
MHLXMIRU,Mahalaxmi Rubtech Limited,India,NSE,INR,Common Stock,INE112D01035
MHRIL,Mahindra Holidays & Resorts India Limited,India,NSE,INR,Common Stock,INE998I01010
MICEL,MIC Electronics Limited,India,NSE,INR,Common Stock,INE287C01037
MICROPRO-SM,MICROPRO-SM,India,NSE,INR,Common Stock,
MID150CASE,MID150CASE,India,NSE,INR,Common Stock,
MIDHANI,Mishra Dhatu Nigam Limited,India,NSE,INR,Common Stock,INE099Z01011
MIDQ50ADD,MIDQ50ADD,India,NSE,INR,Common Stock,
MINDACORP,Minda Corporation Limited,India,NSE,INR,Common Stock,INE842C01021
MINDSPACE-RR,Mindspace Business Parks Reits,India,NSE,INR,Common Stock,INE0CCU25019
MINDTECK,Mindteck (India) Limited,India,NSE,INR,Common Stock,INE110B01017
MIRCELECTR,MIRC Electronics Limited,India,NSE,INR,Common Stock,INE831A01028
MIRZAINT,Mirza International Limited,India,NSE,INR,Common Stock,INE771A01026
MITCON,MITCON Consultancy & Engineering Services Limited,India,NSE,INR,Common Stock,INE828O01033
MITTAL,Mittal Life Style Limited,India,NSE,INR,Common Stock,INE997Y01019
MKPL,M. K. Proteins Limited,India,NSE,INR,Common Stock,
MMFL,MM Forgings Limited,India,NSE,INR,Common Stock,INE227C01017
MMP,MMP Industries Limited,India,NSE,INR,Common Stock,INE511Y01018
MMTC,MMTC Limited,India,NSE,INR,Common Stock,INE123F01029
MNC,MNC,India,NSE,INR,Common Stock,
MOBIKWIK,MOBIKWIK,India,NSE,INR,Common Stock,
MODIRUBBER,Modi Rubber Limited,India,NSE,INR,Common Stock,INE832A01018
MODISONLTD,MODISON LIMITED,India,NSE,INR,Common Stock,INE737D01021
MODTHREAD,Modern Threads (India) Limited,India,NSE,INR,Common Stock,
MOHITIND,Mohit Industries Limited,India,NSE,INR,Common Stock,INE954E01012
MOIL,MOIL Limited,India,NSE,INR,Common Stock,INE490G01020
MOKSH,Moksh Ornaments Limited,India,NSE,INR,Common Stock,INE514Y01020
MOL,Meghmani Organics Limited,India,NSE,INR,Common Stock,INE0CT101020
MOLDTECH,Mold-Tek Technologies Limited,India,NSE,INR,Common Stock,INE835B01035
MOLDTKPAC,Mold-Tek Packaging Limited,India,NSE,INR,Common Stock,INE893J01029
MOMENTUM50,MOMENTUM50,India,NSE,INR,Common Stock,
MONARCH,Monarch Networth Capital Limited,India,NSE,INR,Common Stock,INE903D01011
MONOPHARMA-SM,MONOPHARMA-SM,India,NSE,INR,Common Stock,
MONTECARLO,Monte Carlo Fashions Limited,India,NSE,INR,Common Stock,INE950M01013
MORARJEE,Morarjee Textiles Limited,India,NSE,INR,Common Stock,INE161G01027
MOREPENLAB,Morepen Laboratories Limited,India,NSE,INR,Common Stock,INE083A01026
MOS-SM,MOS UTILITY LIMITED,India,NSE,INR,Common Stock,
MOSCHIP,MOSCHIP TECHNOLOGIES LTD,India,NSE,INR,Common Stock,
MOTHERSON,Samvardhana Motherson International Limited,India,NSE,INR,Common Stock,INE775A01035
MOTILALOFS,Motilal Oswal Financial Services Limited,India,NSE,INR,Common Stock,INE338I01027
MOTISONS,Motisons Jewellers Ltd,India,NSE,INR,Common Stock,INE0FRK01012
MOTOGENFIN,The Motor & General Finance Limited,India,NSE,INR,Common Stock,INE861B01023
MPHASIS,MphasiS Limited,India,NSE,INR,Common Stock,INE356A01018
MPSLTD,MPS Limited,India,NSE,INR,Common Stock,INE943D01017
MRF,MRF Limited,India,NSE,INR,Common Stock,INE883A01011
MRPL,Mangalore Refinery and Petrochemicals Limited,India,NSE,INR,Common Stock,INE103A01014
MSCIINDIA,MSCIINDIA,India,NSE,INR,Common Stock,
MSPL,MSP Steel & Power Limited,India,NSE,INR,Common Stock,INE752G01015
MSTCLTD,Mstc Limited,India,NSE,INR,Common Stock,INE255X01014
MSUMI,Motherson Sumi Wiring India Limited,India,NSE,INR,Common Stock,INE0FS801015
MTARTECH,Mtar Technologies Limited,India,NSE,INR,Common Stock,INE864I01014
MTEDUCARE,MT Educare Limited,India,NSE,INR,Common Stock,INE472M01018
MTNL,Mahanagar Telephone Nigam Limited,India,NSE,INR,Common Stock,INE153A01019
MUFIN,Mufin Green Finance Ltd,India,NSE,INR,Common Stock,INE08KJ01020
MUFTI,Credo Brands Marketing Limited,India,NSE,INR,Common Stock,INE220Q01020
MUKANDLTD,Mukand Limited,India,NSE,INR,Common Stock,INE304A01026
MUKKA,Mukka Proteins Limited,India,NSE,INR,Common Stock,INE0CG401037
MUKTAARTS,Mukta Arts Limited,India,NSE,INR,Common Stock,INE374B01019
MULTICAP,MULTICAP,India,NSE,INR,Common Stock,
MUNJALAU,Munjal Auto Industries Limited,India,NSE,INR,Common Stock,INE672B01032
MUNJALSHOW,Munjal Showa Limited,India,NSE,INR,Common Stock,INE577A01027
MURUDCERA,Murudeshwar Ceramics Limited,India,NSE,INR,Common Stock,INE692B01014
MUTHOOTCAP,Muthoot Capital Services Limited,India,NSE,INR,Common Stock,INE296G01013
MUTHOOTFIN,Muthoot Finance Limited,India,NSE,INR,Common Stock,INE414G01012
MUTHOOTMF,Muthoot Microfin Limited,India,NSE,INR,Common Stock,INE046W01019
MVGJL,Manoj Vaibhav Gems 'N' Jewellers Limited,India,NSE,INR,Common Stock,INE0KNT01012
NACLIND,NACL Industries Limited,India,NSE,INR,Common Stock,INE295D01020
NAGAFERT,Nagarjuna Fertilizers and Chemicals Limited,India,NSE,INR,Common Stock,INE454M01024
NAGREEKCAP,Nagreeka Capital & Infrastructure Limited,India,NSE,INR,Common Stock,INE245I01016
NAGREEKEXP,Nagreeka Exports Limited,India,NSE,INR,Common Stock,INE123B01028
NAHARCAP,Nahar Capital and Financial Services Limited,India,NSE,INR,Common Stock,INE049I01012
NAHARINDUS,Nahar Industrial Enterprises Limited,India,NSE,INR,Common Stock,INE289A01011
NAHARPOLY,Nahar Poly Films Limited,India,NSE,INR,Common Stock,INE308A01027
NAHARSPING,Nahar Spinning Mills Limited,India,NSE,INR,Common Stock,INE290A01027
NAM-INDIA,Nippon Life India Asset Management Limited,India,NSE,INR,Common Stock,INE298J01013
NAMOEWASTE-SM,NAMOEWASTE-SM,India,NSE,INR,Common Stock,
NARMADA,Narmada Agrobase Limited,India,NSE,INR,Common Stock,INE117Z01011
NATCAPSUQ,Natural Capsules Limited,India,NSE,INR,Common Stock,
NATCOPHARM,Natco Pharma Limited,India,NSE,INR,Common Stock,INE987B01026
NATHBIOGEN,Nath Bio-Genes (India) Limited,India,NSE,INR,Common Stock,INE448G01010
NATIONALUM,National Aluminium Company Limited,India,NSE,INR,Common Stock,INE139A01034
NAUKRI,Info Edge (India) Limited,India,NSE,INR,Common Stock,INE663F01024
NAVA,Nava Bharat Ventures Limited,India,NSE,INR,Common Stock,INE725A01022
NAVINFLUOR,Navin Fluorine International Limited,India,NSE,INR,Common Stock,INE048G01026
NAVKARCORP,Navkar Corporation Limited,India,NSE,INR,Common Stock,INE278M01019
NAVKARURB,Navkar Urbanstructure Limited,India,NSE,INR,Common Stock,
NAVNETEDUL,Navneet Education Limited,India,NSE,INR,Common Stock,INE060A01024
NAZARA,Nazara Technologies Limited,India,NSE,INR,Common Stock,INE418L01021
NBCC,NBCC (India) Limited,India,NSE,INR,Common Stock,INE095N01031
NBIFIN,N. B. I. Industrial Finance Company Limited,India,NSE,INR,Common Stock,INE365I01020
NCC,NCC Limited,India,NSE,INR,Common Stock,INE868B01028
NCLIND,NCL Industries Limited,India,NSE,INR,Common Stock,INE732C01016
NDGL,Naga Dhunseri Group Limited,India,NSE,INR,Common Stock,INE756C01015
NDL,Nandan Denim Limited,India,NSE,INR,Common Stock,INE875G01030
NDLVENTURE,NDL Ventures Limited,India,NSE,INR,Common Stock,INE353A01023
NDRAUTO,Ndr Auto Components Limited,India,NSE,INR,Common Stock,INE07OG01012
NDTV,New Delhi Television Limited,India,NSE,INR,Common Stock,INE155G01029
NECCLTD,North Eastern Carrying Corporation Limited,India,NSE,INR,Common Stock,INE553C01016
NECLIFE,Nectar Lifesciences Limited,India,NSE,INR,Common Stock,INE023H01027
NELCAST,Nelcast Limited,India,NSE,INR,Common Stock,INE189I01024
NELCO,NELCO Limited,India,NSE,INR,Common Stock,INE045B01015
NEOGEN,Neogen Chemicals Limited,India,NSE,INR,Common Stock,INE136S01016
NESCO,Nesco Limited,India,NSE,INR,Common Stock,INE317F01035
NESTLEIND,Nestle India Limited,India,NSE,INR,Common Stock,INE239A01024
NETWEB,Netweb Technologies India Limited,India,NSE,INR,Common Stock,INE0NT901020
NETWORK18,Network18 Media & Investments Limited,India,NSE,INR,Common Stock,INE870H01013
NEULANDLAB,Neuland Laboratories Limited,India,NSE,INR,Common Stock,INE794A01010
NEWGEN,Newgen Software Technologies Limited,India,NSE,INR,Common Stock,INE619B01017
NEXT30ADD,NEXT30ADD,India,NSE,INR,Common Stock,
NEXTMEDIA,Next Mediaworks Limited,India,NSE,INR,Common Stock,INE747B01016
NFL,National Fertilizers Limited,India,NSE,INR,Common Stock,INE870D01012
NGIL,Nakoda Group of Industries Limited,India,NSE,INR,Common Stock,INE236Y01012
NGLFINE,NGL Fine-Chem Limited,India,NSE,INR,Common Stock,INE887E01022
NH,Narayana Hrudayalaya Ltd.,India,NSE,INR,Common Stock,INE410P01011
NHIT,NHIT,India,NSE,INR,Common Stock,
NHPC,NHPC Limited,India,NSE,INR,Common Stock,INE848E01016
NIACL,The New India Assurance Company Limited,India,NSE,INR,Common Stock,INE470Y01017
NIBE,Nibe Limited,India,NSE,INR,Common Stock,
NIBL,NRB Industrial Bearings Limited,India,NSE,INR,Common Stock,INE047O01014
NIDAN-SM,NIDAN-SM,India,NSE,INR,Common Stock,
NIFMID150,NIFMID150,India,NSE,INR,Common Stock,
NIITLTD,NIIT Limited,India,NSE,INR,Common Stock,INE161A01038
NIITMTS,NIIT LEARNING SYSTEMS LTD,India,NSE,INR,Common Stock,INE342G01023
NILAINFRA,Nila Infrastructures Limited,India,NSE,INR,Common Stock,INE937C01029
NILASPACES,Nila Spaces Limited,India,NSE,INR,Common Stock,INE00S901012
NILKAMAL,Nilkamal Limited,India,NSE,INR,Common Stock,INE310A01015
NINSYS,NINtec Systems Limited,India,NSE,INR,Common Stock,INE395U01014
NIPPOBATRY,Indo-National Limited,India,NSE,INR,Common Stock,INE567A01028
NIRAJ,Niraj Cement Structurals Limited,India,NSE,INR,Common Stock,INE368I01016
NIRAJISPAT,Niraj Ispat Industries Limited,India,NSE,INR,Common Stock,INE326T01011
NITCO,Nitco Limited,India,NSE,INR,Common Stock,INE858F01012
NITINSPIN,Nitin Spinners Limited,India,NSE,INR,Common Stock,INE229H01012
NITIRAJ,Nitiraj Engineers Limited,India,NSE,INR,Common Stock,INE439T01012
NIVABUPA,Niva Bupa Health Insurance Company Limited,India,NSE,INR,Common Stock,
NKIND,NK Industries Limited,India,NSE,INR,Common Stock,INE542C01019
NLCINDIA,NLC India Limited,India,NSE,INR,Common Stock,INE589A01014
NMDC,NMDC Limited,India,NSE,INR,Common Stock,INE584A01023
NOCIL,NOCIL Limited,India,NSE,INR,Common Stock,INE163A01018
NOIDATOLL,Noida Toll Bridge Company Limited,India,NSE,INR,Common Stock,INE781B01015
NORBTEAEXP,Norben Tea & Exports Limited,India,NSE,INR,Common Stock,INE369C01017
NORTHARC,Northern Arc Capital Ltd,India,NSE,INR,Common Stock,INE850M01015
NOVAAGRI,Nova Agritech Ltd.,India,NSE,INR,Common Stock,INE02H701025
NPST,NPST,India,NSE,INR,Common Stock,
NPST-SM,Network People Services Technologies Ltd,India,NSE,INR,Common Stock,
NRAIL,N R Agarwal Industries Limited,India,NSE,INR,Common Stock,INE740D01017
NRBBEARING,NRB Bearing Limited,India,NSE,INR,Common Stock,INE349A01021
NRL,Nupur Recyclers Limited,India,NSE,INR,Common Stock,INE0JM501013
NSIL,Nalwa Sons Investments Limited,India,NSE,INR,Common Stock,INE023A01030
NSLNISP,NMDC Steel Limited,India,NSE,INR,Common Stock,INE0NNS01018
NTPC,NTPC Limited,India,NSE,INR,Common Stock,INE733E01010
NTPCGREEN,NTPC Green Energy Limited,India,NSE,INR,Common Stock,INE0ONG01011
NUCLEUS,Nucleus Software Exports Limited,India,NSE,INR,Common Stock,INE096B01018
NURECA,Nureca Limited,India,NSE,INR,Common Stock,INE0DSF01015
NUVAMA,Nuvama Wealth,India,NSE,INR,Common Stock,INE531F01015
NUVOCO,Nuvoco Vistas Corporation Limited,India,NSE,INR,Common Stock,INE118D01016
NV20,NV20,India,NSE,INR,Common Stock,
NXST,NEXUS SELECT TRUST (PROPOSED),India,NSE,INR,Common Stock,
NXST-RR,NXST-RR,India,NSE,INR,Common Stock,
NYKAA,FSN E-Commerce Ventures Limited,India,NSE,INR,Common Stock,INE388Y01029
OAL,Oriental Aromatics Limited,India,NSE,INR,Common Stock,INE959C01023
OBCL,Orissa Bengal Carrier Limited,India,NSE,INR,Common Stock,INE426Z01016
OBEROIRLTY,Oberoi Realty Limited,India,NSE,INR,Common Stock,INE093I01010
OCCLLTD,OCCL Limited,India,NSE,INR,Common Stock,
ODIGMA,ODIGMA CONSULTANCY SOLUTIONS LTD,India,NSE,INR,Common Stock,INE054301028
OFSS,Oracle Financial Services Software Limited,India,NSE,INR,Common Stock,INE881D01027
OIL,Oil India Limited,India,NSE,INR,Common Stock,INE274J01014
OILCOUNTUB,Oil Country Tubular Limited,India,NSE,INR,Common Stock,INE591A01010
OLAELEC,Ola Electric Mobility Ltd,India,NSE,INR,Common Stock,INE0LXG01040
OLECTRA,Olectra Greentech Limited,India,NSE,INR,Common Stock,INE260D01016
OMAXAUTO,Omax Autos Limited,India,NSE,INR,Common Stock,INE090B01011
OMAXE,Omaxe Limited,India,NSE,INR,Common Stock,INE800H01010
OMFURN-SM,OMFURN-SM,India,NSE,INR,Common Stock,
OMINFRAL,OM INFRA LIMITED,India,NSE,INR,Common Stock,INE239D01028
OMKARCHEM,Omkar Speciality Chemicals Limited,India,NSE,INR,Common Stock,INE474L01016
ONELIFECAP,Onelife Capital Advisors Limited,India,NSE,INR,Common Stock,INE912L01015
ONEPOINT,One Point One Solutions Limited,India,NSE,INR,Common Stock,INE840Y01029
ONESOURCE,ONESOURCE SPECIALTY PHARMA LTD,India,NSE,INR,Common Stock,
ONGC,Oil & Natural Gas Corporation Limited,India,NSE,INR,Common Stock,INE213A01029
ONMOBILE,OnMobile Global Limited,India,NSE,INR,Common Stock,INE809I01019
ONWARDTEC,Onward Technologies Limited,India,NSE,INR,Common Stock,INE229A01017
ONYX-SM,ONYX-SM,India,NSE,INR,Common Stock,
OPTIEMUS,Optiemus Infracom Limited,India,NSE,INR,Common Stock,INE350C01017
ORBTEXP,Orbit Exports Limited,India,NSE,INR,Common Stock,INE231G01010
ORCHASP,Orchasp Limited,India,NSE,INR,Common Stock,
ORCHPHARMA,Orchid Pharma Limited,India,NSE,INR,Common Stock,INE191A01027
ORIANA,ORIANA,India,NSE,INR,Common Stock,
ORIANA-SM,ORIANA POWER LTD,India,NSE,INR,Common Stock,
ORICONENT,Oricon Enterprises Limited,India,NSE,INR,Common Stock,INE730A01022
ORIENTALTL,Oriental Trimex Limited,India,NSE,INR,Common Stock,INE998H01012
ORIENTBELL,Orient Bell Limited,India,NSE,INR,Common Stock,INE607D01018
ORIENTCEM,Orient Cement Limited,India,NSE,INR,Common Stock,INE876N01018
ORIENTCER,Orient Ceratech Limited,India,NSE,INR,Common Stock,INE569C01020
ORIENTELEC,Orient Electric Limited,India,NSE,INR,Common Stock,INE142Z01019
ORIENTHOT,Oriental Hotels Limited,India,NSE,INR,Common Stock,INE750A01020
ORIENTLTD,Orient Press Limited,India,NSE,INR,Common Stock,INE609C01024
ORIENTPPR,Orient Paper & Industries Limited,India,NSE,INR,Common Stock,INE592A01026
ORIENTTECH,Orient Technologies Limited,India,NSE,INR,Common Stock,INE0PPK01015
ORISSAMINE,The Orissa Minerals Development Company Limited,India,NSE,INR,Common Stock,INE725E01024
ORTEL,Ortel Communications Limited,India,NSE,INR,Common Stock,INE849L01019
ORTINGLOBE,Ortin Global Limited,India,NSE,INR,Common Stock,INE749B01020
OSIAHYPER,Osia Hyper Retail Limited,India,NSE,INR,Common Stock,INE06IR01021
OSWALAGRO,Oswal Agro Mills Limited,India,NSE,INR,Common Stock,INE142A01012
OSWALGREEN,Oswal Greentech Limited,India,NSE,INR,Common Stock,INE143A01010
OSWALPUMPS,OSWALPUMPS,India,NSE,INR,Common Stock,
OSWALSEEDS,ShreeOswal Seeds And Chemicals Limited,India,NSE,INR,Common Stock,INE00IK01011
OWAIS,Owais Metal and Mineral Processing Ltd,India,NSE,INR,Common Stock,
PACEDIGITK,Pace Digitek Limited,India,NSE,INR,Common Stock,
PAGEIND,Page Industries Limited,India,NSE,INR,Common Stock,INE761H01022
PAISALO,Paisalo Digital Limited,India,NSE,INR,Common Stock,INE420C01059
PAKKA,Pakka Limited,India,NSE,INR,Common Stock,INE551D01018
PALASHSECU,Palash Securities Limited,India,NSE,INR,Common Stock,INE471W01019
PALREDTEC,Palred Technologies Limited,India,NSE,INR,Common Stock,INE218G01033
PANACEABIO,Panacea Biotec Limited,India,NSE,INR,Common Stock,INE922B01023
PANACHE,Panache Digilife Limited,India,NSE,INR,Common Stock,INE895W01019
PANAMAPET,Panama Petrochem Limited,India,NSE,INR,Common Stock,INE305C01029
PANSARI,Pansari Developers Limited,India,NSE,INR,Common Stock,INE697V01011
PAR,Par Drugs And Chemicals Limited,India,NSE,INR,Common Stock,INE04LG01015
PARACABLES,Paramount Communications Limited,India,NSE,INR,Common Stock,INE074B01023
PARADEEP,Paradeep Phosphates Limited,India,NSE,INR,Common Stock,INE088F01024
PARAGMILK,Parag Milk Foods Limited,India,NSE,INR,Common Stock,INE883N01014
PARAMATRIX-SM,PARAMATRIX-SM,India,NSE,INR,Common Stock,
PARAS,Paras Defence and Space Technologies Limited,India,NSE,INR,Common Stock,INE045601015
PARASPETRO,Paras Petrofils Limited,India,NSE,INR,Common Stock,INE162C01024
PARIN-SM,PARIN-SM,India,NSE,INR,Common Stock,
PARKHOTELS,Apeejay Surrendra Park Hotels Limited,India,NSE,INR,Common Stock,INE988S01028
PARSVNATH,Parsvnath Developers Limited,India,NSE,INR,Common Stock,INE561H01026
PARTYCRUS-SM,PARTYCRUS-SM,India,NSE,INR,Common Stock,
PASHUPATI,Pashupati Cotspin Limited,India,NSE,INR,Common Stock,
PASUPTAC,Pasupati Acrylon Limited,India,NSE,INR,Common Stock,INE818B01023
PATANJALI,Patanjali Foods Limited,India,NSE,INR,Common Stock,INE619A01035
PATELENG,Patel Engineering Limited,India,NSE,INR,Common Stock,INE244B01030
PATINTLOG,Patel Integrated Logistics Limited,India,NSE,INR,Common Stock,INE529D01014
PAVNAIND,Pavna Industries Limited,India,NSE,INR,Common Stock,
PAYTM,One 97 Communications Limited,India,NSE,INR,Common Stock,INE982J01020
PCBL,PCBL LIMITED,India,NSE,INR,Common Stock,INE602A01031
PCCL-SM,PCCL-SM,India,NSE,INR,Common Stock,
PCJEWELLER,PC Jeweller Limited,India,NSE,INR,Common Stock,INE785M01013
PDMJEPAPER,Pudumjee Paper Products Limited,India,NSE,INR,Common Stock,INE865T01018
PDSL,PDS Limited,India,NSE,INR,Common Stock,INE111Q01021
PEARLPOLY,Pearl Polymers Limited,India,NSE,INR,Common Stock,INE844A01013
PEL,Piramal Enterprises Limited,India,NSE,INR,Common Stock,INE140A01024
PELATRO-SM,PELATRO-SM,India,NSE,INR,Common Stock,
PENIND,Pennar Industries Limited,India,NSE,INR,Common Stock,INE932A01024
PENINLAND,Peninsula Land Limited,India,NSE,INR,Common Stock,INE138A01028
PENTAGON-SM,PENTAGON-SM,India,NSE,INR,Common Stock,
PERFECT,Perfect Infraengineers Ltd,India,NSE,INR,Common Stock,
PERSISTENT,Persistent Systems Limited,India,NSE,INR,Common Stock,INE262H01013
PETRONET,Petronet LNG Limited,India,NSE,INR,Common Stock,INE347G01014
PFC,Power Finance Corporation Limited,India,NSE,INR,Common Stock,INE134E01011
PFIZER,Pfizer Limited,India,NSE,INR,Common Stock,INE182A01018
PFOCUS,Prime Focus Limited,India,NSE,INR,Common Stock,INE367G01038
PFS,PTC India Financial Services Limited,India,NSE,INR,Common Stock,INE560K01014
PGEL,PG Electroplast Limited,India,NSE,INR,Common Stock,INE457L01011
PGHH,Procter & Gamble Hygiene and Health Care Limited,India,NSE,INR,Common Stock,INE179A01014
PGHL,Procter & Gamble Health Limited,India,NSE,INR,Common Stock,INE199A01012
PGIL,Pearl Global Industries Limited,India,NSE,INR,Common Stock,INE940H01014
PGINVIT-IV,POWERGRID Infrastructure Investment Trust Unit,India,NSE,INR,Common Stock,INE0GGX23010
PHOENIXLTD,The Phoenix Mills Limited,India,NSE,INR,Common Stock,INE211B01039
PHOGLOBAL-SM,PHOGLOBAL-SM,India,NSE,INR,Common Stock,
PICCADIL,Piccadily Agro Industries Limited,India,NSE,INR,Common Stock,
PIDILITIND,Pidilite Industries Limited,India,NSE,INR,Common Stock,INE318A01026
PIGL,Power & Instrumental (Gujarat) Limited,India,NSE,INR,Common Stock,
PIIND,PI Industries Limited,India,NSE,INR,Common Stock,INE603J01030
PILANIINVS,Pilani Investment and Industries Corporation Limited,India,NSE,INR,Common Stock,INE417C01014
PILITA,PIL ITALICA LIFESTYLE LIMITED,India,NSE,INR,Common Stock,INE600A01035
PIONEEREMB,Pioneer Embroideries Limited,India,NSE,INR,Common Stock,INE156C01018
PIRAMALFIN,PIRAMAL FINANCE LTD,India,NSE,INR,Common Stock,
PITTIENG,Pitti Engineering Limited,India,NSE,INR,Common Stock,INE450D01021
PIXTRANS,Pix Transmissions Limited,India,NSE,INR,Common Stock,INE751B01018
PKTEA,The Peria Karamalai Tea & Produce Company Limited,India,NSE,INR,Common Stock,INE431F01018
PLASTIBLEN,Plastiblends India Limited,India,NSE,INR,Common Stock,INE083C01022
PLATIND,Platinum Industries Ltd,India,NSE,INR,Common Stock,INE0PT501018
PLAZACABLE,Plaza Wires Limited,India,NSE,INR,Common Stock,INE0INJ01017
PNB,Punjab National Bank,India,NSE,INR,Common Stock,INE160A01022
PNBGILTS,PNB Gilts Limited,India,NSE,INR,Common Stock,INE859A01011
PNBHOUSING,PNB Housing Finance Limited,India,NSE,INR,Common Stock,INE572E01012
PNC,Pritish Nandy Communications Limited,India,NSE,INR,Common Stock,INE392B01011
PNCINFRA,PNC Infratech Limited,India,NSE,INR,Common Stock,INE195J01029
PNGJL,PNGJL,India,NSE,INR,Common Stock,
POCL,Pondy Oxides & Chemicals Limited,India,NSE,INR,Common Stock,INE063E01046
PODDARHOUS,Poddar Housing and Development Limited,India,NSE,INR,Common Stock,INE888B01018
PODDARMENT,Poddar Pigments Limited,India,NSE,INR,Common Stock,INE371C01013
POKARNA,Pokarna Limited,India,NSE,INR,Common Stock,INE637C01025
POLICYBZR,PB Fintech Limited,India,NSE,INR,Common Stock,INE417T01026
POLYCAB,Polycab India Limited,India,NSE,INR,Common Stock,INE455K01017
POLYMED,Poly Medicure Limited,India,NSE,INR,Common Stock,INE205C01021
POLYPLEX,Polyplex Corporation Limited,India,NSE,INR,Common Stock,INE633B01018
PONNIERODE,Ponni Sugars (Erode) Limited,India,NSE,INR,Common Stock,INE838E01017
POONAWALLA,Poonawalla Fincorp Limited,India,NSE,INR,Common Stock,INE511C01022
POWERGRID,Power Grid Corporation of India Limited,India,NSE,INR,Common Stock,INE752E01010
POWERINDIA,Hitachi Energy India Limited,India,NSE,INR,Common Stock,INE07Y701011
POWERMECH,Power Mech Projects Limited,India,NSE,INR,Common Stock,INE211R01019
PPAP,PPAP Automotive Limited,India,NSE,INR,Common Stock,INE095I01015
PPL,Prakash Pipes Limited,India,NSE,INR,Common Stock,INE050001010
PPLPHARMA,Piramal Pharma Limited,India,NSE,INR,Common Stock,INE0DK501011
PRABHA,Prabha Energy Limited,India,NSE,INR,Common Stock,
PRAENG,Prajay Engineers Syndicate Limited,India,NSE,INR,Common Stock,INE505C01016
PRAJIND,Praj Industries Limited,India,NSE,INR,Common Stock,INE074A01025
PRAKASH,Prakash Industries Limited,India,NSE,INR,Common Stock,INE603A01013
PRAKASHSTL,Prakash Steelage Limited,India,NSE,INR,Common Stock,INE696K01024
PRAMARA-SM,PRAMARA-SM,India,NSE,INR,Common Stock,
PRANIK-SM,PRANIK-SM,India,NSE,INR,Common Stock,
PRATHAM-SM,Pratham EPC Projects,India,NSE,INR,Common Stock,
PRAXIS,Praxis Home Retail Limited,India,NSE,INR,Common Stock,INE546Y01022
PRECAM,Precision Camshafts Limited,India,NSE,INR,Common Stock,INE484I01029
PRECOT,Precot Limited,India,NSE,INR,Common Stock,INE283A01014
PRECWIRE,Precision Wires India Limited,India,NSE,INR,Common Stock,INE372C01037
PREMEXPLN,Premier Explosives Limited,India,NSE,INR,Common Stock,INE863B01011
PREMIER,Premier Limited,India,NSE,INR,Common Stock,INE342A01018
PREMIERENE,Premier Energies Limited,India,NSE,INR,Common Stock,INE0BS701011
PREMIERPOL,Premier Polyfilm Limited,India,NSE,INR,Common Stock,INE309M01012
PREMIUM-SM,PREMIUM-SM,India,NSE,INR,Common Stock,
PRESSTONIC-SM,PRESSTONIC-SM,India,NSE,INR,Common Stock,
PRESTIGE,Prestige Estates Projects Limited,India,NSE,INR,Common Stock,INE811K01011
PRICOLLTD,Pricol Limited,India,NSE,INR,Common Stock,INE726V01018
PRIMESECU,Prime Securities Limited,India,NSE,INR,Common Stock,INE032B01013
PRIMO,Primo Chemicals Limited,India,NSE,INR,Common Stock,
PRINCEPIPE,Prince Pipes And Fittings Limited,India,NSE,INR,Common Stock,INE689W01016
PRITI,Priti International Limited,India,NSE,INR,Common Stock,INE974Z01015
PRITIKAUTO,Pritika Auto Industries Limited,India,NSE,INR,Common Stock,INE583R01029
PRIVISCL,Privi Speciality Chemicals Limited,India,NSE,INR,Common Stock,INE959A01019
PRLIND-SM,PRLIND-SM,India,NSE,INR,Common Stock,
PROPEQUITY-SM,PROPEQUITY-SM,India,NSE,INR,Common Stock,
PROSTARM,PROSTARM,India,NSE,INR,Common Stock,
PROTEAN,PROTEAN EGOV TECHNOLOGIES LTD,India,NSE,INR,Common Stock,
PROV-SM,Proventus Agrocom Ltd,India,NSE,INR,Common Stock,INE0ONE01016
PROZONER,Prozone Realty Limited,India,NSE,INR,Common Stock,INE195N01013
PRSMJOHNSN,Prism Johnson Limited,India,NSE,INR,Common Stock,INE010A01011
PRUDENT,Prudent Corporate Advisory Services Limited,India,NSE,INR,Common Stock,INE00F201020
PRUDMOULI,Prudential Sugar Corporation Ltd.,India,NSE,INR,Common Stock,
PSB,Punjab & Sind Bank,India,NSE,INR,Common Stock,INE608A01012
PSFL-SM,PSFL-SM,India,NSE,INR,Common Stock,
PSPPROJECT,PSP Projects Limited,India,NSE,INR,Common Stock,INE488V01015
PSRAJ-SM,PSRAJ-SM,India,NSE,INR,Common Stock,
PSUBANKADD,PSUBANKADD,India,NSE,INR,Common Stock,
PTC,PTC India Limited,India,NSE,INR,Common Stock,INE877F01012
PTCIL,PTC INDUSTRIES LTD,India,NSE,INR,Common Stock,INE596F01018
PTL,PTL Enterprises Limited,India,NSE,INR,Common Stock,INE034D01049
PULZ-SM,PULZ-SM,India,NSE,INR,Common Stock,
PUNJABCHEM,Punjab Chemicals & Crop Protection Limited,India,NSE,INR,Common Stock,INE277B01014
PURVA,Puravankara Limited,India,NSE,INR,Common Stock,INE323I01011
PVP,PVP Ventures Limited,India,NSE,INR,Common Stock,INE362A01016
PVRINOX,PVR INOX Ltd.,India,NSE,INR,Common Stock,INE191H01014
PVSL,Popular Vehicles and Services Limited,India,NSE,INR,Common Stock,INE772T01024
PYRAMID,PYRAMID TECHNOPLAST ORD (BSE),India,NSE,INR,Common Stock,INE0MIS01010
QFIL-SM,QFIL-SM,India,NSE,INR,Common Stock,
QMSMEDI-SM,QMSMEDI-SM,India,NSE,INR,Common Stock,
QPOWER,QPOWER,India,NSE,INR,Common Stock,
QUADFUTURE,QUADFUTURE,India,NSE,INR,Common Stock,
QUESS,Quess Corp Limited,India,NSE,INR,Common Stock,INE615P01015
QUESTLAB-SM,QUESTLAB-SM,India,NSE,INR,Common Stock,
QUICKHEAL,Quick Heal Technologies Limited,India,NSE,INR,Common Stock,INE306L01010
QUINTEGRA,Quintegra Solutions Limited,India,NSE,INR,Common Stock,INE033B01011
RACE,Race Eco Chain Limited,India,NSE,INR,Common Stock,INE084Q01012
RACLGEAR,RACL Geartech Limited,India,NSE,INR,Common Stock,
RADAAN,Radaan Mediaworks India Limited,India,NSE,INR,Common Stock,INE874F01027
RADHIKAJWE,Radhika Jeweltech Limited,India,NSE,INR,Common Stock,INE583V01013
RADIANTCMS,Radiant Cash Management Services Limited,India,NSE,INR,Common Stock,INE855R01021
RADICO,Radico Khaitan Limited,India,NSE,INR,Common Stock,INE944F01028
RADIOCITY,Music Broadcast Limited,India,NSE,INR,Common Stock,INE919I01024
RADIOCITY-P1,RADIOCITY-P1,India,NSE,INR,Common Stock,
RADIOWALLA-SM,Radiowalla Network Ltd,India,NSE,INR,Common Stock,
RAILTEL,Railtel Corporation Of India Limited,India,NSE,INR,Common Stock,INE0DD101019
RAIN,Rain Industries Limited,India,NSE,INR,Common Stock,INE855B01025
RAINBOW,Rainbow Childrens Medicare Limited,India,NSE,INR,Common Stock,INE961O01016
RAJESHEXPO,Rajesh Exports Limited,India,NSE,INR,Common Stock,INE343B01030
RAJINDLTD-SM,RAJINDLTD-SM,India,NSE,INR,Common Stock,
RAJMET,Rajnandini Metal Limited,India,NSE,INR,Common Stock,INE00KV01022
RAJOOENG,Rajoo Engineers Limited,India,NSE,INR,Common Stock,
RAJPUTANA-SM,RAJPUTANA-SM,India,NSE,INR,Common Stock,
RAJRATAN,Rajratan Global Wire Limited,India,NSE,INR,Common Stock,INE451D01029
RAJRILTD,Raj Rayon Industries Limited,India,NSE,INR,Common Stock,INE533D01032
RAJSREESUG,Rajshree Sugars & Chemicals Limited,India,NSE,INR,Common Stock,INE562B01019
RAJTV,Raj Television Network Limited,India,NSE,INR,Common Stock,INE952H01027
RAJVIR,Rajvir Industries Limited,India,NSE,INR,Common Stock,INE011H01014
RALLIS,Rallis India Limited,India,NSE,INR,Common Stock,INE613A01020
RAMANEWS,Shree Rama Newsprint Limited,India,NSE,INR,Common Stock,INE278B01020
RAMAPHO,Rama Phosphates Limited,India,NSE,INR,Common Stock,INE809A01024
RAMASTEEL,Rama Steel Tubes Limited,India,NSE,INR,Common Stock,INE230R01035
RAMCOCEM,The Ramco Cements Limited,India,NSE,INR,Common Stock,INE331A01037
RAMCOIND,Ramco Industries Limited,India,NSE,INR,Common Stock,INE614A01010
RAMCOSYS,Ramco Systems Limited,India,NSE,INR,Common Stock,INE246B01019
RAMKY,Ramky Infrastructure Limited,India,NSE,INR,Common Stock,INE874I01013
RAMRAT,Ram Ratna Wires Limited,India,NSE,INR,Common Stock,INE207E01023
RANASUG,Rana Sugars Limited,India,NSE,INR,Common Stock,INE625B01014
RANEHOLDIN,Rane Holdings Limited,India,NSE,INR,Common Stock,INE384A01010
RAPIDFLEET-SM,RAPIDFLEET-SM,India,NSE,INR,Common Stock,
RAPPID-SM,RAPPID-SM,India,NSE,INR,Common Stock,
RATEGAIN,Rategain Travel Technologies Limited,India,NSE,INR,Common Stock,INE0CLI01024
RATNAMANI,Ratnamani Metals & Tubes Limited,India,NSE,INR,Common Stock,INE703B01027
RATNAVEER,Ratnaveer Precision Engineering Ltd,India,NSE,INR,Common Stock,INE05CZ01011
RAYMOND,Raymond Limited,India,NSE,INR,Common Stock,INE301A01014
RAYMONDLSL,Raymond Lifestyle Ltd,India,NSE,INR,Common Stock,INE02ID01020
RAYMONDREL,RAYMOND REALTY LTD,India,NSE,INR,Common Stock,
RBA,Restaurant Brands Asia Limited,India,NSE,INR,Common Stock,INE07T201019
RBLBANK,RBL Bank Limited,India,NSE,INR,Common Stock,INE976G01028
RBS-SM,RBS-SM,India,NSE,INR,Common Stock,
RBZJEWEL,RBZ Jewellers Limited,India,NSE,INR,Common Stock,INE0PEQ01016
RCDL-SM,RCDL-SM,India,NSE,INR,Common Stock,
RCF,Rashtriya Chemicals and Fertilizers Limited,India,NSE,INR,Common Stock,INE027A01015
RCOM,Reliance Communications Limited,India,NSE,INR,Common Stock,INE330H01018
RECLTD,REC Limited,India,NSE,INR,Common Stock,INE020B01018
REDINGTON,Redington Limited,India,NSE,INR,Common Stock,INE891D01026
REDTAPE,Redtape Limited,India,NSE,INR,Common Stock,INE0LXT01019
REFEX,Refex Industries Limited,India,NSE,INR,Common Stock,INE056I01017
REGENCERAM,Regency Ceramics Limited,India,NSE,INR,Common Stock,INE277C01012
RELAXO,Relaxo Footwears Limited,India,NSE,INR,Common Stock,INE131B01039
RELCHEMQ,Reliance Chemotex Industries Limited,India,NSE,INR,Common Stock,INE750D01016
RELIABLE,Reliable Data Services Limited,India,NSE,INR,Common Stock,
RELIANCE,Reliance Industries Limited,India,NSE,INR,Common Stock,INE002A01018
RELIGARE,Religare Enterprises Limited,India,NSE,INR,Common Stock,INE621H01010
RELINFRA,Reliance Infrastructure Limited,India,NSE,INR,Common Stock,INE036A01016
RELTD,Ravindra Energy Limited,India,NSE,INR,Common Stock,
REMSONSIND,Remsons Industries Limited,India,NSE,INR,Common Stock,INE474C01015
REMUS-SM,REMUS-SM,India,NSE,INR,Common Stock,
RENUKA,Shree Renuka Sugars Limited,India,NSE,INR,Common Stock,INE087H01022
REPCOHOME,Repco Home Finance Limited,India,NSE,INR,Common Stock,INE612J01015
REPL,Rudrabhishek Enterprises Limited,India,NSE,INR,Common Stock,INE364Z01019
REPRO,Repro India Limited,India,NSE,INR,Common Stock,INE461B01014
RESPONIND,Responsive Industries Limited,India,NSE,INR,Common Stock,INE688D01026
RETAIL,JHS Svendgaard Retail Ventures Limited,India,NSE,INR,Common Stock,
REXPIPES-ST,REXPIPES-ST,India,NSE,INR,Common Stock,
REXPRO-SM,REXPRO-SM,India,NSE,INR,Common Stock,
RGL,Renaissance Global Limited,India,NSE,INR,Common Stock,INE722H01024
RHFL,Reliance Home Finance Limited,India,NSE,INR,Common Stock,INE217K01011
RHIM,RHI MAGNESITA INDIA LIMITED,India,NSE,INR,Common Stock,INE743M01012
RHL,Robust Hotels Limited,India,NSE,INR,Common Stock,
RICOAUTO,Rico Auto Industries Limited,India,NSE,INR,Common Stock,INE209B01017
RIIL,Reliance Industrial Infrastructure Limited,India,NSE,INR,Common Stock,INE046A01015
RISHABH,Rishabh Instruments Limited,India,NSE,INR,Common Stock,INE0N2P01017
RITCO,Ritco Logistics Limited,India,NSE,INR,Common Stock,INE01EG01016
RITES,RITES Limited,India,NSE,INR,Common Stock,INE320J01015
RKDL,Ravi Kumar Distilleries Limited,India,NSE,INR,Common Stock,INE722J01012
RKEC,RKEC Projects Limited,India,NSE,INR,Common Stock,INE786W01010
RKFORGE,Ramkrishna Forgings Limited,India,NSE,INR,Common Stock,INE399G01023
RKSWAMY,R K Swamy Limited,India,NSE,INR,Common Stock,INE0NQ801033
RMDRIP,RMDRIP,India,NSE,INR,Common Stock,
RML,Rane (Madras) Limited,India,NSE,INR,Common Stock,INE050H01012
ROHLTD,Royal Orchid Hotels Limited,India,NSE,INR,Common Stock,INE283H01019
ROLEXRINGS,Rolex Rings Limited,India,NSE,INR,Common Stock,INE645S01016
ROLLT,Rollatainers Limited,India,NSE,INR,Common Stock,INE927A01040
ROLTA,Rolta India Limited,India,NSE,INR,Common Stock,INE293A01013
ROML,Raj Oil Mills Limited,India,NSE,INR,Common Stock,INE294G01026
ROSSARI,Rossari Biotech Limited,India,NSE,INR,Common Stock,INE02A801020
ROSSELLIND,Rossell India Limited,India,NSE,INR,Common Stock,INE847C01020
ROSSTECH,Rossell Techsys Limited,India,NSE,INR,Common Stock,
ROTO,Roto Pumps Limited,India,NSE,INR,Common Stock,INE535D01029
ROUTE,ROUTE MOBILE LIMITED,India,NSE,INR,Common Stock,INE450U01017
RPEL,Raghav Productivity Enhancers Limited,India,NSE,INR,Common Stock,
RPGLIFE,RPG Life Sciences Limited,India,NSE,INR,Common Stock,INE105J01010
RPOWER,Reliance Power Limited,India,NSE,INR,Common Stock,INE614G01033
RPPINFRA,R.P.P. Infra Projects Limited,India,NSE,INR,Common Stock,INE324L01013
RPPL,Rajshree Polypack Limited,India,NSE,INR,Common Stock,INE760W01015
RPSGVENT,RPSG VENTURES LIMITED,India,NSE,INR,Common Stock,INE425Y01011
RPTECH,Rashi Peripherals Limited,India,NSE,INR,Common Stock,INE0J1F01024
RRKABEL,R R Kabel Limited,India,NSE,INR,Common Stock,
RSSOFTWARE,R. S. Software (India) Limited,India,NSE,INR,Common Stock,INE165B01029
RSWM,RSWM Limited,India,NSE,INR,Common Stock,INE611A01016
RSYSTEMS,R Systems International Limited,India,NSE,INR,Common Stock,INE411H01032
RTNINDIA,RattanIndia Enterprises Limited,India,NSE,INR,Common Stock,INE834M01019
RTNPOWER,RattanIndia Power Limited,India,NSE,INR,Common Stock,INE399K01017
RUBFILA,Rubfila International Limited,India,NSE,INR,Common Stock,
RUBYMILLS,The Ruby Mills Limited,India,NSE,INR,Common Stock,INE301D01026
RUCHINFRA,Ruchi Infrastructure Limited,India,NSE,INR,Common Stock,INE413B01023
RUCHIRA,Ruchira Papers Limited,India,NSE,INR,Common Stock,INE803H01014
RUPA,Rupa & Company Limited,India,NSE,INR,Common Stock,INE895B01021
RUSHIL,Rushil Decor Limited,India,NSE,INR,Common Stock,INE573K01017
RUSTOMJEE,Keystone Realtors Limited,India,NSE,INR,Common Stock,INE263M01029
RVHL,Ravinder Heights Limited,India,NSE,INR,Common Stock,INE09E501017
RVNL,Rail Vikas Nigam Limited,India,NSE,INR,Common Stock,INE415G01027
RVTH,Revathi Equipment India Limited,India,NSE,INR,Common Stock,
S&SPOWER,S&S Power Switchgears Limited,India,NSE,INR,Common Stock,INE902B01017
SAATVIKGL,Saatvik Green Energy Limited,India,NSE,INR,Common Stock,
SABEVENTS,Sab Events & Governance Now Media Limited,India,NSE,INR,Common Stock,INE860T01019
SABTNL,Sri Adhikari Brothers Television Network Limited,India,NSE,INR,Common Stock,INE416A01036
SADBHAV,Sadbhav Engineering Limited,India,NSE,INR,Common Stock,INE226H01026
SADBHIN,Sadbhav Infrastructure Project Limited,India,NSE,INR,Common Stock,INE764L01010
SADHNANIQ,Sadhana Nitro Chem Limited,India,NSE,INR,Common Stock,
SAFARI,Safari Industries (India) Limited,India,NSE,INR,Common Stock,INE429E01023
SAGARDEEP,Sagardeep Alloys Limited,India,NSE,INR,Common Stock,INE976T01013
SAGCEM,Sagar Cements Limited,India,NSE,INR,Common Stock,INE229C01021
SAGILITY,SAGILITY INDIA LIMITED,India,NSE,INR,Common Stock,INE0W2G01015
SAHAJSOLAR-SM,SAHAJSOLAR-SM,India,NSE,INR,Common Stock,
SAHYADRI,SAHYADRI INDUSTRIES ORD (BSE),India,NSE,INR,Common Stock,INE280H01015
SAIL,Steel Authority of India Limited,India,NSE,INR,Common Stock,INE114A01011
SAILIFE,SAI LIFE SCIENCES LTD,India,NSE,INR,Common Stock,
SAKAR,Sakar Healthcare Limited,India,NSE,INR,Common Stock,INE732S01012
SAKHTISUG,Sakthi Sugars Limited,India,NSE,INR,Common Stock,INE623A01011
SAKSOFT,Saksoft Limited,India,NSE,INR,Common Stock,INE667G01023
SAKUMA,Sakuma Exports Limited,India,NSE,INR,Common Stock,INE190H01024
SALASAR,Salasar Techno Engineering Limited,India,NSE,INR,Common Stock,INE170V01027
SALONA,Salona Cotspin Limited,India,NSE,INR,Common Stock,INE498E01010
SALSTEEL,S.A.L. Steel Limited,India,NSE,INR,Common Stock,INE658G01014
SALZERELEC,Salzer Electronics Limited,India,NSE,INR,Common Stock,INE457F01013
SAMBHAAV,Sambhaav Media Limited,India,NSE,INR,Common Stock,INE699B01027
SAMBHV,SAMBHV STEEL TUBES LTD,India,NSE,INR,Common Stock,
SAMHI,Samhi Hotels Limited,India,NSE,INR,Common Stock,INE08U801020
SAMMAANCAP,Sammaan Capital Limited,India,NSE,INR,Common Stock,
SAMPANN,Sampann Utpadan India Limited,India,NSE,INR,Common Stock,INE735M01018
SANATHAN,SANATHAN TEXTILES LIMITED,India,NSE,INR,Common Stock,
SANCO,Sanco Industries Limited,India,NSE,INR,Common Stock,INE782L01012
SANDESH,The Sandesh Limited,India,NSE,INR,Common Stock,INE583B01015
SANDHAR,Sandhar Technologies Limited,India,NSE,INR,Common Stock,INE278H01035
SANDUMA,SANDUR MANGANESE AND IRON ORES LTD,India,NSE,INR,Common Stock,INE149K01016
SANGAMIND,Sangam (India) Limited,India,NSE,INR,Common Stock,INE495C01010
SANGHIIND,Sanghi Industries Limited,India,NSE,INR,Common Stock,INE999B01013
SANGHVIMOV,Sanghvi Movers Limited,India,NSE,INR,Common Stock,INE989A01024
SANGINITA,Sanginita Chemicals Limited,India,NSE,INR,Common Stock,INE753W01010
SANOFI,Sanofi India Limited,India,NSE,INR,Common Stock,INE058A01010
SANOFICONR,SANOFI CONS HEALTHC IND L,India,NSE,INR,Common Stock,INE0UOS01011
SANSERA,Sansera Engineering Limited,India,NSE,INR,Common Stock,INE953O01021
SANSTAR,Sanstar Ltd,India,NSE,INR,Common Stock,INE08NE01025
SANWARIA,Sanwaria Consumer Limited,India,NSE,INR,Common Stock,INE890C01046
SAPPHIRE,Sapphire Foods India Limited,India,NSE,INR,Common Stock,INE806T01012
SARDAEN,Sarda Energy & Minerals Limited,India,NSE,INR,Common Stock,INE385C01013
SAREGAMA,Saregama India Limited,India,NSE,INR,Common Stock,INE979A01025
SARLAPOLY,Sarla Performance Fibers Limited,India,NSE,INR,Common Stock,INE453D01025
SARVESHWAR,Sarveshwar Foods Limited,India,NSE,INR,Common Stock,INE324X01018
SASKEN,Sasken Technologies Limited,India,NSE,INR,Common Stock,INE231F01020
SASTASUNDR,Sastasundar Ventures Limited,India,NSE,INR,Common Stock,INE019J01013
SATIA,Satia Industries Limited,India,NSE,INR,Common Stock,INE170E01015
SATIN,Satin Creditcare Network Limited,India,NSE,INR,Common Stock,INE836B01017
SAURASHCEM,SAURASHTRA CEM B ORD (BSE),India,NSE,INR,Common Stock,INE626A01014
SBC,SBC Exports Limited,India,NSE,INR,Common Stock,INE04AK01028
SBCL,Shivalik Bimetal Controls Limited,India,NSE,INR,Common Stock,INE386D01027
SBFC,SBFC Finance Limited,India,NSE,INR,Common Stock,INE423Y01016
SBGLP,Suratwwala Business Group Limited,India,NSE,INR,Common Stock,INE05ST01010
SBICARD,SBI Cards and Payment Services Limited,India,NSE,INR,Common Stock,INE018E01016
SBILIFE,SBI Life Insurance Company Limited,India,NSE,INR,Common Stock,INE123W01016
SBIN,State Bank of India,India,NSE,INR,Common Stock,INE062A01020
SBISILVER,SBISILVER,India,NSE,INR,Common Stock,
SCHAEFFLER,Schaeffler India Limited,India,NSE,INR,Common Stock,INE513A01022
SCHAND,S Chand And Company Limited,India,NSE,INR,Common Stock,INE807K01035
SCHNEIDER,Schneider Electric Infrastructure Limited,India,NSE,INR,Common Stock,INE839M01018
SCI,Shipping Corporation Of India Limited,India,NSE,INR,Common Stock,INE109A01011
SCILAL,SHIPPING CORPORATION OF INDIA LAND,India,NSE,INR,Common Stock,INE0PB301013
SCODATUBES,Scoda Tubes Limited,India,NSE,INR,Common Stock,
SCPL,Sheetal Cool Products Limited,India,NSE,INR,Common Stock,INE501Y01019
SDBL,Som Distilleries & Breweries Limited,India,NSE,INR,Common Stock,INE480C01020
SEAMECLTD,Seamec Limited,India,NSE,INR,Common Stock,INE497B01018
SECMARK,SecMark Consultancy Limited,India,NSE,INR,Common Stock,
SECURCRED,SecUR Credentials Limited,India,NSE,INR,Common Stock,INE195Y01010
SECURKLOUD,SECUREKLOUD TECHNOLOGIES LIMITED,India,NSE,INR,Common Stock,INE650K01021
SEJALLTD,Sejal Glass Limited,India,NSE,INR,Common Stock,INE955I01044
SELAN,Selan Exploration Technology Limited,India,NSE,INR,Common Stock,INE818A01017
SELMC,SEL Manufacturing Company Limited,India,NSE,INR,Common Stock,INE105I01020
SEMAC,Semac Consultants Limited,India,NSE,INR,Common Stock,INE617A01013
SENCO,SENCO GOLD LTD,India,NSE,INR,Common Stock,INE602W01019
SENORES,SENORES PHARMACEUTICALS L,India,NSE,INR,Common Stock,INE0RB801010
SENSEXADD,SENSEXADD,India,NSE,INR,Common Stock,
SEPC,SEPC Limited,India,NSE,INR,Common Stock,INE964H01014
SEQUENT,Sequent Scientific Limited,India,NSE,INR,Common Stock,INE807F01027
SERVOTECH,Servotech Power Systems Limited,India,NSE,INR,Common Stock,INE782X01025
SESHAPAPER,Seshasayee Paper and Boards Limited,India,NSE,INR,Common Stock,INE630A01024
SETCO,Setco Automotive Limited,India,NSE,INR,Common Stock,INE878E01021
SETUINFRA,Setubandhan Infrastructure Limited,India,NSE,INR,Common Stock,INE023M01027
SEYAIND,Seya Industries Limited,India,NSE,INR,Common Stock,INE573R01012
SFL,Sheela Foam Limited,India,NSE,INR,Common Stock,INE916U01025
SGFIN,SG Finserve Limited,India,NSE,INR,Common Stock,
SGIL,Synergy Green Industries Limited,India,NSE,INR,Common Stock,INE00QT01015
SGL,STL Global Limited,India,NSE,INR,Common Stock,INE353H01010
SGLTL,SGLTL,India,NSE,INR,Common Stock,
SGMART,SG Mart Limited,India,NSE,INR,Common Stock,
SHAH,Shah Metacorp Limited,India,NSE,INR,Common Stock,INE482J01021
SHAHALLOYS,Shah Alloys Limited,India,NSE,INR,Common Stock,INE640C01011
SHAILY,Shaily Engineering Plastics Limited,India,NSE,INR,Common Stock,INE151G01010
SHAKTIPUMP,Shakti Pumps (India) Limited,India,NSE,INR,Common Stock,INE908D01010
SHALBY,Shalby Limited,India,NSE,INR,Common Stock,INE597J01018
SHALPAINTS,Shalimar Paints Limited,India,NSE,INR,Common Stock,INE849C01026
SHANKARA,Shankara Building Products Limited,India,NSE,INR,Common Stock,INE274V01019
SHANTI,Shanti Overseas (India) Limited,India,NSE,INR,Common Stock,INE933X01016
SHANTIGEAR,Shanthi Gears Limited,India,NSE,INR,Common Stock,INE631A01022
SHARDACROP,Sharda Cropchem Limited,India,NSE,INR,Common Stock,INE221J01015
SHARDAMOTR,Sharda Motor Industries Limited,India,NSE,INR,Common Stock,INE597I01028
SHAREINDIA,Share India Securities Limited,India,NSE,INR,Common Stock,INE932X01018
SHEKHAWATI,Shekhawati Industries Limited,India,NSE,INR,Common Stock,
SHEMAROO,Shemaroo Entertainment Limited,India,NSE,INR,Common Stock,INE363M01019
SHILPAMED,Shilpa Medicare Limited,India,NSE,INR,Common Stock,INE790G01031
SHIVALIK,Shivalik Rasayan Limited,India,NSE,INR,Common Stock,INE788J01021
SHIVAMAUTO,Shivam Autotech Limited,India,NSE,INR,Common Stock,INE637H01024
SHIVAMILLS,Shiva Mills Limited,India,NSE,INR,Common Stock,INE644Y01017
SHIVATEX,Shiva Texyarn Limited,India,NSE,INR,Common Stock,INE705C01020
SHK,S H Kelkar and Company Limited,India,NSE,INR,Common Stock,INE500L01026
SHOPERSTOP,Shoppers Stop Limited,India,NSE,INR,Common Stock,INE498B01024
SHRADHA,Shradha Infraprojects Limited,India,NSE,INR,Common Stock,INE715Y01023
SHREDIGCEM,Shree Digvijay Cement Co.Ltd,India,NSE,INR,Common Stock,INE232A01011
SHREECEM,SHREE CEMENT LIMITED,India,NSE,INR,Common Stock,INE070A01015
SHREEPUSHK,Shree Pushkar Chemicals & Fertilisers Limited,India,NSE,INR,Common Stock,INE712K01011
SHREERAMA,Shree Rama Multi-Tech Limited,India,NSE,INR,Common Stock,INE879A01019
SHREMINVIT-IV,SHREMINVIT-IV,India,NSE,INR,Common Stock,
SHRENIK,Shrenik Limited,India,NSE,INR,Common Stock,INE632X01030
SHREYANIND,Shreyans Industries Limited,India,NSE,INR,Common Stock,INE231C01019
SHRINGARMS,Shringar House of Mangalsutra Limited,India,NSE,INR,Common Stock,
SHRIPISTON,Shriram Pistons & Rings Limited,India,NSE,INR,Common Stock,INE526E01018
SHRIRAMFIN,Shriram Finance Limited,India,NSE,INR,Common Stock,INE721A01013
SHRIRAMPPS,Shriram Properties Limited,India,NSE,INR,Common Stock,INE217L01019
SHUBHLAXMI-SM,SHUBHLAXMI-SM,India,NSE,INR,Common Stock,
SHYAMCENT,Shyam Century Ferrous Limited,India,NSE,INR,Common Stock,INE979R01011
SHYAMMETL,Shyam Metalics and Energy Limited,India,NSE,INR,Common Stock,INE810G01011
SHYAMTEL,Shyam Telecom Limited,India,NSE,INR,Common Stock,INE635A01023
SICALLOG,Sical Logistics Limited,India,NSE,INR,Common Stock,INE075B01020
SIDDHIKA-SM,SIDDHIKA COATINGS LIMITED,India,NSE,INR,Common Stock,
SIEMENS,Siemens Limited,India,NSE,INR,Common Stock,INE003A01024
SIGACHI,Sigachi Industries Limited,India,NSE,INR,Common Stock,INE0D0K01014
SIGIND,Signet Industries Limited,India,NSE,INR,Common Stock,INE529F01035
SIGMA,Sigma Solve Limited,India,NSE,INR,Common Stock,
SIGNATURE,SIGNATUREGLOBAL (INDIA) LIMITED,India,NSE,INR,Common Stock,INE903U01023
SIGNPOST,Signpost India Limited,India,NSE,INR,Common Stock,INE0KGZ01021
SIKKO,Sikko Industries Limited,India,NSE,INR,Common Stock,INE112X01017
SIL,Standard Industries Limited,India,NSE,INR,Common Stock,INE173A01025
SILGO,Silgo Retail Limited,India,NSE,INR,Common Stock,INE01II01013
SILINV,SIL Investments Limited,India,NSE,INR,Common Stock,INE923A01015
SILLYMONKS,Silly Monks Entertainment Limited,India,NSE,INR,Common Stock,INE203Y01012
SILVERADD,SILVERADD,India,NSE,INR,Common Stock,
SILVERTUC,Silver Touch Technologies Limited,India,NSE,INR,Common Stock,INE625X01018
SIMBHALS,Simbhaoli Sugars Limited,India,NSE,INR,Common Stock,INE748T01016
SIMPLEXINF,Simplex Infrastructures Limited,India,NSE,INR,Common Stock,INE059B01024
SINCLAIR,SINCLAIRS HOTELS ORD (BSE),India,NSE,INR,Common Stock,INE985A01022
SINDHUTRAD,Sindhu Trade Links Limited,India,NSE,INR,Common Stock,
SINTERCOM,Sintercom India Limited,India,NSE,INR,Common Stock,INE129Z01016
SIRCA,Sirca Paints India Limited,India,NSE,INR,Common Stock,INE792Z01011
SIS,SIS LIMITED,India,NSE,INR,Common Stock,INE285J01028
SITINET,Siti Networks Limited,India,NSE,INR,Common Stock,INE965H01011
SIYSIL,Siyaram Silk Mills Limited,India,NSE,INR,Common Stock,INE076B01028
SJS,S.J.S. Enterprises Limited,India,NSE,INR,Common Stock,INE284S01014
SJVN,SJVN Limited,India,NSE,INR,Common Stock,INE002L01015
SKFINDIA,SKF India Limited,India,NSE,INR,Common Stock,INE640A01023
SKIL,SKIL Infrastructure Limited,India,NSE,INR,Common Stock,INE429F01012
SKIPPER,Skipper Limited,India,NSE,INR,Common Stock,INE439E01022
SKMEGGPROD,SKM Egg Products Export (India) Limited,India,NSE,INR,Common Stock,INE411D01015
SKYGOLD,Sky Gold Limited,India,NSE,INR,Common Stock,INE01IU01018
SMARTLINK,Smartlink Holdings Limited,India,NSE,INR,Common Stock,INE178C01020
SMARTWORKS,SMARTWORKS,India,NSE,INR,Common Stock,
SMCGLOBAL,SMC Global Securities Limited,India,NSE,INR,Common Stock,INE103C01036
SMLISUZU,SML Isuzu Limited,India,NSE,INR,Common Stock,INE294B01019
SMLMAH,SML Mahindra Ltd.,India,NSE,INR,Common Stock,
SMLT,Sarthak Metals Limited,India,NSE,INR,Common Stock,INE017W01010
SMSLIFE,SMS Lifesciences India Limited,India,NSE,INR,Common Stock,INE320X01016
SMSPHARMA,SMS Pharmaceuticals Limited,India,NSE,INR,Common Stock,INE812G01025
SMVD-SM,SMVD-SM,India,NSE,INR,Common Stock,
SNOWMAN,Snowman Logistics Limited,India,NSE,INR,Common Stock,INE734N01019
SOBHA,Sobha Limited,India,NSE,INR,Common Stock,INE671H01015
SOFTTECH,Softtech Engineers Limited,India,NSE,INR,Common Stock,INE728Z01015
SOLARA,Solara Active Pharma Sciences Limited,India,NSE,INR,Common Stock,INE624Z01016
SOLARAPP1-E1,SOLARAPP1-E1,India,NSE,INR,Common Stock,
SOLARINDS,Solar Industries India Limited,India,NSE,INR,Common Stock,INE343H01029
SOLARWORLD,SOLARWORLD ENERGY SOL LTD,India,NSE,INR,Common Stock,
SOMANYCERA,Somany Ceramics Limited,India,NSE,INR,Common Stock,INE355A01028
SOMATEX,Soma Textiles & Industries Limited,India,NSE,INR,Common Stock,INE314C01013
SOMICONVEY,Somi Conveyor Beltings Limited,India,NSE,INR,Common Stock,INE323J01019
SONACOMS,Sona BLW Precision Forgings Limited,India,NSE,INR,Common Stock,INE073K01018
SONAMLTD,Sonam Limited,India,NSE,INR,Common Stock,
SONATSOFTW,Sonata Software Limited,India,NSE,INR,Common Stock,INE269A01021
SOTL,Savita Oil Technologies Limited,India,NSE,INR,Common Stock,INE035D01020
SOUTHBANK,The South Indian Bank Limited,India,NSE,INR,Common Stock,INE683A01023
SOUTHWEST,South West Pinnacle Exploration Limited,India,NSE,INR,Common Stock,INE980Y01015
SPAL,S. P. Apparels Limited,India,NSE,INR,Common Stock,INE212I01016
SPANDANA,Spandana Sphoorty Financial Limited,India,NSE,INR,Common Stock,INE572J01011
SPARC,Sun Pharma Advanced Research Company Limited,India,NSE,INR,Common Stock,INE232I01014
SPCENET,Spacenet Enterprises India Limited,India,NSE,INR,Common Stock,INE970N01027
SPECIALITY,Speciality Restaurants Limited,India,NSE,INR,Common Stock,INE247M01014
SPECTRUM,SPECTRUM,India,NSE,INR,Common Stock,
SPENCERS,Spencer's Retail Limited,India,NSE,INR,Common Stock,INE020801028
SPIC,Southern Petrochemicals Industries Corporation  Limited,India,NSE,INR,Common Stock,INE147A01011
SPLIL,SPL Industries Limited,India,NSE,INR,Common Stock,INE978G01016
SPLPETRO,Supreme Petrochem Limited,India,NSE,INR,Common Stock,INE663A01033
SPMLINFRA,SPML Infra Limited,India,NSE,INR,Common Stock,INE937A01023
SPORTKING,Sportking India Limited,India,NSE,INR,Common Stock,INE885H01011
SPRL-SM,SP Refractories,India,NSE,INR,Common Stock,
SRD,Shankar Lal Rampal Dye-Chem Limited,India,NSE,INR,Common Stock,
SREEL,Sreeleathers Limited,India,NSE,INR,Common Stock,INE099F01013
SRF,SRF Limited,India,NSE,INR,Common Stock,INE647A01010
SRGHFL,SRG HOUSING FINANCE ORD (BSE),India,NSE,INR,Common Stock,INE559N01010
SRHHYPOLTD,Sree Rayalaseema Hi-Strength Hypo Limited,India,NSE,INR,Common Stock,INE917H01012
SRM,SRM CONTRACTORS ORD (BSE),India,NSE,INR,Common Stock,INE0R6Z01013
SRPL,Shree Ram Proteins Limited,India,NSE,INR,Common Stock,INE008Z01012
SSDL,SSDL,India,NSE,INR,Common Stock,
SSWL,Steel Strips Wheels Limited,India,NSE,INR,Common Stock,INE802C01033
STALLION,STALLION,India,NSE,INR,Common Stock,
STANLEY,STANLEY,India,NSE,INR,Common Stock,
STAR,Strides Pharma Science Limited,India,NSE,INR,Common Stock,INE939A01011
STARCEMENT,Star Cement Limited,India,NSE,INR,Common Stock,INE460H01021
STARHEALTH,Star Health and Allied Insurance Company Limited,India,NSE,INR,Common Stock,INE575P01011
STARPAPER,Star Paper Mills Limited,India,NSE,INR,Common Stock,INE733A01018
STARTECK,Starteck Finance Limited,India,NSE,INR,Common Stock,INE992I01013
STCINDIA,The State Trading Corporation of India Limited,India,NSE,INR,Common Stock,INE655A01013
STEELCAS,Steelcast Limited,India,NSE,INR,Common Stock,INE124E01020
STEELCITY,Steel City Securities Limited,India,NSE,INR,Common Stock,INE395H01011
STEELXIND,STEEL EXCHANGE INDIA LIMITED,India,NSE,INR,Common Stock,INE503B01021
STEL,Stel Holdings Limited,India,NSE,INR,Common Stock,INE577L01016
STERTOOLS,Sterling Tools Limited,India,NSE,INR,Common Stock,INE334A01023
STLTECH,Sterlite Technologies Limited,India,NSE,INR,Common Stock,INE089C01029
STOVEKRAFT,Stove Kraft Limited,India,NSE,INR,Common Stock,INE00IN01015
STYL,SESHAASAI TECHNOLOGIES L,India,NSE,INR,Common Stock,
STYLAMIND,Stylam Industries Limited,India,NSE,INR,Common Stock,INE239C01020
STYLEBAAZA,Baazar Style Retail Limited,India,NSE,INR,Common Stock,INE01FR01028
STYRENIX,Styrenix Performance Materials Limited,India,NSE,INR,Common Stock,INE189B01011
SUBEXLTD,Subex Limited,India,NSE,INR,Common Stock,INE754A01055
SUBROS,Subros Limited,India,NSE,INR,Common Stock,INE287B01021
SUDARSCHEM,Sudarshan Chemical Industries Limited,India,NSE,INR,Common Stock,INE659A01023
SUKHJITS,Sukhjit Starch & Chemicals Limited,India,NSE,INR,Common Stock,INE450E01011
SULA,Sula Vineyards Limited,India,NSE,INR,Common Stock,INE142Q01026
SUMICHEM,Sumitomo Chemical India Limited,India,NSE,INR,Common Stock,INE258G01013
SUMIT,Sumit Woods Limited,India,NSE,INR,Common Stock,INE748Z01013
SUMMITSEC,Summit Securities Limited,India,NSE,INR,Common Stock,INE519C01017
SUNCLAY,SUNDARAM CLAYTON LTD,India,NSE,INR,Common Stock,INE0Q3R01026
SUNDARAM,Sundaram Multi Pap Limited,India,NSE,INR,Common Stock,INE108E01023
SUNDARMFIN,Sundaram Finance Limited,India,NSE,INR,Common Stock,INE660A01013
SUNDARMHLD,Sundaram Finance Holdings Limited,India,NSE,INR,Common Stock,INE202Z01029
SUNDRMBRAK,Sundaram Brake Linings Limited,India,NSE,INR,Common Stock,INE073D01013
SUNDRMFAST,Sundram Fasteners Limited,India,NSE,INR,Common Stock,INE387A01021
SUNDROP,Sundrop Brands Limited,India,NSE,INR,Common Stock,
SUNFLAG,Sunflag Iron And Steel Company Limited,India,NSE,INR,Common Stock,INE947A01014
SUNPHARMA,Sun Pharmaceutical Industries Limited,India,NSE,INR,Common Stock,INE044A01036
SUNTECK,Sunteck Realty Limited,India,NSE,INR,Common Stock,INE805D01034
SUNTV,Sun TV Network Limited,India,NSE,INR,Common Stock,INE424H01027
SUPERHOUSE,Superhouse Limited,India,NSE,INR,Common Stock,INE712B01010
SUPERSPIN,Super Spinning Mills Limited,India,NSE,INR,Common Stock,INE662A01027
SUPRAJIT,Suprajit Engineering Limited,India,NSE,INR,Common Stock,INE399C01030
SUPREME,Supreme Holdings & Hospitality (India) Limited,India,NSE,INR,Common Stock,
SUPREMEENG,Supreme Engineering Limited,India,NSE,INR,Common Stock,INE319Z01021
SUPREMEIND,Supreme Industries Limited,India,NSE,INR,Common Stock,INE195A01028
SUPREMEINF,Supreme Infrastructure India Limited,India,NSE,INR,Common Stock,INE550H01011
SUPRIYA,Supriya Lifescience Limited,India,NSE,INR,Common Stock,INE07RO01027
SURAJEST,Suraj Estate Developers Ltd.,India,NSE,INR,Common Stock,INE843S01025
SURAJLTD,Suraj Limited,India,NSE,INR,Common Stock,
SURAKSHA,SURAKSHA,India,NSE,INR,Common Stock,
SURANASOL,Surana Solar Limited,India,NSE,INR,Common Stock,INE272L01022
SURANAT&P,Surana Telecom and Power Limited,India,NSE,INR,Common Stock,INE130B01031
SURYALAXMI,Suryalakshmi Cotton Mills Limited,India,NSE,INR,Common Stock,INE713B01026
SURYAROSNI,Surya Roshni Limited,India,NSE,INR,Common Stock,INE335A01012
SURYODAY,Suryoday Small Finance Bank Limited,India,NSE,INR,Common Stock,INE428Q01011
SUTLEJTEX,Sutlej Textiles and Industries Limited,India,NSE,INR,Common Stock,INE645H01027
SUVEN,Suven Life Sciences Limited,India,NSE,INR,Common Stock,INE495B01020
SUVIDHAA,Suvidhaa Infoserve Limited,India,NSE,INR,Common Stock,INE018401013
SUYOG,Suyog Telematics Limited,India,NSE,INR,Common Stock,
SUZLON,Suzlon Energy Limited,India,NSE,INR,Common Stock,INE040H01021
SVLL,Shree Vasu Logistics Limited,India,NSE,INR,Common Stock,
SVPGLOB,SVP GLOBAL TEXTILES LIMITED,India,NSE,INR,Common Stock,INE308E01029
SWANDEF,SWANDEF,India,NSE,INR,Common Stock,
SWANENERGY,Swan Energy Limited,India,NSE,INR,Common Stock,INE665A01038
SWARAJENG,Swaraj Engines Limited,India,NSE,INR,Common Stock,INE277A01016
SWELECTES,Swelect Energy Systems Limited,India,NSE,INR,Common Stock,INE409B01013
SWIGGY,SWIGGY LIMITED,India,NSE,INR,Common Stock,INE00H001014
SWSOLAR,Sterling and Wilson Renewable Energy Limited,India,NSE,INR,Common Stock,INE00M201021
SYMPHONY,Symphony Limited,India,NSE,INR,Common Stock,INE225D01027
SYNCOMF,Syncom Formulations (India) Limited,India,NSE,INR,Common Stock,INE312C01025
SYNGENE,Syngene International Limited,India,NSE,INR,Common Stock,INE398R01022
SYRMA,Syrma SGS Technology Limited,India,NSE,INR,Common Stock,INE0DYJ01015
SYSTMTXC,Systematix Corporate Services Limited,India,NSE,INR,Common Stock,
TAINWALCHM,Tainwala Chemical and Plastic (I) Limited,India,NSE,INR,Common Stock,INE123C01018
TAJGVK,Taj GVK Hotels & Resorts Limited,India,NSE,INR,Common Stock,INE586B01026
TAKE,Take Solutions Limited,India,NSE,INR,Common Stock,INE142I01023
TALBROAUTO,Talbros Automotive Components Limited,India,NSE,INR,Common Stock,INE187D01011
TANLA,Tanla Platforms Limited,India,NSE,INR,Common Stock,INE483C01032
TAPIFRUIT-SM,TAPIFRUIT-SM,India,NSE,INR,Common Stock,
TARACHAND,Tara Chand Infralogistic Solutions Limited,India,NSE,INR,Common Stock,
TARAPUR,Tarapur Transformers Limited,India,NSE,INR,Common Stock,INE747K01017
TARC,TARC Limited,India,NSE,INR,Common Stock,INE0EK901012
TARIL,TRANSFORMERS AND RECTIFIERS INDIA,India,NSE,INR,Common Stock,INE763I01026
TARMAT,Tarmat Limited,India,NSE,INR,Common Stock,INE924H01018
TARSONS,Tarsons Products Limited,India,NSE,INR,Common Stock,INE144Z01023
TASTYBITE,Tasty Bite Eatables Limited,India,NSE,INR,Common Stock,INE488B01017
TATACAP,Tata Capital Ltd,India,NSE,INR,Common Stock,
TATACHEM,Tata Chemicals Limited,India,NSE,INR,Common Stock,INE092A01019
TATACOMM,Tata Communications Limited,India,NSE,INR,Common Stock,INE151A01013
TATACONSUM,TATA CONSUMER PRODUCTS LIMITED,India,NSE,INR,Common Stock,INE192A01025
TATAELXSI,Tata Elxsi Limited,India,NSE,INR,Common Stock,INE670A01012
TATAINVEST,Tata Investment Corporation Limited,India,NSE,INR,Common Stock,INE672A01018
TATAMOTORS,Tata Motors Limited,India,NSE,INR,Common Stock,INE155A01022
TATAPOWER,Tata Power Company Limited,India,NSE,INR,Common Stock,INE245A01021
TATASTEEL,Tata Steel Limited,India,NSE,INR,Common Stock,INE081A01020
TATATECH,Tata Technologies Limited,India,NSE,INR,Common Stock,
TATVA,Tatva Chintan Pharma Chem Limited,India,NSE,INR,Common Stock,INE0GK401011
TBOTEK,TBO Tek Ltd,India,NSE,INR,Common Stock,INE673O01025
TBZ,Tribhovandas Bhimji Zaveri Limited,India,NSE,INR,Common Stock,INE760L01018
TCI,Transport Corporation of India Limited,India,NSE,INR,Common Stock,INE688A01022
TCIEXP,TCI Express Limited,India,NSE,INR,Common Stock,INE586V01016
TCIFINANCE,TCI Finance Limited,India,NSE,INR,Common Stock,INE911B01018
TCPLPACK,TCPL Packaging Limited,India,NSE,INR,Common Stock,INE822C01015
TCS,Tata Consultancy Services Limited,India,NSE,INR,Common Stock,INE467B01029
TDPOWERSYS,TD Power Systems Limited,India,NSE,INR,Common Stock,INE419M01027
TEAMGTY,Team India Guaranty Limited,India,NSE,INR,Common Stock,
TEAMLEASE,Teamlease Services Limited,India,NSE,INR,Common Stock,INE985S01024
TECHIN,Techindia Nirman Limited,India,NSE,INR,Common Stock,INE778A01021
TECHM,Tech Mahindra Limited,India,NSE,INR,Common Stock,INE669C01036
TECHNOE,Techno Electric & Engineering Company Limited,India,NSE,INR,Common Stock,INE285K01026
TECILCHEM,TECIL Chemicals and Hydro Power Limited,India,NSE,INR,Common Stock,INE014B01011
TEGA,Tega Industries Limited,India,NSE,INR,Common Stock,INE011K01018
TEJASNET,Tejas Networks Limited,India,NSE,INR,Common Stock,INE010J01012
TEMBO,Tembo Global Industries Limited,India,NSE,INR,Common Stock,INE869Y01010
TERASOFT,Tera Software Limited,India,NSE,INR,Common Stock,INE482B01010
TEXINFRA,Texmaco Infrastructure & Holdings Limited,India,NSE,INR,Common Stock,INE435C01024
TEXMOPIPES,Texmo Pipes and Products Limited,India,NSE,INR,Common Stock,INE141K01013
TEXRAIL,Texmaco Rail & Engineering Limited,India,NSE,INR,Common Stock,INE621L01012
TFCILTD,Tourism Finance Corporation of India Limited,India,NSE,INR,Common Stock,INE305A01015
TFL,Transwarranty Finance Limited,India,NSE,INR,Common Stock,INE804H01012
TGBHOTELS,TGB Banquets And Hotels Limited,India,NSE,INR,Common Stock,INE797H01018
TGL,Teerth Gopicon Ltd,India,NSE,INR,Common Stock,
THANGAMAYL,Thangamayil Jewellery Limited,India,NSE,INR,Common Stock,INE085J01014
THEINVEST,The Investment Trust Of India Limited,India,NSE,INR,Common Stock,INE924D01017
THEJO,Thejo Engineering Limited,India,NSE,INR,Common Stock,INE121N01019
THELEELA,Schloss Bangalore Ltd,India,NSE,INR,Common Stock,
THEMISMED,Themis Medicare Limited,India,NSE,INR,Common Stock,INE083B01016
THERMAX,Thermax Limited,India,NSE,INR,Common Stock,INE152A01029
THOMASCOOK,Thomas Cook  (India)  Limited,India,NSE,INR,Common Stock,INE332A01027
THOMASCOTT,Thomas Scott (India) Limited,India,NSE,INR,Common Stock,INE480M01011
THYROCARE,Thyrocare Technologies Limited,India,NSE,INR,Common Stock,INE594H01019
TI,Tilaknagar Industries Limited,India,NSE,INR,Common Stock,INE133E01013
TICL,Twamev Construction and Infrastructure Limited,India,NSE,INR,Common Stock,
TIIL,Technocraft Industries (India) Limited,India,NSE,INR,Common Stock,INE545H01011
TIINDIA,Tube Investments of India Limited,India,NSE,INR,Common Stock,INE974X01010
TIJARIA,Tijaria Polypipes Limited,India,NSE,INR,Common Stock,INE440L01017
TIL,TIL Limited,India,NSE,INR,Common Stock,INE806C01018
TIMESCAN-SM,TIMESCAN-SM,India,NSE,INR,Common Stock,
TIMETECHNO,Time Technoplast Limited,India,NSE,INR,Common Stock,INE508G01029
TIMKEN,Timken India Limited,India,NSE,INR,Common Stock,INE325A01013
TINNARUBR,Tinna Rubber and Infrastructure Limited,India,NSE,INR,Common Stock,
TIPSFILMS,Tips Films Limited,India,NSE,INR,Common Stock,INE0LQS01015
TIPSMUSIC,Tips Music Limited,India,NSE,INR,Common Stock,INE716B01029
TIRUMALCHM,Thirumalai Chemicals Limited,India,NSE,INR,Common Stock,INE338A01024
TIRUPATIFL,Tirupati Forge Limited,India,NSE,INR,Common Stock,INE319Y01024
TITAGARH,Titagarh Rail Systems Limited,India,NSE,INR,Common Stock,INE615H01020
TITAN,Titan Company Limited,India,NSE,INR,Common Stock,INE280A01028
TMB,Tamilnad Mercantile Bank Limited,India,NSE,INR,Common Stock,INE668A01016
TMCV,TATA MOTORS LTD,India,NSE,INR,Common Stock,
TMPV,Tata Motors Passenger Vehicles Limited,India,NSE,INR,Common Stock,
TNPETRO,Tamilnadu PetroProducts Limited,India,NSE,INR,Common Stock,INE148A01019
TNPL,Tamil Nadu Newsprint & Papers Limited,India,NSE,INR,Common Stock,INE107A01015
TNTELE,Tamilnadu Telecommunication Limited,India,NSE,INR,Common Stock,INE141D01018
TOKYOPLAST,Tokyo Plast International Limited,India,NSE,INR,Common Stock,INE932C01012
TOLINS,Tolins Tyres Ltd,India,NSE,INR,Common Stock,INE0RWQ01014
TOP10ADD,TOP10ADD,India,NSE,INR,Common Stock,
TORNTPHARM,Torrent Pharmaceuticals Limited,India,NSE,INR,Common Stock,INE685A01028
TORNTPOWER,Torrent Power Limited,India,NSE,INR,Common Stock,INE813H01021
TOTAL,Total Transport Systems Limited,India,NSE,INR,Common Stock,INE336X01012
TOUCHWOOD,Touchwood Entertainment Limited,India,NSE,INR,Common Stock,INE486Y01013
TPHQ,Teamo Productions HQ Limited,India,NSE,INR,Common Stock,INE065J01024
TPLPLASTEH,TPL Plastech Limited,India,NSE,INR,Common Stock,INE413G01022
TRACXN,Tracxn Technologies Limited,India,NSE,INR,Common Stock,INE0HMF01019
TRANSRAILL,TRANSRAILL,India,NSE,INR,Common Stock,
TRANSWIND-SM,TRANSWIND-SM,India,NSE,INR,Common Stock,
TRANSWORLD,Transworld Shipping Lines Limited,India,NSE,INR,Common Stock,INE757B01015
TRAVELFOOD,TRAVEL FOOD SERVICES LIMITED,India,NSE,INR,Common Stock,
TREEHOUSE,Tree House Education & Accessories Limited,India,NSE,INR,Common Stock,INE040M01013
TREJHARA,TREJHARA SOLUTIONS LIMITED,India,NSE,INR,Common Stock,INE00CA01015
TREL,Transindia Real Estate Limited,India,NSE,INR,Common Stock,INE014B01011
TRENT,Trent Limited,India,NSE,INR,Common Stock,INE849A01020
TRF,TRF Limited,India,NSE,INR,Common Stock,INE391D01019
TRIDENT,Trident Limited,India,NSE,INR,Common Stock,INE064C01022
TRIGYN,Trigyn Technologies Limited,India,NSE,INR,Common Stock,INE948A01012
TRITURBINE,Triveni Turbine Limited,India,NSE,INR,Common Stock,INE152M01016
TRIVENI,Triveni Engineering & Industries Limited,India,NSE,INR,Common Stock,INE256C01024
TRU,TruCap Finance Limited,India,NSE,INR,Common Stock,INE615R01029
TRUALT,TRUALT BIOENERGY LIMITED,India,NSE,INR,Common Stock,
TTKHLTCARE,TTK Healthcare Limited,India,NSE,INR,Common Stock,INE910C01018
TTKPRESTIG,TTK Prestige Limited,India,NSE,INR,Common Stock,INE690A01028
TTL,T T Limited,India,NSE,INR,Common Stock,INE592B01016
TTML,Tata Teleservices (Maharashtra) Limited,India,NSE,INR,Common Stock,INE517B01013
TVSELECT,TVS Electronics Limited,India,NSE,INR,Common Stock,INE236G01019
TVSHLTD,TVS Holdings Limited,India,NSE,INR,Common Stock,INE105A01035
TVSMOTOR,TVS Motor Company Limited,India,NSE,INR,Common Stock,INE494B01023
TVSSCS,TVS Supply Chain Solutions Limited,India,NSE,INR,Common Stock,INE395N01027
TVSSRICHAK,TVS Srichakra Limited,India,NSE,INR,Common Stock,INE421C01016
TVTODAY,TV Today Network Limited,India,NSE,INR,Common Stock,INE038F01029
TVVISION,TV Vision Limited,India,NSE,INR,Common Stock,INE871L01013
UBL,United Breweries Limited,India,NSE,INR,Common Stock,INE686F01025
UCAL,UCAL Limited,India,NSE,INR,Common Stock,INE139B01016
UCOBANK,UCO Bank,India,NSE,INR,Common Stock,INE691A01018
UDS,UPDATER SERVICES LIMITED,India,NSE,INR,Common Stock,INE851I01011
UEL,Ujaas Energy Limited,India,NSE,INR,Common Stock,
UFLEX,UFLEX Limited,India,NSE,INR,Common Stock,INE516A01017
UFO,UFO Moviez India Limited,India,NSE,INR,Common Stock,INE527H01019
UGARSUGAR,The Ugar Sugar Works Limited,India,NSE,INR,Common Stock,INE071E01023
UGROCAP,Ugro Capital Limited,India,NSE,INR,Common Stock,INE583D01011
UJJIVANSFB,Ujjivan Small Finance Bank Limited,India,NSE,INR,Common Stock,INE551W01018
ULTRACEMCO,UltraTech Cement Limited,India,NSE,INR,Common Stock,INE481G01011
UMA-SM,UMA-SM,India,NSE,INR,Common Stock,
UMAEXPORTS,Uma Exports Limited,India,NSE,INR,Common Stock,INE0GIU01018
UMESLTD,Usha Martin Education & Solutions Limited,India,NSE,INR,Common Stock,INE240C01028
UMIYA-MRO,Umiya Buildcon Limited,India,NSE,INR,Common Stock,
UNICHEMLAB,Unichem Laboratories Limited,India,NSE,INR,Common Stock,INE351A01035
UNIDT,United Drilling Tools Limited,India,NSE,INR,Common Stock,INE961D01019
UNIECOM,UNICOMMERCE ESOLUTIONS LIMITED,India,NSE,INR,Common Stock,INE00U401027
UNIENTER,Uniphos Enterprises Limited,India,NSE,INR,Common Stock,INE037A01022
UNIINFO,Uniinfo Telecom Services Limited,India,NSE,INR,Common Stock,INE481Z01011
UNILEX,UNILEX,India,NSE,INR,Common Stock,
UNILEX-SM,UNILEX COLOURS AND CHEM L,India,NSE,INR,Common Stock,
UNIMECH,UNIMECH,India,NSE,INR,Common Stock,
UNIONBANK,Union Bank of India,India,NSE,INR,Common Stock,INE692A01016
UNIPARTS,Uniparts India Limited,India,NSE,INR,Common Stock,INE244O01017
UNITDSPR,United Spirits Limited,India,NSE,INR,Common Stock,
UNITECH,Unitech Limited,India,NSE,INR,Common Stock,INE694A01020
UNITEDPOLY,United Polyfab Gujarat Limited,India,NSE,INR,Common Stock,INE368U01011
UNITEDTEA,The United Nilgiri Tea Estates Company Limited,India,NSE,INR,Common Stock,INE458F01011
UNIVAFOODS,Univa Foods Limited,India,NSE,INR,Common Stock,INE275F01019
UNIVASTU,Univastu India Limited,India,NSE,INR,Common Stock,INE562X01013
UNIVCABLES,Universal Cables Limited,India,NSE,INR,Common Stock,INE279A01012
UNIVPHOTO,Universus Photo Imagings Limited,India,NSE,INR,Common Stock,INE03V001013
UNOMINDA,UNO Minda Limited,India,NSE,INR,Common Stock,INE405E01023
UPL,UPL Limited,India,NSE,INR,Common Stock,INE628A01036
URAVIDEF,Uravi Defence and Technology Limited,India,NSE,INR,Common Stock,
URBANCO,Urban Company Limited,India,NSE,INR,Common Stock,
URJA,Urja Global Limited,India,NSE,INR,Common Stock,INE550C01020
USHAMART,Usha Martin Limited,India,NSE,INR,Common Stock,INE228A01035
USK,UDAYSHIVAKUMAR INFRA ORD (BSE),India,NSE,INR,Common Stock,INE0N0Y01013
UTIAMC,UTI Asset Management Company Limited,India,NSE,INR,Common Stock,INE094J01016
UTKARSHBNK,UTKARSH SMALL FINANCE BANK ORD (BSE),India,NSE,INR,Common Stock,INE735W01017
UTTAMSUGAR,Uttam Sugar Mills Limited,India,NSE,INR,Common Stock,INE786F01031
UYFINCORP,U. Y. Fincorp Limited,India,NSE,INR,Common Stock,
V2RETAIL,V2 Retail Limited,India,NSE,INR,Common Stock,INE945H01013
VADILALIND,Vadilal Industries Limited,India,NSE,INR,Common Stock,INE694D01016
VAIBHAVGBL,Vaibhav Global Limited,India,NSE,INR,Common Stock,INE884A01027
VAISHALI,Vaishali Pharma Limited,India,NSE,INR,Common Stock,INE972X01014
VAKRANGEE,Vakrangee Limited,India,NSE,INR,Common Stock,INE051B01021
VALECHAENG,Valecha Engineering Limited,India,NSE,INR,Common Stock,
VALIANTLAB,Valiant Laboratories Limited,India,NSE,INR,Common Stock,
VALIANTORG,Valiant Organics Limited,India,NSE,INR,Common Stock,INE565V01010
VARDHACRLC,Vardhman Acrylics Limited,India,NSE,INR,Common Stock,INE116G01013
VARDMNPOLY,Vardhman Polytex Limited,India,NSE,INR,Common Stock,INE835A01011
VARROC,Varroc Engineering Limited,India,NSE,INR,Common Stock,INE665L01035
VASCONEQ,Vascon Engineers Limited,India,NSE,INR,Common Stock,INE893I01013
VASWANI,Vaswani Industries Limited,India,NSE,INR,Common Stock,INE590L01019
VBL,Varun Beverages Limited,India,NSE,INR,Common Stock,INE200M01039
VCL,Vaxtex Cotfab Limited,India,NSE,INR,Common Stock,INE098201036
VEDL,Vedanta Limited,India,NSE,INR,Common Stock,INE205A01025
VEEDOL,Veedol Corporation Limited,India,NSE,INR,Common Stock,INE484C01030
VEEKAYEM-SM,VEEKAYEM-SM,India,NSE,INR,Common Stock,
VENKEYS,Venky's (India) Limited,India,NSE,INR,Common Stock,INE398A01010
VENTIVE,Ventive Hospitality Ltd,India,NSE,INR,Common Stock,INE781S01027
VENUSPIPES,Venus Pipes & Tubes Limited,India,NSE,INR,Common Stock,INE0JA001018
VENUSREM,Venus Remedies Limited,India,NSE,INR,Common Stock,INE411B01019
VERANDA,Veranda Learning Solutions Limited,India,NSE,INR,Common Stock,INE0IQ001011
VERTOZ,Vertoz Advertising Limited,India,NSE,INR,Common Stock,INE188Y01015
VESUVIUS,Vesuvius India Limited,India,NSE,INR,Common Stock,INE386A01015
VETO,Veto Switchgears And Cables Limited,India,NSE,INR,Common Stock,INE918N01018
VGUARD,V-Guard Industries Limited,India,NSE,INR,Common Stock,INE951I01027
VHL,Vardhman Holdings Limited,India,NSE,INR,Common Stock,INE701A01023
VHLTD,Viceroy Hotels Limited,India,NSE,INR,Common Stock,INE048C01017
VIDHIING,Vidhi Specialty Food Ingredients Limited,India,NSE,INR,Common Stock,INE632C01026
VIJAYA,Vijaya Diagnostic Centre Limited,India,NSE,INR,Common Stock,INE043W01024
VIJIFIN,Viji Finance Limited,India,NSE,INR,Common Stock,INE159N01027
VIKASECO,Vikas EcoTech Limited,India,NSE,INR,Common Stock,INE806A01020
VIKASLIFE,Vikas Lifecare Limited,India,NSE,INR,Common Stock,INE161L01027
VIKRAMSOLR,VIKRAM SOLAR LIMITED,India,NSE,INR,Common Stock,
VIKRAN,VIKRAN ENGINEERING LTD,India,NSE,INR,Common Stock,
VIMTALABS,Vimta Labs Limited,India,NSE,INR,Common Stock,INE579C01029
VINATIORGA,Vinati Organics Limited,India,NSE,INR,Common Stock,INE410B01037
VINCOFE,Vintage Coffee and Beverages Limited,India,NSE,INR,Common Stock,
VINDHYATEL,Vindhya Telelinks Limited,India,NSE,INR,Common Stock,INE707A01012
VINEETLAB,Vineet Laboratories Limited,India,NSE,INR,Common Stock,INE505Y01010
VINNY,Vinny Overseas Limited,India,NSE,INR,Common Stock,INE01KI01027
VINYLINDIA,Vinyl Chemicals (India) Limited,India,NSE,INR,Common Stock,INE250B01029
VIPCLOTHNG,VIP Clothing Limited,India,NSE,INR,Common Stock,INE450G01024
VIPIND,VIP Industries Limited,India,NSE,INR,Common Stock,INE054A01027
VIPULLTD,Vipul Limited,India,NSE,INR,Common Stock,INE946H01037
VIRINCHI,VIRINCHI ORD (BSE),India,NSE,INR,Common Stock,INE539B01017
VISAKAIND,Visaka Industries Limited,India,NSE,INR,Common Stock,INE392A01013
VISASTEEL,Visa Steel Limited,India,NSE,INR,Common Stock,INE286H01012
VISESHINFO,Visesh Infotecnics Limited,India,NSE,INR,Common Stock,INE861A01058
VISHNU,Vishnu Chemicals Limited,India,NSE,INR,Common Stock,INE270I01022
VISHWARAJ,Vishwaraj Sugar Industries Limited,India,NSE,INR,Common Stock,INE430N01022
VIVIDHA,Visagar Polytex Limited,India,NSE,INR,Common Stock,INE370E01029
VLEGOV,VL E-Governance & IT Solutions Limited,India,NSE,INR,Common Stock,INE03HW01020
VLSFINANCE,VLS Finance Limited,India,NSE,INR,Common Stock,INE709A01018
VMART,V-Mart Retail Limited,India,NSE,INR,Common Stock,INE665J01013
VMM,Vishal Mega Mart Ord Shs,India,NSE,INR,Common Stock,INE01EA01019
VOLTAMP,Voltamp Transformers Limited,India,NSE,INR,Common Stock,INE540H01012
VOLTAS,Voltas Limited,India,NSE,INR,Common Stock,INE226A01021
VPRPL,Vishnu Prakash R Punglia Limited,India,NSE,INR,Common Stock,INE0AE001013
VRAJ,Vraj Iron and Steel Ltd,India,NSE,INR,Common Stock,INE0S2V01010
VRLLOG,VRL Logistics Limited,India,NSE,INR,Common Stock,INE366I01010
VSSL,Vardhman Special Steels Limited,India,NSE,INR,Common Stock,INE050M01012
VSTIND,VST Industries Limited,India,NSE,INR,Common Stock,INE710A01016
VSTL,Vibhor Steel Tubes Limited,India,NSE,INR,Common Stock,INE0QTF01015
VSTTILLERS,V.S.T Tillers Tractors Limited,India,NSE,INR,Common Stock,INE764D01017
VTL,Vardhman Textiles Limited,India,NSE,INR,Common Stock,INE825A01020
WAAREEENER,Waaree Energies Limited,India,NSE,INR,Common Stock,INE377N01017
WAAREERTL,WAAREE RENEWABLE TECHNOLOGIES LTD,India,NSE,INR,Common Stock,
WABAG,VA Tech Wabag Limited,India,NSE,INR,Common Stock,INE956G01038
WALCHANNAG,Walchandnagar Industries Limited,India,NSE,INR,Common Stock,INE711A01022
WANBURY,Wanbury Limited,India,NSE,INR,Common Stock,INE107F01022
WCIL,Western Carriers India Ltd,India,NSE,INR,Common Stock,INE0CJF01024
WEALTH,Wealth First Portfolio Managers Limited,India,NSE,INR,Common Stock,INE658T01017
WEBELSOLAR,Websol Energy System Limited,India,NSE,INR,Common Stock,INE855C01015
WEIZMANIND,Weizmann Limited,India,NSE,INR,Common Stock,INE080A01014
WEL,Wonder Electricals Limited,India,NSE,INR,Common Stock,INE02WG01016
WELCORP,Welspun Corp Limited,India,NSE,INR,Common Stock,INE191B01025
WELENT,Welspun Enterprises Limited,India,NSE,INR,Common Stock,INE625G01013
WELINV,Welspun Investments and Commercials Limited,India,NSE,INR,Common Stock,INE389K01018
WELSPUNLIV,Welspun Living Limited,India,NSE,INR,Common Stock,INE192B01031
WENDT,Wendt (India) Limited,India,NSE,INR,Common Stock,INE274C01019
WESTLIFE,WESTLIFE FOODWORLD LIMITED,India,NSE,INR,Common Stock,INE274F01020
WEWIN,WE WIN LIMITED,India,NSE,INR,Common Stock,INE082W01014
WEWORK,WEWORK INDIA MANAGEMENT L,India,NSE,INR,Common Stock,
WHEELS,Wheels India Limited,India,NSE,INR,Common Stock,INE715A01015
WHIRLPOOL,Whirlpool of India Limited,India,NSE,INR,Common Stock,INE716A01013
WILLAMAGOR,Williamson Magor & Company Limited,India,NSE,INR,Common Stock,INE210A01017
WINDLAS,Windlas Biotech Limited,India,NSE,INR,Common Stock,INE0H5O01029
WINDMACHIN,Windsor Machines Limited,India,NSE,INR,Common Stock,INE052A01021
WINSOME,Winsome Yarns Limited,India,NSE,INR,Common Stock,INE784B01035
WIPL,The Western India Plywoods Limited,India,NSE,INR,Common Stock,INE215F01023
WIPRO,Wipro Limited,India,NSE,INR,Common Stock,INE075A01022
WOCKPHARMA,Wockhardt Limited,India,NSE,INR,Common Stock,INE049B01025
WONDERLA,Wonderla Holidays Limited,India,NSE,INR,Common Stock,INE066O01014
WORTH,Worth Peripherals Limited,India,NSE,INR,Common Stock,INE196Y01018
WSI,W S Industries (I) Limited,India,NSE,INR,Common Stock,INE100D01014
WSTCSTPAPR,West Coast Paper Mills Limited,India,NSE,INR,Common Stock,INE976A01021
XCHANGING,Xchanging Solutions Limited,India,NSE,INR,Common Stock,INE692G01013
XELPMOC,Xelpmoc Design And Tech Limited,India,NSE,INR,Common Stock,INE01P501012
XPROINDIA,Xpro India Limited,India,NSE,INR,Common Stock,INE445C01015
XTGLOBAL,XTGlobal Infotech Limited,India,NSE,INR,Common Stock,
YAARI,Yaari Digital Integrated Services Limited,India,NSE,INR,Common Stock,INE126M01010
YASHO,YASHO INDUSTRIES ORD (BSE),India,NSE,INR,Common Stock,INE616Z01012
YATHARTH,Yatharth Hospital & Trauma Care Services Limited,India,NSE,INR,Common Stock,INE0JO301016
YATRA,Yatra Online Limited,India,NSE,INR,Common Stock,INE0JR601024
YESBANK,Yes Bank Limited,India,NSE,INR,Common Stock,INE528G01035
YUKEN,Yuken India Limited,India,NSE,INR,Common Stock,INE384C01016
ZAGGLE,Zaggle Prepaid Ocean Services Limited,India,NSE,INR,Common Stock,INE07K301024
ZEEL,Zee Entertainment Enterprises Limited,India,NSE,INR,Common Stock,INE256A01028
ZEELEARN,Zee Learn Limited,India,NSE,INR,Common Stock,INE565L01011
ZEEMEDIA,Zee Media Corporation Limited,India,NSE,INR,Common Stock,INE966H01019
ZENITHEXPO,Zenith Exports Limited,India,NSE,INR,Common Stock,INE058B01018
ZENITHSTL,Zenith Steel Pipes & Industries Limited,India,NSE,INR,Common Stock,INE318D01020
ZENSARTECH,Zensar Technologies Limited,India,NSE,INR,Common Stock,INE520A01027
ZENTEC,Zen Technologies Limited,India,NSE,INR,Common Stock,INE251B01027
ZFCVINDIA,ZF Commercial Vehicle Control Systems India Limited,India,NSE,INR,Common Stock,INE342J01019
ZIMLAB,Zim Laboratories Limited,India,NSE,INR,Common Stock,INE518E01015
ZODIAC,Zodiac Energy Limited,India,NSE,INR,Common Stock,INE761Y01019
ZODIACLOTH,Zodiac Clothing Company Limited,India,NSE,INR,Common Stock,INE206B01013
ZOTA,Zota Health Care LImited,India,NSE,INR,Common Stock,INE358U01012
ZUARI,Zuari Agro Chemicals Limited,India,NSE,INR,Common Stock,INE840M01016
ZUARIIND,ZUARI INDUSTRIES LIMITED,India,NSE,INR,Common Stock,INE217A01012
ZYDUSLIFE,Zydus Lifesciences Limited,India,NSE,INR,Common Stock,INE010B01027
ZYDUSWELL,Zydus Wellness Limited,India,NSE,INR,Common Stock,INE768C01010
